=================================================================
PR #36 Static Path Audit Log
Timestamp: 2026-07-27T05:45:22Z
Root Path: /home/fekerr/src/irislime-pr-36
=================================================================

--- 1. Search: irislime ---
./tools/mtfdash_node_manager.py:6:Lineage:     irislime / fekerr-dev Architecture
./tools/llamacpp_mtfdash_bridge.py:8:Lineage:     irislime / fekerr-dev Integration
./tools/run_demo_20260620-batch.sh:52:  export LD_LIBRARY_PATH="$HOME/src/irislime/dummy_libs:$LD_LIBRARY_PATH"
./tools/run_demo_20260620-batch.sh:58:  export LD_LIBRARY_PATH="$HOME/src/irislime/dummy_libs:$LD_LIBRARY_PATH"
./tools/run_demo_20260620-batch_new.sh:27:  export LD_LIBRARY_PATH="$HOME/src/irislime/dummy_libs:$LD_LIBRARY_PATH"
./tools/run_demo_20260620-batch_new.sh:33:  export LD_LIBRARY_PATH="$HOME/src/irislime/dummy_libs:$LD_LIBRARY_PATH"
./tools/verify_archive_status.py:37:    win_receipt = Path("/mnt/c/Users/feker/src/irislime/tools/windows_rclone_receipt.json")
./tools/build_runner.py:24:HEARTBEAT_FILE = Path(".irislime_heartbeat").resolve()
./tools/archive_logs_rclone.py:28:DEFAULT_RCLONE_BIN = "/home/fekerr/src/irislime/tools/bin/rclone"
./tools/archive_logs_rclone.py:126:    win_host_path = Path("/mnt/c/Users/feker/src/irislime")
./tools/token_throttle_guard.py:6:# LINEAGE:     fekerr-dev / irislime Infrastructure
./tools/wsl_rclone_bridge.py:7:Lineage:     irislime / fekerr-dev Integration
./tools/provision.sh:209:alias br='uv run /home/fekerr/src/irislime/tools/build_runner.py'
./tools/provision.sh:210:alias tr='uv run /home/fekerr/src/irislime/tools/test_runner.py'
./tools/provision.sh:211:alias btr='uv run /home/fekerr/src/irislime/tools/bbptests_runner.py --profile vulkan_debug'
./tools/archive_win11_executables.py:5:# TARGET:      Google Drive transfer storage (gdrive:transfer/irislime-win11-executables).
./tools/archive_win11_executables.py:6:# LINEAGE:     fekerr-dev / irislime Archival Automation
./tools/archive_win11_executables.py:16:DEFAULT_REMOTE_TARGET = "gdrive:transfer/irislime-win11-executables/260718_bulk"
./tools/archive_win11_executables.py:47:        help="Remote target path (default: gdrive:transfer/irislime-win11-executables/260718_bulk)"
./tools/bazel_gated_build.sh:37:bazel --output_base="/home/fekerr/.cache/bazel_irislime" \
./tools/bazel_gated_build.sh:57:BIN_DIR="$(bazel --output_base="/home/fekerr/.cache/bazel_irislime" info bazel-bin --compilation_mode="${BAZEL_MODE}")"
./tools/run_demo_20260620.sh:18:  export LD_LIBRARY_PATH="$HOME/src/irislime/dummy_libs:$LD_LIBRARY_PATH"
./tools/host/README.md:6:To guarantee light, high-velocity repository states, `irislime` enforces a strict isolation boundary between **rebuildable local runtimes** and **essential diagnostic telemetry**:
./tools/discover_and_rclone_models.py:7:# LINEAGE:     fekerr-dev / irislime Archival Framework
./tools/discover_and_rclone_models.py:65:    lines.append("LINEAGE:     fekerr-dev / irislime Archival Framework")
./tools/windows_rclone_sync.bat:22:    if exist "\\wsl.localhost\ubu26_0715\home\fekerr\src\irislime\%ZIP_FILE%" (
./tools/windows_rclone_sync.bat:24:        copy "\\wsl.localhost\ubu26_0715\home\fekerr\src\irislime\%ZIP_FILE%" "%ZIP_FILE%" >nul
./tools/windows_rclone_sync.bat:25:    ) else if exist "\\wsl$\ubu26_0715\home\fekerr\src\irislime\%ZIP_FILE%" (
./tools/windows_rclone_sync.bat:27:        copy "\\wsl$\ubu26_0715\home\fekerr\src\irislime\%ZIP_FILE%" "%ZIP_FILE%" >nul
./tools/ascii2md.py:6:# LINEAGE:     fekerr-dev / irislime Tooling
./tools/generate_windows_rclone_manifest.py:50:    win_host_path = Path("/mnt/c/Users/feker/src/irislime")
./tools/generate_windows_rclone_manifest.py:82:    if exist "\\\\wsl.localhost\\ubu26_0715\\home\\fekerr\\src\\irislime\\%ZIP_FILE%" (
./tools/generate_windows_rclone_manifest.py:84:        copy "\\\\wsl.localhost\\ubu26_0715\\home\\fekerr\\src\\irislime\\%ZIP_FILE%" "%ZIP_FILE%" >nul
./tools/generate_windows_rclone_manifest.py:85:    ) else if exist "\\\\wsl$\\ubu26_0715\\home\\fekerr\\src\\irislime\\%ZIP_FILE%" (
./tools/generate_windows_rclone_manifest.py:87:        copy "\\\\wsl$\\ubu26_0715\\home\\fekerr\\src\\irislime\\%ZIP_FILE%" "%ZIP_FILE%" >nul
./tools/generate_windows_rclone_manifest.py:156:    $WslZipPath = "\\\\wsl.localhost\\$Distro\\home\\fekerr\\src\\irislime\\$ZipFile"
./tools/generate_windows_rclone_manifest.py:157:    $WslZipAlt = "\\\\wsl$\\$Distro\\home\\fekerr\\src\\irislime\\$ZipFile"
./tools/run_demo_20260620-interact.sh:18:  export LD_LIBRARY_PATH="$HOME/src/irislime/dummy_libs:$LD_LIBRARY_PATH"
./tools/run_demo_20260620-interact.sh:27:  export LD_LIBRARY_PATH="$HOME/src/irislime/dummy_libs:$LD_LIBRARY_PATH"
./tools/windows_rclone_sync.ps1:23:    $WslZipPath = "\\wsl.localhost\$Distro\home\fekerr\src\irislime\$ZipFile"
./tools/windows_rclone_sync.ps1:24:    $WslZipAlt = "\\wsl$\$Distro\home\fekerr\src\irislime\$ZipFile"
./tools/agy_mtfdash_bridge.py:8:Lineage:     irislime / fekerr-dev Integration
./infra/setup_filters.sh:29:        log_error "Please execute this script from within the root of the irislime repository."
./infra/setup_filters.sh:52:    git config filter.irislime_telemetry.smudge "$smudge_cmd"
./infra/setup_filters.sh:53:    git config filter.irislime_telemetry.clean "$clean_cmd"
./infra/make/litert.mk:35:		cd $(LITERT_SRC) && bazel --output_base="$(HOME)/.cache/bazel_irislime" clean --expunge; \
./infra/Containerfile.matrix:2:# Open OCI Standard Container for irislime build targets
./pr-36/pr-36-review.sh:43:    echo "--- 1. Search: irislime ---"
./pr-36/pr-36-review.sh:44:    grep -rn "irislime" . --exclude-dir=.git || true
./pr-36/clip.exe:16:grep -rn "irislime" . --exclude-dir=.git >> ${LOGFILE}
./pr-36/gemini_001.sh:7:PR_DIR="${HOME}/src/irislime/pr-36"
./TODO_CONSOLIDATED.md:5:**LINEAGE**: `fekerr-dev / irislime Infrastructure`  
./config_win11:78:export IRISLIME_ROOT="C:/Users/feker/src/irislime"
./config_win11:233:export IRISLIME_ROOT="${IRISLIME_ROOT:-/c/Users/feker/src/irislime}"
./docs/DASH_WSL_AND_AGY_INTEGRATION_NOTES.md:5:**LINEAGE**: `fekerr-dev / irislime Architecture`  
./docs/ARCHITECTURAL_REVIEW_AND_BEST_PRACTICES.md:5:**LINEAGE**: `fekerr-dev / irislime Documentation`  
./docs/ARCHITECTURAL_REVIEW_AND_BEST_PRACTICES.md:11:This document summarizes an architectural review of the irislime codebase
./docs/ARCHITECTURAL_REVIEW_AND_BEST_PRACTICES.md:25:* Challenge: Copying fekerr-dev files directly into irislime/fekerr-dev risks
./docs/archive/archival_notes_260718_bulk.txt:2:PATH:        gdrive:transfer/irislime-win11-executables/260718_bulk/ARCHIVAL_NOTES_260718.txt
./docs/archive/archival_notes_260718_bulk.txt:5:LINEAGE:     fekerr-dev / irislime Archival Framework
./docs/archive/archival_notes_260718_bulk.txt:12:* Primary Destination: gdrive:transfer/irislime-win11-executables/260718_bulk/
./docs/archive/archival_notes_260718_bulk.txt:48:  rclone copy C:\Users\feker\src\irislime\build gdrive:transfer/irislime-win11-executables/260718_bulk/build --transfers 4 --fast-list
./docs/archive/archival_notes_260718_bulk.txt:49:  rclone copy C:\Users\feker\src\irislime\win11build gdrive:transfer/irislime-win11-executables/260718_bulk/win11build
./docs/archive/archival_notes_260718_bulk.txt:50:  rclone copy C:\Users\feker\src\irislime\docs\archive\archival_notes_260718_bulk.txt gdrive:transfer/irislime-win11-executables/260718_bulk/
./docs/archive/archival_notes_260718_bulk.txt:54:EOF:         gdrive:transfer/irislime-win11-executables/260718_bulk/ARCHIVAL_NOTES_260718.txt
./docs/archive/archival_notes_260718_bulk.md:2:**PATH**: `gdrive:transfer/irislime-win11-executables/260718_bulk/ARCHIVAL_NOTES_260718.txt`  
./docs/archive/archival_notes_260718_bulk.md:5:**LINEAGE**: `fekerr-dev / irislime Archival Framework`  
./docs/archive/archival_notes_260718_bulk.md:12:* Primary Destination: gdrive:transfer/irislime-win11-executables/260718_bulk/
./docs/archive/archival_notes_260718_bulk.md:48:  rclone copy C:\Users\feker\src\irislime\build gdrive:transfer/irislime-win11-executables/260718_bulk/build --transfers 4 --fast-list
./docs/archive/archival_notes_260718_bulk.md:49:  rclone copy C:\Users\feker\src\irislime\win11build gdrive:transfer/irislime-win11-executables/260718_bulk/win11build
./docs/archive/archival_notes_260718_bulk.md:50:  rclone copy C:\Users\feker\src\irislime\docs\archive\archival_notes_260718_bulk.txt gdrive:transfer/irislime-win11-executables/260718_bulk/
./docs/archive/archival_notes_260718_bulk.md:54:**EOF**: `gdrive:transfer/irislime-win11-executables/260718_bulk/ARCHIVAL_NOTES_260718.txt`  
./docs/archive/todo_backlog_archive/todo_deep-seek-tangent.md:1:You can absolutely run this model in your `irislime` validation environment! Because **DeepSeek-R1-Distill-Llama-8B** is structurally identical to the standard **Llama 3.1 8B** architecture, the core `llama.cpp` engine under your framework natively understands its tensor layout, sequence positioning, and Rotary Position Embedding (RoPE) scaling rules.
./docs/archive/todo_backlog_archive/todo_infra.md:14:- [ ] **Core Utility Decoupling & Library Refactor:** Modularize common execution functions from `build_runner.py` and `test_runner.py` (such as subprocess monitoring, monotonic log tailoring, and time tracking) into an independent, reusable `irislime` Python build utility library. Ensure design paradigms are generic enough to allow clean re-use across future hardware validation projects.
./docs/git_submodule_notes.md:3:When developing on a complex ecosystem like `irislime`, the project incorporates third-party modules (like `llama.cpp`) natively via **Git Submodules**. Submodules are incredibly powerful, but they represent a common friction point in daily development if their structural tracking semantics are misunderstood.
./docs/git_submodule_notes.md:13:The parent repository (`irislime`) does not track the individual source files inside the submodule directory (`llama.cpp/`). Instead, it tracks a single special state marker called a **gitlink**, which records a specific, definitive **Commit Hash** from the submodule's upstream repository history.
./docs/dirs.md:5:[WORKSPACE CORE: uid1000] ~/src/irislime (Branch: agy-24-work)
./docs/dirs.md:21:[ANALYTICS ENGINE: id1003] ~/src/irislime (Branch: infra-telemetry-cleanup)
./docs/dirs.md:47:[PREFERENCE STORAGE: id1001] ~/src/irislime (Branch: 20260713_...)
./docs/AI_AGENT_REQUIREMENTS.md:5:**LINEAGE**: `fekerr-dev / irislime Infrastructure`  
./docs/AI_AGENT_REQUIREMENTS.md:19:  - fekerr-dev/irislime_ubu26_init/AGY_INGEST.agy
./docs/AI_AGENT_REQUIREMENTS.md:20:  - fekerr-dev/irislime_ubu26_init/provision_ubuntu26_init.agy
./docs/ARCHITECTURAL_REVIEW_AND_BEST_PRACTICES.txt:5:LINEAGE:     fekerr-dev / irislime Documentation
./docs/ARCHITECTURAL_REVIEW_AND_BEST_PRACTICES.txt:11:This document summarizes an architectural review of the irislime codebase
./docs/ARCHITECTURAL_REVIEW_AND_BEST_PRACTICES.txt:25:* Challenge: Copying fekerr-dev files directly into irislime/fekerr-dev risks
./docs/infra_make_matrix_telemetry_20260718.md:59:* Baseline execution telemetry report preserved at [`docs/telemetry/aggressive_telemetry_report_20260716.md`](file:///home/fekerr/src/irislime/docs/telemetry/aggressive_telemetry_report_20260716.md).
./docs/gemini_20260626.md:48:The workspace requires your custom `llama.cpp` engine fork to sit as a direct sibling to the `irislime` project directory. 
./docs/gemini_20260626.md:60:cd ~/src/irislime
./docs/gemini_20260626.md:76:cd ~/src/irislime
./docs/wsl_cloud_backup_system.md:37:remote = gdrive:transfer/2026LaptopsArchive/irislime_reviews/20260717_719p/
./docs/DASH_WSL_AND_AGY_INTEGRATION_NOTES.txt:5:LINEAGE:     fekerr-dev / irislime Architecture
./docs/MTFDASH_USER_AND_INTEROP_GUIDE.md:6:**Lineage:** `irislime` / `fekerr-dev` Architecture  
./docs/MTFDASH_USER_AND_INTEROP_GUIDE.md:12:`mtfdash` (v1.8.6) is the cross-platform terminal dashboard and node communication mesh powering the `irislime` / `fekerr-dev` architecture.
./docs/MTFDASH_USER_AND_INTEROP_GUIDE.md:55: Registry Directory: /home/fekerr/src/irislime/logs/nodes
./docs/MTFDASH_USER_AND_INTEROP_GUIDE.md:61:   Path:       C:\Users\feker\src\irislime
./docs/MTFDASH_USER_AND_INTEROP_GUIDE.md:68:   Path:       /home/fekerr/src/irislime
./docs/MTFDASH_USER_AND_INTEROP_GUIDE.md:75:   Path:       /home/fekerr/src/irislime/llama.cpp
./docs/MTFDASH_USER_AND_INTEROP_GUIDE.md:93:`mtfdash` nodes communicate through shared JSON state files located in [`logs/nodes/`](file:///home/fekerr/src/irislime/logs/nodes).
./docs/MTFDASH_USER_AND_INTEROP_GUIDE.md:172:3. **Path Resolution:** The host translates Linux POSIX paths (e.g., `/home/fekerr/...`) into Windows UNC paths via `wslpath -w` ([tools/wsl_rclone_bridge.py](file:///home/fekerr/src/irislime/tools/wsl_rclone_bridge.py)).
./docs/INTERPROCESS_COMMUNICATION_TOPOLOGY.md:18:The primary `mtfdash` communication bus operates over the shared filesystem directory at [`logs/nodes/`](file:///home/fekerr/src/irislime/logs/nodes).
./docs/AI_AGENT_REQUIREMENTS.txt:5:LINEAGE:     fekerr-dev / irislime Infrastructure
./docs/AI_AGENT_REQUIREMENTS.txt:19:  - fekerr-dev/irislime_ubu26_init/AGY_INGEST.agy
./docs/AI_AGENT_REQUIREMENTS.txt:20:  - fekerr-dev/irislime_ubu26_init/provision_ubuntu26_init.agy
./docs/design_decisions.md:46:                           |        irislime (Main Repo)         |
./docs/design_decisions.md:59:                                                         | ~/.cache/irislime/models/ |
./docs/design_decisions.md:74:* **Decision:** Large assets are stored in an external, user-space cache directory (`$HOME/.cache/irislime/models/`). The root directory repository features a directory entry named `models` which is maintained exclusively as a local symbolic link (`symlink`) pointing to this cache path.
./docs/design_decisions.md:146:export PS1="\[\e[0;36m\][irislime]\[\e[0m\]\[\e[0;33m\][${INTEGRITY_BRANCH}:${INTEGRITY_COMMIT}]\[\e[0m\] \[\e[0;32m\]\w\[\e[0m\]\n$ "
./docs/fekerr_dev_integration.md:5:This document formalizes the integration of the `fekerr-dev` host execution toolkit into the `irislime` edge AI sandbox. The architecture establishes a zero-trust, forensic-ready bridge between the Windows 11 PowerShell 7 host environment, virtualized container runtimes (Ubuntu 26 / WSL2), and cloud backup targets.
./docs/fekerr_dev_integration.md:23:   - Provisioning scripts (`fekerr-dev/irislime_ubu26_init/`, `tools/provision.sh`) can be re-run indefinitely without causing environment drift or configuration corruption.
./docs/fekerr_dev_integration.md:45:The `fekerr-dev/irislime_ubu26_init/` directory houses the Ubuntu 26 initialization and agent ingestion recipes:
./docs/fekerr_dev_integration.md:62:    Subsystem["Ubuntu 26 / WSL2 Subsystem"] --> ContainerInit["fekerr-dev/irislime_ubu26_init"]
./docs/laboratory/verify_deployment.md:7:2. Open `.git/config` and verify that the `[filter "irislime_telemetry"]` parameters are present.
./docs/sessions/wonky_status_report.md:6:## 💻 PART A: PARENT REPOSITORY [irislime]
./docs/sessions/wonky_status_report.md:27:  remotes/origin/checkpoint/irislime1-20260625_080811       44838ba Design-Checkpoint: Interim Sandbox Snapshot (20260625_080811)
./docs/sessions/wonky_status_report.md:50:44838bafa672b72d6ae8a69042de64cdcf9544fb	refs/heads/checkpoint/irislime1-20260625_080811
./docs/sessions/gemini_prior_0741a.md:279:`(venv) ■ [2377] | ~/src/irislime ;`
./docs/sessions/gemini_prior_0741a.md:285:3. Current working directory perspective relative to the home path (`~/src/irislime`).
./docs/sessions/remote_branches_audit.md:7:## 1. IrisLime Remote Branches (`irislime`)
./docs/sessions/remote_branches_audit.md:11:44838bafa672b72d6ae8a69042de64cdcf9544fb	refs/heads/checkpoint/irislime1-20260625_080811
./docs/config_env.md:3:The `config_env` script is an idempotent, sourced environment initializer for the `irislime` sandbox. It orchestrates Python virtual environments, local hardware runtimes (Intel oneAPI, OpenVINO, LiteRT), Node.js toolchains, and environment variable overrides for heterogeneous compute targets.
./docs/git_infrastructure.md:38:[irislime][active_branch:short_commit_sha] /working/directory $
./docs/git_infrastructure.md:48:git config --unset-all filter.irislime_telemetry.smudge || true
./docs/windows_rclone_transfer_guide.md:14:1. **WSL Ubuntu Tier (Audit & Package):** Top-down log discovery, SHA256 hashing, directory sentinels, flight ledger markdown generation ([`docs/log_archive_20260718_core12_1003.md`](file:///home/fekerr/src/irislime/docs/log_archive_20260718_core12_1003.md)), and local log file purging.
./docs/windows_rclone_transfer_guide.md:23:| [`tools/windows_rclone_manifest.json`](file:///home/fekerr/src/irislime/tools/windows_rclone_manifest.json) | JSON Data | Machine, WSL ID, package name, and rclone command strings. |
./docs/windows_rclone_transfer_guide.md:24:| [`tools/windows_rclone_sync.bat`](file:///home/fekerr/src/irislime/tools/windows_rclone_sync.bat) | Batch Script | Single-click Windows command script to copy & verify via `rclone.exe`. |
./docs/windows_rclone_transfer_guide.md:25:| [`tools/windows_rclone_sync.ps1`](file:///home/fekerr/src/irislime/tools/windows_rclone_sync.ps1) | PowerShell | Interactive PowerShell script with colored output and verification checks. |
./docs/windows_rclone_transfer_guide.md:26:| [`tools/generate_windows_rclone_manifest.py`](file:///home/fekerr/src/irislime/tools/generate_windows_rclone_manifest.py) | Python Script | Generator tool to refresh manifests for new log archival passes. |
./docs/windows_rclone_transfer_guide.md:35:cd C:\Users\feker\src\irislime
./docs/windows_rclone_transfer_guide.md:42:Set-Location C:\Users\feker\src\irislime
./fekerr-dev/irislime_ubu26_init/provision_user.sh:3:# PATH:        irislime_ubu26_init/provision_user.sh
./fekerr-dev/irislime_ubu26_init/provision_user.sh:86:# EOF:         irislime_ubu26_init/provision_user.sh
./fekerr-dev/irislime_ubu26_init/bootstrap_ubu26_root.sh:97:echo "       agy --recipe ~/src/fekerr-dev/irislime_ubu26_init/provision_new_ubu26.agy"
./fekerr-dev/irislime_ubu26_init/provision_ubuntu26_init.agy:2:# PATH:        irislime_ubu26_init/provision_ubuntu26_init.agy
./fekerr-dev/irislime_ubu26_init/provision_ubuntu26_init.agy:25:    - shell: "git clone https://github.com/your-remote/irislime.git $HOME/src/irislime"
./fekerr-dev/irislime_ubu26_init/provision_ubuntu26_init.agy:35:    - shell: "cd $HOME/src/irislime && uv venv .venv"
./fekerr-dev/irislime_ubu26_init/provision_ubuntu26_init.agy:42:# EOF:         irislime_ubu26_init/provision_ubuntu26_init.agy
./fekerr-dev/irislime_ubu26_init/provision_ubuntu26_init.agy:47:    - shell: "chmod +x $HOME/src/irislime/tools/provision.sh"
./fekerr-dev/irislime_ubu26_init/provision_ubuntu26_init.agy:48:    - shell: "$HOME/src/irislime/tools/provision.sh"
./fekerr-dev/irislime_ubu26_init/AGY_INGEST.agy:2:# PATH:        irislime_ubu26_init/AGY_INGEST.agy
./fekerr-dev/irislime_ubu26_init/AGY_INGEST.agy:16:    init_scripts: "$HOME/src/fekerr-dev/irislime_ubu26_init"
./fekerr-dev/irislime_ubu26_init/AGY_INGEST.agy:37:# EOF:         irislime_ubu26_init/AGY_INGEST.agy
./fekerr-dev/tools/token_throttle_guard.py:6:# LINEAGE:     fekerr-dev / irislime Infrastructure
./fekerr-dev/tools/archive_win11_executables.py:5:# TARGET:      Google Drive transfer storage (gdrive:transfer/irislime-win11-executables).
./fekerr-dev/tools/archive_win11_executables.py:6:# LINEAGE:     fekerr-dev / irislime Archival Automation
./fekerr-dev/tools/archive_win11_executables.py:16:DEFAULT_REMOTE_TARGET = "gdrive:transfer/irislime-win11-executables/260718_bulk"
./fekerr-dev/tools/archive_win11_executables.py:47:        help="Remote target path (default: gdrive:transfer/irislime-win11-executables/260718_bulk)"
./fekerr-dev/tools/discover_and_rclone_models.py:7:# LINEAGE:     fekerr-dev / irislime Archival Framework
./fekerr-dev/tools/discover_and_rclone_models.py:65:    lines.append("LINEAGE:     fekerr-dev / irislime Archival Framework")
./fekerr-dev/tools/ascii2md.py:6:# LINEAGE:     fekerr-dev / irislime Tooling
./fekerr-dev/docs/archive/personal_receipts/discovery_notes_260718_models.txt:5:LINEAGE:     fekerr-dev / irislime Archival Framework
./fekerr-dev/docs/archive/personal_receipts/discovery_notes_260718_models.md:5:**LINEAGE**: `fekerr-dev / irislime Archival Framework`  
./fekerr-dev/docs/irislime_review.txt:2:PATH:        docs/irislime_review.txt
./fekerr-dev/docs/irislime_review.txt:3:PURPOSE:     Comprehensive Architectural and Codebase Review of irislime.
./fekerr-dev/docs/irislime_review.txt:12:This document provides a detailed architectural review of the `irislime` edge AI co-design sandbox, detailing its intent, system structure, supply-chain strategies, telemetry profiling hooks, and build orchestration tools.
./fekerr-dev/docs/irislime_review.txt:31:* models/: Sourced as a symbolic link pointing to ~/.cache/irislime/models/ to avoid storing multi-gigabyte binary weights in Git.
./fekerr-dev/docs/irislime_review.txt:62:EOF:         docs/irislime_review.txt
./fekerr-dev/docs/archival_notes_260718_bulk.txt:2:PATH:        gdrive:transfer/irislime-win11-executables/260718_bulk/ARCHIVAL_NOTES_260718.txt
./fekerr-dev/docs/archival_notes_260718_bulk.txt:5:LINEAGE:     fekerr-dev / irislime Archival Framework
./fekerr-dev/docs/archival_notes_260718_bulk.txt:12:* Primary Destination: gdrive:transfer/irislime-win11-executables/260718_bulk/
./fekerr-dev/docs/archival_notes_260718_bulk.txt:48:  rclone copy C:\Users\feker\src\irislime\build gdrive:transfer/irislime-win11-executables/260718_bulk/build --transfers 4 --fast-list
./fekerr-dev/docs/archival_notes_260718_bulk.txt:49:  rclone copy C:\Users\feker\src\irislime\win11build gdrive:transfer/irislime-win11-executables/260718_bulk/win11build
./fekerr-dev/docs/archival_notes_260718_bulk.txt:50:  rclone copy C:\Users\feker\src\irislime\docs\archive\archival_notes_260718_bulk.txt gdrive:transfer/irislime-win11-executables/260718_bulk/
./fekerr-dev/docs/archival_notes_260718_bulk.txt:54:EOF:         gdrive:transfer/irislime-win11-executables/260718_bulk/ARCHIVAL_NOTES_260718.txt
./fekerr-dev/docs/ARCHITECTURAL_REVIEW_AND_BEST_PRACTICES.txt:5:LINEAGE:     fekerr-dev / irislime Documentation
./fekerr-dev/docs/ARCHITECTURAL_REVIEW_AND_BEST_PRACTICES.txt:11:This document summarizes an architectural review of the irislime codebase
./fekerr-dev/docs/ARCHITECTURAL_REVIEW_AND_BEST_PRACTICES.txt:25:* Challenge: Copying fekerr-dev files directly into irislime/fekerr-dev risks
./fekerr-dev/docs/DASH_WSL_AND_AGY_INTEGRATION_NOTES.txt:5:LINEAGE:     fekerr-dev / irislime Architecture
./fekerr-dev/docs/agy_review_irislime.txt:2:PATH:        docs/agy_review_irislime.txt
./fekerr-dev/docs/agy_review_irislime.txt:12:This document details the complete set of operational guardrails, development workflows, logging requirements, and hardware configuration rules derived from the fekerr-dev and irislime workspaces.
./fekerr-dev/docs/agy_review_irislime.txt:44:  - Source: irislime/AI.md (Lines 9-20)
./fekerr-dev/docs/agy_review_irislime.txt:48:  - Source: irislime/AI.md (Line 22)
./fekerr-dev/docs/agy_review_irislime.txt:52:  - Source: irislime/AI.md (Line 36)
./fekerr-dev/docs/agy_review_irislime.txt:56:  - Source: irislime/AI.md (Line 37)
./fekerr-dev/docs/agy_review_irislime.txt:64:  - Source: irislime/AI_next.md (Lines 12-13) & irislime/docs/design_decisions.md (Lines 81-86)
./fekerr-dev/docs/agy_review_irislime.txt:68:  - Source: irislime/docs/git_submodule_notes.md (Lines 33-42)
./fekerr-dev/docs/agy_review_irislime.txt:72:  - Source: irislime/docs/git_submodule_notes.md (Lines 68-73)
./fekerr-dev/docs/agy_review_irislime.txt:76:  - Source: irislime/docs/design_decisions.md (Lines 87-92)
./fekerr-dev/docs/agy_review_irislime.txt:84:  - Source: irislime/docs/design_decisions.md (Lines 27-33)
./fekerr-dev/docs/agy_review_irislime.txt:88:  - Source: irislime/docs/design_decisions.md (Lines 34-39)
./fekerr-dev/docs/agy_review_irislime.txt:91:  - Description: Store large compiled binary weights in external user-space caches (~/.cache/irislime/models/) and link them to the repo using symbolic links (models/) to keep the repository history footprint lightweight.
./fekerr-dev/docs/agy_review_irislime.txt:92:  - Source: irislime/docs/design_decisions.md (Lines 71-76)
./fekerr-dev/docs/agy_review_irislime.txt:96:EOF:         docs/agy_review_irislime.txt
./fekerr-dev/docs/AI_AGENT_REQUIREMENTS.txt:5:LINEAGE:     fekerr-dev / irislime Infrastructure
./fekerr-dev/docs/AI_AGENT_REQUIREMENTS.txt:19:  - fekerr-dev/irislime_ubu26_init/AGY_INGEST.agy
./fekerr-dev/docs/AI_AGENT_REQUIREMENTS.txt:20:  - fekerr-dev/irislime_ubu26_init/provision_ubuntu26_init.agy
./fekerr-dev/docs/SESSION_RECONSTRUCTION.txt:80:[*] Action: Derived AI operational rules from workspace files and created docs/agy_review_irislime.txt.
./fekerr-dev/docs/SESSION_RECONSTRUCTION.txt:107:[*] Action: Audited irislime Makefile and infra/make/*.mk files, confirming base environment, OpenVINO, oneAPI SYCL, Vulkan, and Bazel/LiteRT-LM build integration configurations.
./fekerr-dev/TODO_CONSOLIDATED.txt:5:LINEAGE:     fekerr-dev / irislime Infrastructure
./fekerr-dev/ps7/Get-TarArchiveCache.ps1:15:    Directory path where the JSON cache and reports are written. Defaults to '~/.irislime_cache'.
./fekerr-dev/ps7/Get-TarArchiveCache.ps1:39:        [string]$CacheDir = "$HOME/.irislime_cache",
./fekerr-dev/ps7/Get-UncoveredFiles.ps1:15:    [string]$RepoPath = "C:\Users\feker\src\irislime",
./scratch/traces/strace_012.txt:101:openat(AT_FDCWD, "/home/fekerr/src/irislime/build/sycl/bin/glibc-hwcaps/x86-64-v3/libllama-completion-impl.so", O_RDONLY|O_CLOEXEC) = -1 ENOENT (No such file or directory)
./scratch/traces/strace_012.txt:102:newfstatat(AT_FDCWD, "/home/fekerr/src/irislime/build/sycl/bin/glibc-hwcaps/x86-64-v3/", 0x7ffda2a1fda0, 0) = -1 ENOENT (No such file or directory)
./scratch/traces/strace_012.txt:103:openat(AT_FDCWD, "/home/fekerr/src/irislime/build/sycl/bin/glibc-hwcaps/x86-64-v2/libllama-completion-impl.so", O_RDONLY|O_CLOEXEC) = -1 ENOENT (No such file or directory)
./scratch/traces/strace_012.txt:104:newfstatat(AT_FDCWD, "/home/fekerr/src/irislime/build/sycl/bin/glibc-hwcaps/x86-64-v2/", 0x7ffda2a1fda0, 0) = -1 ENOENT (No such file or directory)
./scratch/traces/strace_012.txt:105:openat(AT_FDCWD, "/home/fekerr/src/irislime/build/sycl/bin/libllama-completion-impl.so", O_RDONLY|O_CLOEXEC) = 3
./scratch/traces/strace_012.txt:129:openat(AT_FDCWD, "/home/fekerr/src/irislime/build/sycl/bin/libllama-common.so.0", O_RDONLY|O_CLOEXEC) = 3
./scratch/traces/strace_012.txt:154:openat(AT_FDCWD, "/home/fekerr/src/irislime/build/sycl/bin/libllama.so.0", O_RDONLY|O_CLOEXEC) = 3
./scratch/traces/strace_012.txt:178:openat(AT_FDCWD, "/home/fekerr/src/irislime/build/sycl/bin/libggml.so.0", O_RDONLY|O_CLOEXEC) = 3
./scratch/traces/strace_012.txt:203:openat(AT_FDCWD, "/home/fekerr/src/irislime/build/sycl/bin/libggml-cpu.so.0", O_RDONLY|O_CLOEXEC) = 3
./scratch/traces/strace_012.txt:228:openat(AT_FDCWD, "/home/fekerr/src/irislime/build/sycl/bin/libggml-sycl.so.0", O_RDONLY|O_CLOEXEC) = 3
./scratch/traces/strace_012.txt:253:openat(AT_FDCWD, "/home/fekerr/src/irislime/build/sycl/bin/libggml-base.so.0", O_RDONLY|O_CLOEXEC) = 3
./scratch/traces/strace_012.txt:277:openat(AT_FDCWD, "/home/fekerr/src/irislime/build/sycl/bin/libstdc++.so.6", O_RDONLY|O_CLOEXEC) = -1 ENOENT (No such file or directory)
./scratch/traces/strace_012.txt:310:openat(AT_FDCWD, "/home/fekerr/src/irislime/build/sycl/bin/libm.so.6", O_RDONLY|O_CLOEXEC) = -1 ENOENT (No such file or directory)
./scratch/traces/strace_012.txt:339:openat(AT_FDCWD, "/home/fekerr/src/irislime/build/sycl/bin/libgcc_s.so.1", O_RDONLY|O_CLOEXEC) = -1 ENOENT (No such file or directory)
./scratch/traces/strace_012.txt:367:openat(AT_FDCWD, "/home/fekerr/src/irislime/build/sycl/bin/libc.so.6", O_RDONLY|O_CLOEXEC) = -1 ENOENT (No such file or directory)
./scratch/traces/strace_012.txt:481:openat(AT_FDCWD, "/home/fekerr/src/irislime/build/sycl/bin/libssl.so.3", O_RDONLY|O_CLOEXEC) = -1 ENOENT (No such file or directory)
./scratch/traces/strace_012.txt:509:openat(AT_FDCWD, "/home/fekerr/src/irislime/build/sycl/bin/libcrypto.so.3", O_RDONLY|O_CLOEXEC) = -1 ENOENT (No such file or directory)
./scratch/traces/strace_012.txt:561:openat(AT_FDCWD, "/home/fekerr/src/irislime/build/sycl/bin/libze_loader.so.1", O_RDONLY|O_CLOEXEC) = -1 ENOENT (No such file or directory)
./scratch/traces/strace_012.txt:904:getcwd("/home/fekerr/src/irislime", 4096) = 26
./scratch/traces/strace_012.txt:905:getcwd("/home/fekerr/src/irislime", 4096) = 26
./scratch/traces/strace_012.txt:906:getcwd("/home/fekerr/src/irislime", 4096) = 26
./scratch/traces/strace_012.txt:1421:getcwd("/home/fekerr/src/irislime", 4096) = 26
./scratch/traces/strace_012.txt:1464:getcwd("/home/fekerr/src/irislime", 4096) = 26
./scratch/traces/strace_012.txt:1568:getcwd("/home/fekerr/src/irislime", 4096) = 26
./scratch/traces/run_test_003.txt:8:[LAYER 1/4] AUDITING CURRENT ACTIVE ENVIRONMENT WORKSPACE (irislime)
./scratch/traces/run_test_003.txt:10:Current Working Path: /home/fekerr/src/irislime
./scratch/traces/run_test_003.txt:52:  remotes/origin/checkpoint/irislime1-20260625_080811
./scratch/traces/strace_260630_0119.txt:89:openat(AT_FDCWD, "/home/fekerr/src/irislime/build/sycl/bin/glibc-hwcaps/x86-64-v3/libllama-common.so.0", O_RDONLY|O_CLOEXEC) = -1 ENOENT (No such file or directory)
./scratch/traces/strace_260630_0119.txt:90:newfstatat(AT_FDCWD, "/home/fekerr/src/irislime/build/sycl/bin/glibc-hwcaps/x86-64-v3/", 0x7ffcbafe66f0, 0) = -1 ENOENT (No such file or directory)
./scratch/traces/strace_260630_0119.txt:91:openat(AT_FDCWD, "/home/fekerr/src/irislime/build/sycl/bin/glibc-hwcaps/x86-64-v2/libllama-common.so.0", O_RDONLY|O_CLOEXEC) = -1 ENOENT (No such file or directory)
./scratch/traces/strace_260630_0119.txt:92:newfstatat(AT_FDCWD, "/home/fekerr/src/irislime/build/sycl/bin/glibc-hwcaps/x86-64-v2/", 0x7ffcbafe66f0, 0) = -1 ENOENT (No such file or directory)
./scratch/traces/strace_260630_0119.txt:93:openat(AT_FDCWD, "/home/fekerr/src/irislime/build/sycl/bin/libllama-common.so.0", O_RDONLY|O_CLOEXEC) = 3
./scratch/traces/strace_260630_0119.txt:116:openat(AT_FDCWD, "/home/fekerr/src/irislime/build/sycl/bin/libllama.so.0", O_RDONLY|O_CLOEXEC) = 3
./scratch/traces/strace_260630_0119.txt:138:openat(AT_FDCWD, "/home/fekerr/src/irislime/build/sycl/bin/libggml.so.0", O_RDONLY|O_CLOEXEC) = 3
./scratch/traces/strace_260630_0119.txt:160:openat(AT_FDCWD, "/home/fekerr/src/irislime/build/sycl/bin/libggml-cpu.so.0", O_RDONLY|O_CLOEXEC) = 3
./scratch/traces/strace_260630_0119.txt:184:openat(AT_FDCWD, "/home/fekerr/src/irislime/build/sycl/bin/libggml-sycl.so.0", O_RDONLY|O_CLOEXEC) = 3
./scratch/traces/strace_260630_0119.txt:207:openat(AT_FDCWD, "/home/fekerr/src/irislime/build/sycl/bin/libggml-base.so.0", O_RDONLY|O_CLOEXEC) = 3
./scratch/traces/strace_260630_0119.txt:229:openat(AT_FDCWD, "/home/fekerr/src/irislime/build/sycl/bin/libstdc++.so.6", O_RDONLY|O_CLOEXEC) = -1 ENOENT (No such file or directory)
./scratch/traces/strace_260630_0119.txt:260:openat(AT_FDCWD, "/home/fekerr/src/irislime/build/sycl/bin/libm.so.6", O_RDONLY|O_CLOEXEC) = -1 ENOENT (No such file or directory)
./scratch/traces/strace_260630_0119.txt:286:openat(AT_FDCWD, "/home/fekerr/src/irislime/build/sycl/bin/libgcc_s.so.1", O_RDONLY|O_CLOEXEC) = -1 ENOENT (No such file or directory)
./scratch/traces/strace_260630_0119.txt:312:openat(AT_FDCWD, "/home/fekerr/src/irislime/build/sycl/bin/libc.so.6", O_RDONLY|O_CLOEXEC) = -1 ENOENT (No such file or directory)
./scratch/traces/strace_260630_0119.txt:342:openat(AT_FDCWD, "/home/fekerr/src/irislime/build/sycl/bin/libssl.so.3", O_RDONLY|O_CLOEXEC) = -1 ENOENT (No such file or directory)
./scratch/traces/strace_260630_0119.txt:368:openat(AT_FDCWD, "/home/fekerr/src/irislime/build/sycl/bin/libcrypto.so.3", O_RDONLY|O_CLOEXEC) = -1 ENOENT (No such file or directory)
./scratch/traces/strace_260630_0119.txt:501:openat(AT_FDCWD, "/home/fekerr/src/irislime/build/sycl/bin/libze_loader.so.1", O_RDONLY|O_CLOEXEC) = -1 ENOENT (No such file or directory)
./scratch/traces/strace_260630_0119.txt:832:getcwd("/home/fekerr/src/irislime", 4096) = 26
./scratch/traces/strace_260630_0119.txt:833:getcwd("/home/fekerr/src/irislime", 4096) = 26
./scratch/traces/strace_260630_0119.txt:834:getcwd("/home/fekerr/src/irislime", 4096) = 26
./scratch/traces/strace_260630_0119.txt:1343:getcwd("/home/fekerr/src/irislime", 4096) = 26
./scratch/traces/strace_260630_0119.txt:1386:getcwd("/home/fekerr/src/irislime", 4096) = 26
./scratch/traces/strace_260630_0119.txt:1465:getcwd("/home/fekerr/src/irislime", 4096) = 26
./scratch/traces/strace_012_001.txt:101:openat(AT_FDCWD, "/home/fekerr/src/irislime/build/sycl/bin/glibc-hwcaps/x86-64-v3/libllama-completion-impl.so", O_RDONLY|O_CLOEXEC) = -1 ENOENT (No such file or directory)
./scratch/traces/strace_012_001.txt:102:newfstatat(AT_FDCWD, "/home/fekerr/src/irislime/build/sycl/bin/glibc-hwcaps/x86-64-v3/", 0x7ffd1d1d2930, 0) = -1 ENOENT (No such file or directory)
./scratch/traces/strace_012_001.txt:103:openat(AT_FDCWD, "/home/fekerr/src/irislime/build/sycl/bin/glibc-hwcaps/x86-64-v2/libllama-completion-impl.so", O_RDONLY|O_CLOEXEC) = -1 ENOENT (No such file or directory)
./scratch/traces/strace_012_001.txt:104:newfstatat(AT_FDCWD, "/home/fekerr/src/irislime/build/sycl/bin/glibc-hwcaps/x86-64-v2/", 0x7ffd1d1d2930, 0) = -1 ENOENT (No such file or directory)
./scratch/traces/strace_012_001.txt:105:openat(AT_FDCWD, "/home/fekerr/src/irislime/build/sycl/bin/libllama-completion-impl.so", O_RDONLY|O_CLOEXEC) = 3
./scratch/traces/strace_012_001.txt:129:openat(AT_FDCWD, "/home/fekerr/src/irislime/build/sycl/bin/libllama-common.so.0", O_RDONLY|O_CLOEXEC) = 3
./scratch/traces/strace_012_001.txt:154:openat(AT_FDCWD, "/home/fekerr/src/irislime/build/sycl/bin/libllama.so.0", O_RDONLY|O_CLOEXEC) = 3
./scratch/traces/strace_012_001.txt:178:openat(AT_FDCWD, "/home/fekerr/src/irislime/build/sycl/bin/libggml.so.0", O_RDONLY|O_CLOEXEC) = 3
./scratch/traces/strace_012_001.txt:203:openat(AT_FDCWD, "/home/fekerr/src/irislime/build/sycl/bin/libggml-cpu.so.0", O_RDONLY|O_CLOEXEC) = 3
./scratch/traces/strace_012_001.txt:228:openat(AT_FDCWD, "/home/fekerr/src/irislime/build/sycl/bin/libggml-sycl.so.0", O_RDONLY|O_CLOEXEC) = 3
./scratch/traces/strace_012_001.txt:253:openat(AT_FDCWD, "/home/fekerr/src/irislime/build/sycl/bin/libggml-base.so.0", O_RDONLY|O_CLOEXEC) = 3
./scratch/traces/strace_012_001.txt:277:openat(AT_FDCWD, "/home/fekerr/src/irislime/build/sycl/bin/libstdc++.so.6", O_RDONLY|O_CLOEXEC) = -1 ENOENT (No such file or directory)
./scratch/traces/strace_012_001.txt:310:openat(AT_FDCWD, "/home/fekerr/src/irislime/build/sycl/bin/libm.so.6", O_RDONLY|O_CLOEXEC) = -1 ENOENT (No such file or directory)
./scratch/traces/strace_012_001.txt:339:openat(AT_FDCWD, "/home/fekerr/src/irislime/build/sycl/bin/libgcc_s.so.1", O_RDONLY|O_CLOEXEC) = -1 ENOENT (No such file or directory)
./scratch/traces/strace_012_001.txt:367:openat(AT_FDCWD, "/home/fekerr/src/irislime/build/sycl/bin/libc.so.6", O_RDONLY|O_CLOEXEC) = -1 ENOENT (No such file or directory)
./scratch/traces/strace_012_001.txt:481:openat(AT_FDCWD, "/home/fekerr/src/irislime/build/sycl/bin/libssl.so.3", O_RDONLY|O_CLOEXEC) = -1 ENOENT (No such file or directory)
./scratch/traces/strace_012_001.txt:509:openat(AT_FDCWD, "/home/fekerr/src/irislime/build/sycl/bin/libcrypto.so.3", O_RDONLY|O_CLOEXEC) = -1 ENOENT (No such file or directory)
./scratch/traces/strace_012_001.txt:561:openat(AT_FDCWD, "/home/fekerr/src/irislime/build/sycl/bin/libze_loader.so.1", O_RDONLY|O_CLOEXEC) = -1 ENOENT (No such file or directory)
./scratch/traces/strace_012_001.txt:907:getcwd("/home/fekerr/src/irislime", 4096) = 26
./scratch/traces/strace_012_001.txt:908:getcwd("/home/fekerr/src/irislime", 4096) = 26
./scratch/traces/strace_012_001.txt:909:getcwd("/home/fekerr/src/irislime", 4096) = 26
./scratch/traces/strace_012_001.txt:1430:getcwd("/home/fekerr/src/irislime", 4096) = 26
./scratch/traces/strace_012_001.txt:1473:getcwd("/home/fekerr/src/irislime", 4096) = 26
./scratch/traces/strace_012_001.txt:1580:getcwd("/home/fekerr/src/irislime", 4096) = 26
./scratch/traces/strace_012_001.txt:2133:readlink("/proc/self/exe", "/home/fekerr/src/irislime/build/"..., 511) = 57
./scratch/traces/20260627-work-in-progress.txt:26:#### Parent Repository (`~/src/irislime`)
./scratch/prototypes/audit_all_status.sh:4:# Purpose: Compiles an exhaustive status audit across irislime and llama.cpp
./scratch/prototypes/audit_all_status.sh:8:IRISLIME_DIR="$HOME/src/irislime"
./scratch/prototypes/audit_all_status.sh:22:    # LAYER 1: PARENT WORKSPACE (irislime)
./scratch/prototypes/audit_all_status.sh:24:    echo "## 💻 PART A: PARENT REPOSITORY [irislime]"
./scratch/prototypes/audit_all_status.sh:64:        echo "[!] CRITICAL ERROR: irislime directory missing at $IRISLIME_DIR"
./scratch/prototypes/publish_audit.sh:16:    echo "## 1. IrisLime Remote Branches (\`irislime\`)"
./scratch/prototypes/gather_snapshot.sh:22:    echo "## 1. Parent Workspace Context (irislime)"
./scratch/prototypes/run_test003.sh:61:    echo "[LAYER 1/4] AUDITING CURRENT ACTIVE ENVIRONMENT WORKSPACE (irislime)"
./scratch/brain_dump_20260711.py:70:         "committed to [BT].irislime_heartbeat[BT] to expand or shrink the "
./scratch/test_gen/Makefile:60:CMAKE_SOURCE_DIR = /home/fekerr/src/irislime/scratch/test_gen
./scratch/test_gen/Makefile:63:CMAKE_BINARY_DIR = /home/fekerr/src/irislime/scratch/test_gen
./scratch/test_gen/Makefile:90:	$(CMAKE_COMMAND) -E cmake_progress_start /home/fekerr/src/irislime/scratch/test_gen/CMakeFiles /home/fekerr/src/irislime/scratch/test_gen//CMakeFiles/progress.marks
./scratch/test_gen/Makefile:92:	$(CMAKE_COMMAND) -E cmake_progress_start /home/fekerr/src/irislime/scratch/test_gen/CMakeFiles 0
./scratch/init_md_wip/init_docs.md:3:irislime
./scratch/init_md_wip/init_docs.md:98:git clone --recurse-submodules git@github.com:aomaker-org/irislime.git
./scratch/init_md_wip/init_docs.md:99:cd irislime
./scratch/init_md_wip/init_docs.md:104:cd ~/src/irislime
./scratch/init_md_wip/init_docs.md:132:git clone --recurse-submodules git@github.com:aomaker-org/irislime.git
./scratch/init_md_wip/init_docs.md:133:cd irislime
./AI.md:5:**Primary Repository Workspace:** `irislime`  
./.github/copilot-instructions.md:5:This workspace (`~/src/irislime1`) is the IrisLime hardware telemetry sandbox: a fork of
./.github/agents/senior-systems-validator.agent.md:44:~/src/irislime1/              ← PROJECT_ROOT
./.github/agents/senior-systems-validator.agent.md:147:cd ~/src/irislime1
./.github/agents/senior-systems-validator.agent.md:172:cd ~/src/irislime1
./scratch_20260717_gemini.md:9:* **Prompt String:** `fekerr@LAPTOP-AJPE53SG:[uid1000]: ~/src/irislime`
./scratch_20260717_gemini.md:14:* **Prompt String:** `fekerr@LAPTOP-AJPE53SG:[1001_ubu26]: ~/src/irislime`
./scratch_20260717_gemini.md:15:* **Active User context:** This is your **`Ubuntu-26.04`** instance running the `20260713_irislime_user_preferences` branch. The prompt tag explicitly flags the environment as `1001_ubu26`.
./scratch_20260717_gemini.md:19:* **Prompt String:** `fekerr@LAPTOP-AJPE53SG:[id1003_...]: ~/src/irislime`
./scratch_20260717_gemini.md:31:# 1. Target Directory: /irislime_reviews/20260717_719p/id1000/
./scratch_20260717_gemini.md:34:# 2. Target Directory: /irislime_reviews/20260717_719p/id1001/
./scratch_20260717_gemini.md:37:# 3. Target Directory: /irislime_reviews/20260717_719p/id1003/
./temp_work_script:6:export IRISLIME_ROOT="/c/Users/feker/src/irislime"
./temp_work_script:7:export PY_EXE="/c/Users/feker/src/irislime/.venv/Scripts/python.exe"
./pyproject.toml:2:name = "irislime"
./TODO_CONSOLIDATED.txt:5:LINEAGE:     fekerr-dev / irislime Infrastructure
./config_prefs.sh:7:export GDRIVE_FOLDER_NAME="irislime_xfer"
./.gitattributes:3:# Routes through the custom irislime telemetry filter:
./.gitattributes:5:scripts/bootstrap_models.sh filter=irislime_telemetry
./.gitattributes:7:# Route the model configuration environment through the custom irislime telemetry filter
./.gitattributes:9:config_env filter=irislime_telemetry
./jules-ai/PROJECT_DOCUMENTATION.md:8:* **`fekerr-dev/`** - Centralized PowerShell 7 host toolkit and container bootstrap stratum (`ps7/`, `irislime_ubu26_init/`, workspace integrity signers).
./uv.lock:335:name = "irislime"
./rclone_20260714_1240p_metadata.sh:42:"${RCLONE_CMD[@]}" copy /home/fekerr/src/irislime \
./rclone_20260714_1240p_metadata.sh:43:    gdrive:2026LaptopsArchive/irislime/20260714_irislime_ubuntu26_core12 \
./.gitignore:73:.irislime_heartbeat
./logs/session_journal.md:11:The execution paradigms—**Strict Idempotency**, **Immutable Appends (Never Delete)**, and **Forensic Multi-Layer Logging (WAL/DLQ)**—are integrated into the `irislime` repository architecture. Because this repository serves as a professional portfolio, the engineering design must reflect production-grade system validation practices: treating infrastructure as code, maintaining a forensic audit trail, and supporting parallel human/AI development streams (GitHub Copilot, Jules, and external contributors) without trunk pollution.
./logs/session_journal.md:22:irislime/
./logs/session_journal.md:79:# Description: Idempotent build vector for llama.cpp within irislime ecosystem.
./logs/tests/smoke_help_20260710_071328.json:751:        "    /home/fekerr/src/irislime/build/openvino_debug/bin/llama-batched -m model.gguf -p \"Hello my name is\" -n 32 -np 4",
./logs/tests/smoke_help_20260710_071328.json:1073:        "    /home/fekerr/src/irislime/build/openvino_debug/bin/llama-batched-bench -m model.gguf -c 2048 -b 2048 -ub 512 -npp 128,256,512 -ntg 128,256 -npl 1,2,4,8,16,32 [-pps]",
./logs/tests/smoke_help_20260710_071328.json:1088:        "load_backend: failed to find ggml_backend_init in /home/fekerr/src/irislime/build/openvino_debug/bin/libggml-cpu.so",
./logs/tests/smoke_help_20260710_071328.json:1089:        "usage: /home/fekerr/src/irislime/build/openvino_debug/bin/llama-bench [options]",
./logs/tests/smoke_help_20260710_071328.json:2080:        "  text generation:     /home/fekerr/src/irislime/build/openvino_debug/bin/llama-completion -m your_model.gguf -p \"I believe the meaning of life is\" -n 128 -no-cnv",
./logs/tests/smoke_help_20260710_071328.json:2082:        "  chat (conversation): /home/fekerr/src/irislime/build/openvino_debug/bin/llama-completion -m your_model.gguf -sys \"You are a helpful assistant\"",
./logs/tests/smoke_help_20260710_071328.json:2093:        "usage: /home/fekerr/src/irislime/build/openvino_debug/bin/llama-convert-llama2c-to-ggml [options]",
./logs/tests/smoke_help_20260710_071328.json:2419:        "    CPU only:   /home/fekerr/src/irislime/build/openvino_debug/bin/llama-cvector-generator -m ./llama-3.Q4_K_M.gguf",
./logs/tests/smoke_help_20260710_071328.json:2421:        "    with GPU:   /home/fekerr/src/irislime/build/openvino_debug/bin/llama-cvector-generator -m ./llama-3.Q4_K_M.gguf -ngl 99",
./logs/tests/smoke_help_20260710_071328.json:2423:        "    advanced:   /home/fekerr/src/irislime/build/openvino_debug/bin/llama-cvector-generator -m ./llama-3.Q4_K_M.gguf -ngl 99 --pca-iter 2000 --pca-batch 100",
./logs/tests/smoke_help_20260710_071328.json:2425:        "    using mean: /home/fekerr/src/irislime/build/openvino_debug/bin/llama-cvector-generator -m ./llama-3.Q4_K_M.gguf --method mean",
./logs/tests/smoke_help_20260710_071328.json:2750:        "  /home/fekerr/src/irislime/build/openvino_debug/bin/llama-debug -m model.gguf -p \"Hello my name is\" --verbose",
./logs/tests/smoke_help_20260710_071328.json:2756:        "  /home/fekerr/src/irislime/build/openvino_debug/bin/llama-debug -m model.gguf -p \"Hello my name is\" --save-logits",
./logs/tests/smoke_help_20260710_071328.json:4024:        "  /home/fekerr/src/irislime/build/openvino_debug/bin/llama-export-lora -m base-model.gguf --lora lora-file.gguf -o merged-model-f16.gguf",
./logs/tests/smoke_help_20260710_071328.json:4688:        "usage: /home/fekerr/src/irislime/build/openvino_debug/bin/llama-gguf data.gguf r|w [n]",
./logs/tests/smoke_help_20260710_071328.json:4713:        "usage: /home/fekerr/src/irislime/build/openvino_debug/bin/llama-gguf-split [options] GGUF_IN GGUF_OUT",
./logs/tests/smoke_help_20260710_071328.json:5031:        "    /home/fekerr/src/irislime/build/openvino_debug/bin/llama-idle -m model.gguf [-ngl n_gpu_layers]",
./logs/tests/smoke_help_20260710_071328.json:5356:        "    /home/fekerr/src/irislime/build/openvino_debug/bin/llama-imatrix \\",
./logs/tests/smoke_help_20260710_071328.json:6343:        "Usage: /home/fekerr/src/irislime/build/openvino_debug/bin/llama-lookup-merge [--help] lookup_part_1.bin lookup_part_2.bin ... lookup_merged.bin"
./logs/tests/smoke_help_20260710_071328.json:7034:        "Usage: /home/fekerr/src/irislime/build/openvino_debug/bin/llama-mtmd-cli [options] -m <model> --mmproj <mmproj> --image <image> --audio <audio> -p <prompt>",
./logs/tests/smoke_help_20260710_071328.json:7390:        "Usage: /home/fekerr/src/irislime/build/openvino_debug/bin/llama-mtmd-debug -m <model> --mmproj <mmproj> -p <mode> -n <size> --image <image> --audio <audio>",
./logs/tests/smoke_help_20260710_071328.json:8040:        "    /home/fekerr/src/irislime/build/openvino_debug/bin/llama-passkey -m model.gguf --junk 250 --pos 90 --keep 32 --grp-attn-n 2 [--seed 1234]",
./logs/tests/smoke_help_20260710_071328.json:8394:        "usage: /home/fekerr/src/irislime/build/openvino_debug/bin/llama-quantize [--help] [--allow-requantize] [--leave-output-tensor] [--pure] [--imatrix] [--include-weights]",
./logs/tests/smoke_help_20260710_071328.json:9122:        "    /home/fekerr/src/irislime/build/openvino_debug/bin/llama-retrieval --model ./models/bge-base-en-v1.5-f16.gguf --top-k 3 --context-file README.md --context-file License --chunk-size 100 --chunk-separator .",
./logs/tests/smoke_help_20260710_071328.json:9784:        "    /home/fekerr/src/irislime/build/openvino_debug/bin/llama-simple -m model.gguf [-n n_predict] [-ngl n_gpu_layers] [prompt]",
./logs/tests/smoke_help_20260710_071328.json:9798:        "    /home/fekerr/src/irislime/build/openvino_debug/bin/llama-simple-chat -m model.gguf [-c context_size] [-ngl n_gpu_layers]",
./logs/tests/smoke_help_20260710_071328.json:10630:        "Usage: /home/fekerr/src/irislime/build/openvino_debug/bin/llama-template-analysis [options]",
./logs/tests/smoke_help_20260710_071328.json:10638:        "  /home/fekerr/src/irislime/build/openvino_debug/bin/llama-template-analysis --all",
./logs/tests/smoke_help_20260710_071328.json:10639:        "  /home/fekerr/src/irislime/build/openvino_debug/bin/llama-template-analysis --template deepseek",
./logs/tests/smoke_help_20260710_071328.json:10640:        "  /home/fekerr/src/irislime/build/openvino_debug/bin/llama-template-analysis --template-file my-template.jinja"
./logs/tests/smoke_help_20260710_071328.json:10650:        "usage: /home/fekerr/src/irislime/build/openvino_debug/bin/llama-tokenize [options]",
./logs/tests/smoke_help_20260710_071328.json:10985:        "    /home/fekerr/src/irislime/build/openvino_debug/bin/llama-tts -m model.gguf -p \"Hello!\"",
./logs/tests/smoke_help_20260710_071328.json:11143:        "Usage: /home/fekerr/src/irislime/build/openvino_debug/bin/test-backend-ops [mode] [-o <op,..>] [-b <backend>] [-p <params regex>] [--output <console|sql|csv>] [--list-ops] [--show-coverage] [--test-file <path>] [-j <n>]",
./logs/tests/smoke_help_20260710_071328.json:11176:        "test-barrier: /home/fekerr/src/irislime/llama.cpp/ggml/src/ggml-cpu/ggml-cpu.c:2457: ggml_get_n_tasks: Assertion `n_tasks > 0' failed."
./logs/tests/smoke_help_20260710_071328.json:11203:        "/home/fekerr/src/irislime/build/openvino_debug/bin/libggml-base.so.0(+0x848e4) [0x74583549c8e4]",
./logs/tests/smoke_help_20260710_071328.json:11204:        "/home/fekerr/src/irislime/build/openvino_debug/bin/libggml-base.so.0(ggml_print_backtrace+0x272) [0x74583549cb8f]",
./logs/tests/smoke_help_20260710_071328.json:11205:        "/home/fekerr/src/irislime/build/openvino_debug/bin/libggml-base.so.0(+0x9bef0) [0x7458354b3ef0]",
./logs/tests/smoke_help_20260710_071328.json:11209:        "/home/fekerr/src/irislime/build/openvino_debug/bin/test-chat(+0x120f83) [0x5bb939e89f83]",
./logs/tests/smoke_help_20260710_071328.json:11210:        "/home/fekerr/src/irislime/build/openvino_debug/bin/test-chat(+0x1211df) [0x5bb939e8a1df]",
./logs/tests/smoke_help_20260710_071328.json:11211:        "/home/fekerr/src/irislime/build/openvino_debug/bin/test-chat(+0x174841) [0x5bb939edd841]",
./logs/tests/smoke_help_20260710_071328.json:11212:        "/home/fekerr/src/irislime/build/openvino_debug/bin/test-chat(+0x17948b) [0x5bb939ee248b]",
./logs/tests/smoke_help_20260710_071328.json:11215:        "/home/fekerr/src/irislime/build/openvino_debug/bin/test-chat(+0x11e635) [0x5bb939e87635]",
./logs/tests/smoke_help_20260710_071328.json:11298:        "Usage: /home/fekerr/src/irislime/build/openvino_debug/bin/test-gbnf-validator <grammar_filename> <input_filename>"
./logs/tests/smoke_help_20260710_071328.json:11308:        "/home/fekerr/src/irislime/build/openvino_debug/bin/libggml-base.so.0(+0x848e4) [0x7eb8b685a8e4]",
./logs/tests/smoke_help_20260710_071328.json:11309:        "/home/fekerr/src/irislime/build/openvino_debug/bin/libggml-base.so.0(ggml_print_backtrace+0x272) [0x7eb8b685ab8f]",
./logs/tests/smoke_help_20260710_071328.json:11310:        "/home/fekerr/src/irislime/build/openvino_debug/bin/libggml-base.so.0(+0x9bef0) [0x7eb8b6871ef0]",
./logs/tests/smoke_help_20260710_071328.json:11315:        "/home/fekerr/src/irislime/build/openvino_debug/bin/test-gguf(+0x12591) [0x5c267995f591]",
./logs/tests/smoke_help_20260710_071328.json:11316:        "/home/fekerr/src/irislime/build/openvino_debug/bin/test-gguf(+0x11e65) [0x5c267995ee65]",
./logs/tests/smoke_help_20260710_071328.json:11317:        "/home/fekerr/src/irislime/build/openvino_debug/bin/test-gguf(+0x11661) [0x5c267995e661]",
./logs/tests/smoke_help_20260710_071328.json:11320:        "/home/fekerr/src/irislime/build/openvino_debug/bin/test-gguf(+0x9ce5) [0x5c2679956ce5]",
./logs/tests/smoke_help_20260710_071328.json:12662:        "python: can't open file '/home/fekerr/src/irislime/build/openvino_debug/bin/./examples/json_schema_to_grammar.py': [Errno 2] No such file or directory",
./logs/tests/smoke_help_20260710_071328.json:12672:        "test-json-schema-to-grammar: /home/fekerr/src/irislime/llama.cpp/tests/test-json-schema-to-grammar.cpp:62: void TestCase::verify_status(TestCaseStatus) const: Assertion `false' failed."
./logs/tests/smoke_help_20260710_071328.json:18965:        "load_backend: failed to find ggml_backend_init in /home/fekerr/src/irislime/build/openvino_debug/bin/libggml-cpu.so",
./logs/tests/smoke_help_20260710_071328.json:19553:        "  /home/fekerr/src/irislime/build/openvino_debug/bin/test-quant-type-selection --generate"
./logs/tests/smoke_help_20260710_071328.json:19575:        "usage: /home/fekerr/src/irislime/build/openvino_debug/bin/test-quantize-perf [options]",
./logs/tests/smoke_help_20260710_071328.json:19598:        "usage: /home/fekerr/src/irislime/build/openvino_debug/bin/test-quantize-stats [options]",
./logs/tests/smoke_help_20260710_071328.json:20146:        "/home/fekerr/src/irislime/llama.cpp/tests/test-sampling.cpp:67 (test_temp)",
./logs/tests/smoke_help_20260710_071328.json:20152:        "/home/fekerr/src/irislime/llama.cpp/tests/test-sampling.cpp:70 (test_temp)",
./logs/tests/smoke_help_20260710_071328.json:20158:        "/home/fekerr/src/irislime/llama.cpp/tests/test-sampling.cpp:67 (test_temp)",
./logs/tests/smoke_help_20260710_071328.json:20164:        "/home/fekerr/src/irislime/llama.cpp/tests/test-sampling.cpp:70 (test_temp)",
./logs/tests/smoke_help_20260710_071328.json:20170:        "/home/fekerr/src/irislime/llama.cpp/tests/test-sampling.cpp:78 (test_temp_ext)",
./logs/tests/smoke_help_20260710_071328.json:20176:        "/home/fekerr/src/irislime/llama.cpp/tests/test-sampling.cpp:81 (test_temp_ext)",
./logs/tests/smoke_help_20260710_071328.json:20182:        "/home/fekerr/src/irislime/llama.cpp/tests/test-sampling.cpp:78 (test_temp_ext)",
./logs/tests/smoke_help_20260710_071328.json:20188:        "/home/fekerr/src/irislime/llama.cpp/tests/test-sampling.cpp:81 (test_temp_ext)",
./logs/tests/smoke_help_20260710_071328.json:20194:        "/home/fekerr/src/irislime/llama.cpp/tests/test-sampling.cpp:89 (test_top_k)",
./logs/tests/smoke_help_20260710_071328.json:20200:        "/home/fekerr/src/irislime/llama.cpp/tests/test-sampling.cpp:92 (test_top_k)",
./logs/tests/smoke_help_20260710_071328.json:20203:        "/home/fekerr/src/irislime/llama.cpp/tests/test-sampling.cpp:89 (test_top_k)",
./logs/tests/smoke_help_20260710_071328.json:20209:        "/home/fekerr/src/irislime/llama.cpp/tests/test-sampling.cpp:92 (test_top_k)",
./logs/tests/smoke_help_20260710_071328.json:20214:        "/home/fekerr/src/irislime/llama.cpp/tests/test-sampling.cpp:89 (test_top_k)",
./logs/tests/smoke_help_20260710_071328.json:20220:        "/home/fekerr/src/irislime/llama.cpp/tests/test-sampling.cpp:92 (test_top_k)",
./logs/tests/smoke_help_20260710_071328.json:20226:        "/home/fekerr/src/irislime/llama.cpp/tests/test-sampling.cpp:89 (test_top_k)",
./logs/tests/smoke_help_20260710_071328.json:20232:        "/home/fekerr/src/irislime/llama.cpp/tests/test-sampling.cpp:92 (test_top_k)",
./logs/tests/smoke_help_20260710_071328.json:20238:        "/home/fekerr/src/irislime/llama.cpp/tests/test-sampling.cpp:100 (test_top_p)",
./logs/tests/smoke_help_20260710_071328.json:20244:        "/home/fekerr/src/irislime/llama.cpp/tests/test-sampling.cpp:103 (test_top_p)",
./logs/tests/smoke_help_20260710_071328.json:20247:        "/home/fekerr/src/irislime/llama.cpp/tests/test-sampling.cpp:100 (test_top_p)",
./logs/tests/smoke_help_20260710_071328.json:20253:        "/home/fekerr/src/irislime/llama.cpp/tests/test-sampling.cpp:103 (test_top_p)",
./logs/tests/smoke_help_20260710_071328.json:20257:        "/home/fekerr/src/irislime/llama.cpp/tests/test-sampling.cpp:100 (test_top_p)",
./logs/tests/smoke_help_20260710_071328.json:20263:        "/home/fekerr/src/irislime/llama.cpp/tests/test-sampling.cpp:103 (test_top_p)",
./logs/tests/smoke_help_20260710_071328.json:20268:        "/home/fekerr/src/irislime/llama.cpp/tests/test-sampling.cpp:100 (test_top_p)",
./logs/tests/smoke_help_20260710_071328.json:20274:        "/home/fekerr/src/irislime/llama.cpp/tests/test-sampling.cpp:103 (test_top_p)",
./logs/tests/smoke_help_20260710_071328.json:20280:        "/home/fekerr/src/irislime/llama.cpp/tests/test-sampling.cpp:111 (test_min_p)",
./logs/tests/smoke_help_20260710_071328.json:20286:        "/home/fekerr/src/irislime/llama.cpp/tests/test-sampling.cpp:114 (test_min_p)",
./logs/tests/smoke_help_20260710_071328.json:20292:        "/home/fekerr/src/irislime/llama.cpp/tests/test-sampling.cpp:111 (test_min_p)",
./logs/tests/smoke_help_20260710_071328.json:20298:        "/home/fekerr/src/irislime/llama.cpp/tests/test-sampling.cpp:114 (test_min_p)",
./logs/tests/smoke_help_20260710_071328.json:20304:        "/home/fekerr/src/irislime/llama.cpp/tests/test-sampling.cpp:111 (test_min_p)",
./logs/tests/smoke_help_20260710_071328.json:20310:        "/home/fekerr/src/irislime/llama.cpp/tests/test-sampling.cpp:114 (test_min_p)",
./logs/tests/smoke_help_20260710_071328.json:20315:        "/home/fekerr/src/irislime/llama.cpp/tests/test-sampling.cpp:111 (test_min_p)",
./logs/tests/smoke_help_20260710_071328.json:20321:        "/home/fekerr/src/irislime/llama.cpp/tests/test-sampling.cpp:114 (test_min_p)",
./logs/tests/smoke_help_20260710_071328.json:20326:        "/home/fekerr/src/irislime/llama.cpp/tests/test-sampling.cpp:111 (test_min_p)",
./logs/tests/smoke_help_20260710_071328.json:20332:        "/home/fekerr/src/irislime/llama.cpp/tests/test-sampling.cpp:114 (test_min_p)",
./logs/tests/smoke_help_20260710_071328.json:20336:        "/home/fekerr/src/irislime/llama.cpp/tests/test-sampling.cpp:111 (test_min_p)",
./logs/tests/smoke_help_20260710_071328.json:20342:        "/home/fekerr/src/irislime/llama.cpp/tests/test-sampling.cpp:114 (test_min_p)",
./logs/tests/smoke_help_20260710_071328.json:20346:        "/home/fekerr/src/irislime/llama.cpp/tests/test-sampling.cpp:111 (test_min_p)",
./logs/tests/smoke_help_20260710_071328.json:20352:        "/home/fekerr/src/irislime/llama.cpp/tests/test-sampling.cpp:114 (test_min_p)",
./logs/tests/smoke_help_20260710_071328.json:20355:        "/home/fekerr/src/irislime/llama.cpp/tests/test-sampling.cpp:111 (test_min_p)",
./logs/tests/smoke_help_20260710_071328.json:20361:        "/home/fekerr/src/irislime/llama.cpp/tests/test-sampling.cpp:114 (test_min_p)",
./logs/tests/smoke_help_20260710_071328.json:20364:        "/home/fekerr/src/irislime/llama.cpp/tests/test-sampling.cpp:111 (test_min_p)",
./logs/tests/smoke_help_20260710_071328.json:20370:        "/home/fekerr/src/irislime/llama.cpp/tests/test-sampling.cpp:114 (test_min_p)",
./logs/tests/smoke_help_20260710_071328.json:20374:        "/home/fekerr/src/irislime/llama.cpp/tests/test-sampling.cpp:122 (test_xtc)",
./logs/tests/smoke_help_20260710_071328.json:20380:        "/home/fekerr/src/irislime/llama.cpp/tests/test-sampling.cpp:124 (test_xtc)",
./logs/tests/smoke_help_20260710_071328.json:20383:        "/home/fekerr/src/irislime/llama.cpp/tests/test-sampling.cpp:122 (test_xtc)",
./logs/tests/smoke_help_20260710_071328.json:20389:        "/home/fekerr/src/irislime/llama.cpp/tests/test-sampling.cpp:124 (test_xtc)",
./logs/tests/smoke_help_20260710_071328.json:20393:        "/home/fekerr/src/irislime/llama.cpp/tests/test-sampling.cpp:122 (test_xtc)",
./logs/tests/smoke_help_20260710_071328.json:20399:        "/home/fekerr/src/irislime/llama.cpp/tests/test-sampling.cpp:124 (test_xtc)",
./logs/tests/smoke_help_20260710_071328.json:20405:        "/home/fekerr/src/irislime/llama.cpp/tests/test-sampling.cpp:122 (test_xtc)",
./logs/tests/smoke_help_20260710_071328.json:20411:        "/home/fekerr/src/irislime/llama.cpp/tests/test-sampling.cpp:124 (test_xtc)",
./logs/tests/smoke_help_20260710_071328.json:20417:        "/home/fekerr/src/irislime/llama.cpp/tests/test-sampling.cpp:132 (test_typical)",
./logs/tests/smoke_help_20260710_071328.json:20423:        "/home/fekerr/src/irislime/llama.cppempty DRY sequence breakers list in llama_sampler_init_dry_testing",
./logs/tests/smoke_help_20260710_071328.json:20429:        "/home/fekerr/src/irislime/llama.cpp/tests/test-sampling.cpp:132 (test_typical)",
./logs/tests/smoke_help_20260710_071328.json:20435:        "/home/fekerr/src/irislime/llama.cpp/tests/test-sampling.cpp:134 (test_typical)",
./logs/tests/smoke_help_20260710_071328.json:20440:        "/home/fekerr/src/irislime/llama.cpp/tests/test-sampling.cpp:153 (test_penalties)",
./logs/tests/smoke_help_20260710_071328.json:20447:        "/home/fekerr/src/irislime/llama.cpp/tests/test-sampling.cpp:156 (test_penalties)",
./logs/tests/smoke_help_20260710_071328.json:20454:        "/home/fekerr/src/irislime/llama.cpp/tests/test-sampling.cpp:153 (test_penalties)",
./logs/tests/smoke_help_20260710_071328.json:20461:        "/home/fekerr/src/irislime/llama.cpp/tests/test-sampling.cpp:156 (test_penalties)",
./logs/tests/smoke_help_20260710_071328.json:20468:        "/home/fekerr/src/irislime/llama.cpp/tests/test-sampling.cpp:153 (test_penalties)",
./logs/tests/smoke_help_20260710_071328.json:20475:        "/home/fekerr/src/irislime/llama.cpp/tests/test-sampling.cpp:156 (test_penalties)",
./logs/tests/smoke_help_20260710_071328.json:20482:        "/home/fekerr/src/irislime/llama.cpp/tests/test-sampling.cpp:153 (test_penalties)",
./logs/tests/smoke_help_20260710_071328.json:20489:        "/home/fekerr/src/irislime/llama.cpp/tests/test-sampling.cpp:156 (test_penalties)",
./logs/tests/smoke_help_20260710_071328.json:20496:        "/home/fekerr/src/irislime/llama.cpp/tests/test-sampling.cpp:153 (test_penalties)",
./logs/tests/smoke_help_20260710_071328.json:20503:        "/home/fekerr/src/irislime/llama.cpp/tests/test-sampling.cpp:156 (test_penalties)",
./logs/tests/smoke_help_20260710_071328.json:20510:        "/home/fekerr/src/irislime/llama.cpp/tests/test-sampling.cpp:153 (test_penalties)",
./logs/tests/smoke_help_20260710_071328.json:20517:        "/home/fekerr/src/irislime/llama.cpp/tests/test-sampling.cpp:156 (test_penalties)",
./logs/tests/smoke_help_20260710_071328.json:20524:        "/home/fekerr/src/irislime/llama.cpp/tests/test-sampling.cpp:177 (test_dry)",
./logs/tests/smoke_help_20260710_071328.json:20530:        "/home/fekerr/src/irislime/llama.cpp/tests/test-sampling.cpp:180 (test_dry)",
./logs/tests/smoke_help_20260710_071328.json:20536:        "/home/fekerr/src/irislime/llama.cpp/tests/test-sampling.cpp:177 (test_dry)",
./logs/tests/smoke_help_20260710_071328.json:20542:        "/home/fekerr/src/irislime/llama.cpp/tests/test-sampling.cpp:180 (test_dry)",
./logs/tests/smoke_help_20260710_071328.json:20548:        "/home/fekerr/src/irislime/llama.cpp/tests/test-sampling.cpp:177 (test_dry)",
./logs/tests/smoke_help_20260710_071328.json:20555:        "/home/fekerr/src/irislime/llama.cpp/tests/test-sampling.cpp:180 (test_dry)",
./logs/tests/smoke_help_20260710_071328.json:20562:        "/home/fekerr/src/irislime/llama.cpp/tests/test-sampling.cpp:177 (test_dry)",
./logs/tests/smoke_help_20260710_071328.json:20570:        "/home/fekerr/src/irislime/llama.cpp/tests/test-sampling.cpp:180 (test_dry)",
./logs/tests/smoke_help_20260710_071328.json:20577:        "/home/fekerr/src/irislime/llama.cpp/tests/test-sampling.cpp:177 (test_dry)",
./logs/tests/smoke_help_20260710_071328.json:20584:        "/home/fekerr/src/irislime/llama.cpp/tests/test-sampling.cpp:180 (test_dry)",
./logs/tests/smoke_help_20260710_071328.json:20591:        "/home/fekerr/src/irislime/llama.cpp/tests/test-sampling.cpp:187 (test_top_n_sigma)",
./logs/tests/smoke_help_20260710_071328.json:20597:        "/home/fekerr/src/irislime/llama.cpp/tests/test-sampling.cpp:190 (test_top_n_sigma)",
./logs/tests/smoke_help_20260710_071328.json:20603:        "/home/fekerr/src/irislime/llama.cpp/tests/test-sampling.cpp:187 (test_top_n_sigma)",
./logs/tests/smoke_help_20260710_071328.json:20609:        "/home/fekerr/src/irislime/llama.cpp/tests/test-sampling.cpp:190 (test_top_n_sigma)",
./logs/tests/smoke_help_20260710_071328.json:20615:        "/home/fekerr/src/irislime/llama.cpp/tests/test-sampling.cpp:187 (test_top_n_sigma)",
./logs/tests/smoke_help_20260710_071328.json:20621:        "/home/fekerr/src/irislime/llama.cpp/tests/test-sampling.cpp:190 (test_top_n_sigma)",
./logs/tests/smoke_help_20260710_071328.json:22353:        "    /home/fekerr/src/irislime/build/openvino_release/bin/llama-batched -m model.gguf -p \"Hello my name is\" -n 32 -np 4",
./logs/tests/smoke_help_20260710_071328.json:22675:        "    /home/fekerr/src/irislime/build/openvino_release/bin/llama-batched-bench -m model.gguf -c 2048 -b 2048 -ub 512 -npp 128,256,512 -ntg 128,256 -npl 1,2,4,8,16,32 [-pps]",
./logs/tests/smoke_help_20260710_071328.json:22686:        "usage: /home/fekerr/src/irislime/build/openvino_release/bin/llama-bench [options]",
./logs/tests/smoke_help_20260710_071328.json:23683:        "usage: /home/fekerr/src/irislime/build/openvino_release/bin/llama-convert-llama2c-to-ggml [options]",
./logs/tests/smoke_help_20260710_071328.json:24009:        "    CPU only:   /home/fekerr/src/irislime/build/openvino_release/bin/llama-cvector-generator -m ./llama-3.Q4_K_M.gguf",
./logs/tests/smoke_help_20260710_071328.json:24011:        "    with GPU:   /home/fekerr/src/irislime/build/openvino_release/bin/llama-cvector-generator -m ./llama-3.Q4_K_M.gguf -ngl 99",
./logs/tests/smoke_help_20260710_071328.json:24013:        "    advanced:   /home/fekerr/src/irislime/build/openvino_release/bin/llama-cvector-generator -m ./llama-3.Q4_K_M.gguf -ngl 99 --pca-iter 2000 --pca-batch 100",
./logs/tests/smoke_help_20260710_071328.json:24015:        "    using mean: /home/fekerr/src/irislime/build/openvino_release/bin/llama-cvector-generator -m ./llama-3.Q4_K_M.gguf --method mean",
./logs/tests/smoke_help_20260710_071328.json:25599:        "  /home/fekerr/src/irislime/build/openvino_release/bin/llama-export-lora -m base-model.gguf --lora lora-file.gguf -o merged-model-f16.gguf",
./logs/tests/smoke_help_20260710_071328.json:26263:        "usage: /home/fekerr/src/irislime/build/openvino_release/bin/llama-gguf data.gguf r|w [n]",
./logs/tests/smoke_help_20260710_071328.json:26288:        "usage: /home/fekerr/src/irislime/build/openvino_release/bin/llama-gguf-split [options] GGUF_IN GGUF_OUT",
./logs/tests/smoke_help_20260710_071328.json:26606:        "    /home/fekerr/src/irislime/build/openvino_release/bin/llama-idle -m model.gguf [-ngl n_gpu_layers]",
./logs/tests/smoke_help_20260710_071328.json:26931:        "    /home/fekerr/src/irislime/build/openvino_release/bin/llama-imatrix \\",
./logs/tests/smoke_help_20260710_071328.json:27918:        "Usage: /home/fekerr/src/irislime/build/openvino_release/bin/llama-lookup-merge [--help] lookup_part_1.bin lookup_part_2.bin ... lookup_merged.bin"
./logs/tests/smoke_help_20260710_071328.json:28609:        "Usage: /home/fekerr/src/irislime/build/openvino_release/bin/llama-mtmd-cli [options] -m <model> --mmproj <mmproj> --image <image> --audio <audio> -p <prompt>",
./logs/tests/smoke_help_20260710_071328.json:28965:        "Usage: /home/fekerr/src/irislime/build/openvino_release/bin/llama-mtmd-debug -m <model> --mmproj <mmproj> -p <mode> -n <size> --image <image> --audio <audio>",
./logs/tests/smoke_help_20260710_071328.json:29964:        "usage: /home/fekerr/src/irislime/build/openvino_release/bin/llama-quantize [--help] [--allow-requantize] [--leave-output-tensor] [--pure] [--imatrix] [--include-weights]",
./logs/tests/smoke_help_20260710_071328.json:31349:        "    /home/fekerr/src/irislime/build/openvino_release/bin/llama-simple -m model.gguf [-n n_predict] [-ngl n_gpu_layers] [prompt]",
./logs/tests/smoke_help_20260710_071328.json:31363:        "    /home/fekerr/src/irislime/build/openvino_release/bin/llama-simple-chat -m model.gguf [-c context_size] [-ngl n_gpu_layers]",
./logs/tests/smoke_help_20260710_071328.json:32195:        "Usage: /home/fekerr/src/irislime/build/openvino_release/bin/llama-template-analysis [options]",
./logs/tests/smoke_help_20260710_071328.json:32203:        "  /home/fekerr/src/irislime/build/openvino_release/bin/llama-template-analysis --all",
./logs/tests/smoke_help_20260710_071328.json:32204:        "  /home/fekerr/src/irislime/build/openvino_release/bin/llama-template-analysis --template deepseek",
./logs/tests/smoke_help_20260710_071328.json:32205:        "  /home/fekerr/src/irislime/build/openvino_release/bin/llama-template-analysis --template-file my-template.jinja"
./logs/tests/smoke_help_20260710_071328.json:32215:        "usage: /home/fekerr/src/irislime/build/openvino_release/bin/llama-tokenize [options]",
./logs/tests/smoke_help_20260710_071328.json:32674:        "Usage: /home/fekerr/src/irislime/build/openvino_release/bin/test-backend-ops [mode] [-o <op,..>] [-b <backend>] [-p <params regex>] [--output <console|sql|csv>] [--list-ops] [--show-coverage] [--test-file <path>] [-j <n>]",
./logs/tests/smoke_help_20260710_071328.json:32711:        "/home/fekerr/src/irislime/llama.cpp/ggml/src/ggml-cpu/ggml-cpu.c:3312: GGML_ASSERT(cplan->n_threads > 0) failed",
./logs/tests/smoke_help_20260710_071328.json:32712:        "/home/fekerr/src/irislime/build/openvino_release/bin/libggml-base.so.0(+0x1b036) [0x71aa87d52036]",
./logs/tests/smoke_help_20260710_071328.json:32713:        "/home/fekerr/src/irislime/build/openvino_release/bin/libggml-base.so.0(ggml_print_backtrace+0x20d) [0x71aa87d524bd]",
./logs/tests/smoke_help_20260710_071328.json:32714:        "/home/fekerr/src/irislime/build/openvino_release/bin/libggml-base.so.0(ggml_abort+0x166) [0x71aa87d526a6]",
./logs/tests/smoke_help_20260710_071328.json:32715:        "/home/fekerr/src/irislime/build/openvino_release/bin/libggml-cpu.so.0(ggml_graph_compute+0x292) [0x71aa87e28202]",
./logs/tests/smoke_help_20260710_071328.json:32716:        "/home/fekerr/src/irislime/build/openvino_release/bin/test-barrier(+0x2d7b) [0x557fbfecdd7b]",
./logs/tests/smoke_help_20260710_071328.json:32717:        "/home/fekerr/src/irislime/build/openvino_release/bin/test-barrier(+0x2573) [0x557fbfecd573]",
./logs/tests/smoke_help_20260710_071328.json:32720:        "/home/fekerr/src/irislime/build/openvino_release/bin/test-barrier(+0x25f5) [0x557fbfecd5f5]"
./logs/tests/smoke_help_20260710_071328.json:32747:        "/home/fekerr/src/irislime/build/openvino_release/bin/libggml-base.so.0(+0x1b036) [0x792d3c4d1036]",
./logs/tests/smoke_help_20260710_071328.json:32748:        "/home/fekerr/src/irislime/build/openvino_release/bin/libggml-base.so.0(ggml_print_backtrace+0x20d) [0x792d3c4d14bd]",
./logs/tests/smoke_help_20260710_071328.json:32749:        "/home/fekerr/src/irislime/build/openvino_release/bin/libggml-base.so.0(+0x2f19f) [0x792d3c4e519f]",
./logs/tests/smoke_help_20260710_071328.json:32753:        "/home/fekerr/src/irislime/build/openvino_release/bin/test-chat(+0x1e6fa) [0x59b925adf6fa]",
./logs/tests/smoke_help_20260710_071328.json:32754:        "/home/fekerr/src/irislime/build/openvino_release/bin/test-chat(+0x40f37) [0x59b925b01f37]",
./logs/tests/smoke_help_20260710_071328.json:32755:        "/home/fekerr/src/irislime/build/openvino_release/bin/test-chat(+0x456e7) [0x59b925b066e7]",
./logs/tests/smoke_help_20260710_071328.json:32756:        "/home/fekerr/src/irislime/build/openvino_release/bin/test-chat(+0x3ba4f) [0x59b925afca4f]",
./logs/tests/smoke_help_20260710_071328.json:32759:        "/home/fekerr/src/irislime/build/openvino_release/bin/test-chat(+0x3bfc5) [0x59b925afcfc5]",
./logs/tests/smoke_help_20260710_071328.json:32842:        "Usage: /home/fekerr/src/irislime/build/openvino_release/bin/test-gbnf-validator <grammar_filename> <input_filename>"
./logs/tests/smoke_help_20260710_071328.json:32852:        "/home/fekerr/src/irislime/build/openvino_release/bin/libggml-base.so.0(+0x1b036) [0x73e0d79c7036]",
./logs/tests/smoke_help_20260710_071328.json:32853:        "/home/fekerr/src/irislime/build/openvino_release/bin/libggml-base.so.0(ggml_print_backtrace+0x20d) [0x73e0d79c74bd]",
./logs/tests/smoke_help_20260710_071328.json:32854:        "/home/fekerr/src/irislime/build/openvino_release/bin/libggml-base.so.0(+0x2f19f) [0x73e0d79db19f]",
./logs/tests/smoke_help_20260710_071328.json:32859:        "/home/fekerr/src/irislime/build/openvino_release/bin/test-gguf(+0x4241) [0x596e700f1241]",
./logs/tests/smoke_help_20260710_071328.json:32862:        "/home/fekerr/src/irislime/build/openvino_release/bin/test-gguf(+0x7995) [0x596e700f4995]",
./logs/tests/smoke_help_20260710_071328.json:34204:        "python: can't open file '/home/fekerr/src/irislime/build/openvino_release/bin/./examples/json_schema_to_grammar.py': [Errno 2] No such file or directory",
./logs/tests/smoke_help_20260710_071328.json:34214:        "test-json-schema-to-grammar: /home/fekerr/src/irislime/llama.cpp/tests/test-json-schema-to-grammar.cpp:62: void TestCase::verify_status(TestCaseStatus) const: Assertion `false' failed."
./logs/tests/smoke_help_20260710_071328.json:40976:        "  /home/fekerr/src/irislime/build/openvino_release/bin/test-quant-type-selection --generate"
./logs/tests/smoke_help_20260710_071328.json:40998:        "usage: /home/fekerr/src/irislime/build/openvino_release/bin/test-quantize-perf [options]",
./logs/tests/smoke_help_20260710_071328.json:41021:        "usage: /home/fekerr/src/irislime/build/openvino_release/bin/test-quantize-stats [options]",
./logs/tests/smoke_help_20260710_071328.json:41554:        "/home/fekerr/src/irislime/llama.cpp/tests/test-sampling.cpp:67 (test_temp)",
./logs/tests/smoke_help_20260710_071328.json:41560:        "/home/fekerr/src/irislime/llama.cpp/tests/test-sampling.cpp:70 (test_temp)",
./logs/tests/smoke_help_20260710_071328.json:41566:        "/home/fekerr/src/irislime/llama.cpp/tests/test-sampling.cpp:67 (test_temp)",
./logs/tests/smoke_help_20260710_071328.json:41572:        "/home/fekerr/src/irislime/llama.cpp/tests/test-sampling.cpp:70 (test_temp)",
./logs/tests/smoke_help_20260710_071328.json:41578:        "/home/fekerr/src/irislime/llama.cpp/tests/test-sampling.cpp:78 (test_temp_ext)",
./logs/tests/smoke_help_20260710_071328.json:41584:        "/home/fekerr/src/irislime/llama.cpp/tests/test-sampling.cpp:81 (test_temp_ext)",
./logs/tests/smoke_help_20260710_071328.json:41590:        "/home/fekerr/src/irislime/llama.cpp/tests/test-sampling.cpp:78 (test_temp_ext)",
./logs/tests/smoke_help_20260710_071328.json:41596:        "/home/fekerr/src/irislime/llama.cpp/tests/test-sampling.cpp:81 (test_temp_ext)",
./logs/tests/smoke_help_20260710_071328.json:41602:        "/home/fekerr/src/irislime/llama.cpp/tests/test-sampling.cpp:89 (test_top_k)",
./logs/tests/smoke_help_20260710_071328.json:41608:        "/home/fekerr/src/irislime/llama.cpp/tests/test-sampling.cpp:92 (test_top_k)",
./logs/tests/smoke_help_20260710_071328.json:41611:        "/home/fekerr/src/irislime/llama.cpp/tests/test-sampling.cpp:89 (test_top_k)",
./logs/tests/smoke_help_20260710_071328.json:41617:        "/home/fekerr/src/irislime/llama.cpp/tests/test-sampling.cpp:92 (test_top_k)",
./logs/tests/smoke_help_20260710_071328.json:41622:        "/home/fekerr/src/irislime/llama.cpp/tests/test-sampling.cpp:89 (test_top_k)",
./logs/tests/smoke_help_20260710_071328.json:41628:        "/home/fekerr/src/irislime/llama.cpp/tests/test-sampling.cpp:92 (test_top_k)",
./logs/tests/smoke_help_20260710_071328.json:41634:        "/home/fekerr/src/irislime/llama.cpp/tests/test-sampling.cpp:89 (test_top_k)",
./logs/tests/smoke_help_20260710_071328.json:41640:        "/home/fekerr/src/irislime/llama.cpp/tests/test-sampling.cpp:92 (test_top_k)",
./logs/tests/smoke_help_20260710_071328.json:41646:        "/home/fekerr/src/irislime/llama.cpp/tests/test-sampling.cpp:100 (test_top_p)",
./logs/tests/smoke_help_20260710_071328.json:41652:        "/home/fekerr/src/irislime/llama.cpp/tests/test-sampling.cpp:103 (test_top_p)",
./logs/tests/smoke_help_20260710_071328.json:41655:        "/home/fekerr/src/irislime/llama.cpp/tests/test-sampling.cpp:100 (test_top_p)",
./logs/tests/smoke_help_20260710_071328.json:41661:        "/home/fekerr/src/irislime/llama.cpp/tests/test-sampling.cpp:103 (test_top_p)",
./logs/tests/smoke_help_20260710_071328.json:41665:        "/home/fekerr/src/irislime/llama.cpp/tests/test-sampling.cpp:100 (test_top_p)",
./logs/tests/smoke_help_20260710_071328.json:41671:        "/home/fekerr/src/irislime/llama.cpp/tests/test-sampling.cpp:103 (test_top_p)",
./logs/tests/smoke_help_20260710_071328.json:41676:        "/home/fekerr/src/irislime/llama.cpp/tests/test-sampling.cpp:100 (test_top_p)",
./logs/tests/smoke_help_20260710_071328.json:41682:        "/home/fekerr/src/irislime/llama.cpp/tests/test-sampling.cpp:103 (test_top_p)",
./logs/tests/smoke_help_20260710_071328.json:41688:        "/home/fekerr/src/irislime/llama.cpp/tests/test-sampling.cpp:111 (test_min_p)",
./logs/tests/smoke_help_20260710_071328.json:41694:        "/home/fekerr/src/irislime/llama.cpp/tests/test-sampling.cpp:114 (test_min_p)",
./logs/tests/smoke_help_20260710_071328.json:41700:        "/home/fekerr/src/irislime/llama.cpp/tests/test-sampling.cpp:111 (test_min_p)",
./logs/tests/smoke_help_20260710_071328.json:41706:        "/home/fekerr/src/irislime/llama.cpp/tests/test-sampling.cpp:114 (test_min_p)",
./logs/tests/smoke_help_20260710_071328.json:41712:        "/home/fekerr/src/irislime/llama.cpp/tests/test-sampling.cpp:111 (test_min_p)",
./logs/tests/smoke_help_20260710_071328.json:41718:        "/home/fekerr/src/irislime/llama.cpp/tests/test-sampling.cpp:114 (test_min_p)",
./logs/tests/smoke_help_20260710_071328.json:41723:        "/home/fekerr/src/irislime/llama.cpp/tests/test-sampling.cpp:111 (test_min_p)",
./logs/tests/smoke_help_20260710_071328.json:41729:        "/home/fekerr/src/irislime/llama.cpp/tests/test-sampling.cpp:114 (test_min_p)",
./logs/tests/smoke_help_20260710_071328.json:41734:        "/home/fekerr/src/irislime/llama.cpp/tests/test-sampling.cpp:111 (test_min_p)",
./logs/tests/smoke_help_20260710_071328.json:41740:        "/home/fekerr/src/irislime/llama.cpp/tests/test-sampling.cpp:114 (test_min_p)",
./logs/tests/smoke_help_20260710_071328.json:41744:        "/home/fekerr/src/irislime/llama.cpp/tests/test-sampling.cpp:111 (test_min_p)",
./logs/tests/smoke_help_20260710_071328.json:41750:        "/home/fekerr/src/irislime/llama.cpp/tests/test-sampling.cpp:114 (test_min_p)",
./logs/tests/smoke_help_20260710_071328.json:41754:        "/home/fekerr/src/irislime/llama.cpp/tests/test-sampling.cpp:111 (test_min_p)",
./logs/tests/smoke_help_20260710_071328.json:41760:        "/home/fekerr/src/irislime/llama.cpp/tests/test-sampling.cpp:114 (test_min_p)",
./logs/tests/smoke_help_20260710_071328.json:41763:        "/home/fekerr/src/irislime/llama.cpp/tests/test-sampling.cpp:111 (test_min_p)",
./logs/tests/smoke_help_20260710_071328.json:41769:        "/home/fekerr/src/irislime/llama.cpp/tests/test-sampling.cpp:114 (test_min_p)",
./logs/tests/smoke_help_20260710_071328.json:41772:        "/home/fekerr/src/irislime/llama.cpp/tests/test-sampling.cpp:111 (test_min_p)",
./logs/tests/smoke_help_20260710_071328.json:41778:        "/home/fekerr/src/irislime/llama.cpp/tests/test-sampling.cpp:114 (test_min_p)",
./logs/tests/smoke_help_20260710_071328.json:41782:        "/home/fekerr/src/irislime/llama.cpp/tests/test-sampling.cpp:122 (test_xtc)",
./logs/tests/smoke_help_20260710_071328.json:41788:        "/home/fekerr/src/irislime/llama.cpp/tests/test-sampling.cpp:124 (test_xtc)",
./logs/tests/smoke_help_20260710_071328.json:41791:        "/home/fekerr/src/irislime/llama.cpp/tests/test-sampling.cpp:122 (test_xtc)",
./logs/tests/smoke_help_20260710_071328.json:41797:        "/home/fekerr/src/irislime/llama.cpp/tests/test-sampling.cpp:124 (test_xtc)",
./logs/tests/smoke_help_20260710_071328.json:41801:        "/home/fekerr/src/irislime/llama.cpp/tests/test-sampling.cpp:122 (test_xtc)",
./logs/tests/smoke_help_20260710_071328.json:41807:        "/home/fekerr/src/irislime/llama.cpp/tests/test-sampling.cpp:124 (test_xtc)",
./logs/tests/smoke_help_20260710_071328.json:41813:        "/home/fekerr/src/irislime/llama.cpp/tests/test-sampling.cpp:122 (test_xtc)",
./logs/tests/smoke_help_20260710_071328.json:41819:        "/home/fekerr/src/irislime/llama.cpp/tests/test-sampling.cpp:124 (test_xtc)",
./logs/tests/smoke_help_20260710_071328.json:41825:        "/home/fekerr/src/irislime/llama.cpp/tests/test-sampling.cpp:132 (test_typical)",
./logs/tests/smoke_help_20260710_071328.json:41831:        "/home/fekerr/src/irislime/llama.cppempty DRY sequence breakers list in llama_sampler_init_dry_testing",
./logs/tests/smoke_help_20260710_071328.json:41837:        "/home/fekerr/src/irislime/llama.cpp/tests/test-sampling.cpp:132 (test_typical)",
./logs/tests/smoke_help_20260710_071328.json:41843:        "/home/fekerr/src/irislime/llama.cpp/tests/test-sampling.cpp:134 (test_typical)",
./logs/tests/smoke_help_20260710_071328.json:41848:        "/home/fekerr/src/irislime/llama.cpp/tests/test-sampling.cpp:153 (test_penalties)",
./logs/tests/smoke_help_20260710_071328.json:41855:        "/home/fekerr/src/irislime/llama.cpp/tests/test-sampling.cpp:156 (test_penalties)",
./logs/tests/smoke_help_20260710_071328.json:41862:        "/home/fekerr/src/irislime/llama.cpp/tests/test-sampling.cpp:153 (test_penalties)",
./logs/tests/smoke_help_20260710_071328.json:41869:        "/home/fekerr/src/irislime/llama.cpp/tests/test-sampling.cpp:156 (test_penalties)",
./logs/tests/smoke_help_20260710_071328.json:41876:        "/home/fekerr/src/irislime/llama.cpp/tests/test-sampling.cpp:153 (test_penalties)",
./logs/tests/smoke_help_20260710_071328.json:41883:        "/home/fekerr/src/irislime/llama.cpp/tests/test-sampling.cpp:156 (test_penalties)",
./logs/tests/smoke_help_20260710_071328.json:41890:        "/home/fekerr/src/irislime/llama.cpp/tests/test-sampling.cpp:153 (test_penalties)",
./logs/tests/smoke_help_20260710_071328.json:41897:        "/home/fekerr/src/irislime/llama.cpp/tests/test-sampling.cpp:156 (test_penalties)",
./logs/tests/smoke_help_20260710_071328.json:41904:        "/home/fekerr/src/irislime/llama.cpp/tests/test-sampling.cpp:153 (test_penalties)",
./logs/tests/smoke_help_20260710_071328.json:41911:        "/home/fekerr/src/irislime/llama.cpp/tests/test-sampling.cpp:156 (test_penalties)",
./logs/tests/smoke_help_20260710_071328.json:41918:        "/home/fekerr/src/irislime/llama.cpp/tests/test-sampling.cpp:153 (test_penalties)",
./logs/tests/smoke_help_20260710_071328.json:41925:        "/home/fekerr/src/irislime/llama.cpp/tests/test-sampling.cpp:156 (test_penalties)",
./logs/tests/smoke_help_20260710_071328.json:41932:        "/home/fekerr/src/irislime/llama.cpp/tests/test-sampling.cpp:177 (test_dry)",
./logs/tests/smoke_help_20260710_071328.json:41938:        "/home/fekerr/src/irislime/llama.cpp/tests/test-sampling.cpp:180 (test_dry)",
./logs/tests/smoke_help_20260710_071328.json:41944:        "/home/fekerr/src/irislime/llama.cpp/tests/test-sampling.cpp:177 (test_dry)",
./logs/tests/smoke_help_20260710_071328.json:41950:        "/home/fekerr/src/irislime/llama.cpp/tests/test-sampling.cpp:180 (test_dry)",
./logs/tests/smoke_help_20260710_071328.json:41956:        "/home/fekerr/src/irislime/llama.cpp/tests/test-sampling.cpp:177 (test_dry)",
./logs/tests/smoke_help_20260710_071328.json:41963:        "/home/fekerr/src/irislime/llama.cpp/tests/test-sampling.cpp:180 (test_dry)",
./logs/tests/smoke_help_20260710_071328.json:41970:        "/home/fekerr/src/irislime/llama.cpp/tests/test-sampling.cpp:177 (test_dry)",
./logs/tests/smoke_help_20260710_071328.json:41978:        "/home/fekerr/src/irislime/llama.cpp/tests/test-sampling.cpp:180 (test_dry)",
./logs/tests/smoke_help_20260710_071328.json:41985:        "/home/fekerr/src/irislime/llama.cpp/tests/test-sampling.cpp:177 (test_dry)",
./logs/tests/smoke_help_20260710_071328.json:41992:        "/home/fekerr/src/irislime/llama.cpp/tests/test-sampling.cpp:180 (test_dry)",
./logs/tests/smoke_help_20260710_071328.json:41999:        "/home/fekerr/src/irislime/llama.cpp/tests/test-sampling.cpp:187 (test_top_n_sigma)",
./logs/tests/smoke_help_20260710_071328.json:42005:        "/home/fekerr/src/irislime/llama.cpp/tests/test-sampling.cpp:190 (test_top_n_sigma)",
./logs/tests/smoke_help_20260710_071328.json:42011:        "/home/fekerr/src/irislime/llama.cpp/tests/test-sampling.cpp:187 (test_top_n_sigma)",
./logs/tests/smoke_help_20260710_071328.json:42017:        "/home/fekerr/src/irislime/llama.cpp/tests/test-sampling.cpp:190 (test_top_n_sigma)",
./logs/tests/smoke_help_20260710_071328.json:42023:        "/home/fekerr/src/irislime/llama.cpp/tests/test-sampling.cpp:187 (test_top_n_sigma)",
./logs/tests/smoke_help_20260710_071328.json:42029:        "/home/fekerr/src/irislime/llama.cpp/tests/test-sampling.cpp:190 (test_top_n_sigma)",
./logs/tests/smoke_help_20260710_071328.json:43755:        "    /home/fekerr/src/irislime/build/openvino_relwithdebinfo/bin/llama-batched -m model.gguf -p \"Hello my name is\" -n 32 -np 4",
./logs/tests/smoke_help_20260710_071328.json:44083:        "usage: /home/fekerr/src/irislime/build/openvino_relwithdebinfo/bin/llama-bench [options]",
./logs/tests/smoke_help_20260710_071328.json:45074:        "  text generation:     /home/fekerr/src/irislime/build/openvino_relwithdebinfo/bin/llama-completion -m your_model.gguf -p \"I believe the meaning of life is\" -n 128 -no-cnv",
./logs/tests/smoke_help_20260710_071328.json:45076:        "  chat (conversation): /home/fekerr/src/irislime/build/openvino_relwithdebinfo/bin/llama-completion -m your_model.gguf -sys \"You are a helpful assistant\"",
./logs/tests/smoke_help_20260710_071328.json:45087:        "usage: /home/fekerr/src/irislime/build/openvino_relwithdebinfo/bin/llama-convert-llama2c-to-ggml [options]",
./logs/tests/smoke_help_20260710_071328.json:45413:        "    CPU only:   /home/fekerr/src/irislime/build/openvino_relwithdebinfo/bin/llama-cvector-generator -m ./llama-3.Q4_K_M.gguf",
./logs/tests/smoke_help_20260710_071328.json:45415:        "    with GPU:   /home/fekerr/src/irislime/build/openvino_relwithdebinfo/bin/llama-cvector-generator -m ./llama-3.Q4_K_M.gguf -ngl 99",
./logs/tests/smoke_help_20260710_071328.json:45417:        "    advanced:   /home/fekerr/src/irislime/build/openvino_relwithdebinfo/bin/llama-cvector-generator -m ./llama-3.Q4_K_M.gguf -ngl 99 --pca-iter 2000 --pca-batch 100",
./logs/tests/smoke_help_20260710_071328.json:45419:        "    using mean: /home/fekerr/src/irislime/build/openvino_relwithdebinfo/bin/llama-cvector-generator -m ./llama-3.Q4_K_M.gguf --method mean",
./logs/tests/smoke_help_20260710_071328.json:47003:        "  /home/fekerr/src/irislime/build/openvino_relwithdebinfo/bin/llama-export-lora -m base-model.gguf --lora lora-file.gguf -o merged-model-f16.gguf",
./logs/tests/smoke_help_20260710_071328.json:47667:        "usage: /home/fekerr/src/irislime/build/openvino_relwithdebinfo/bin/llama-gguf data.gguf r|w [n]",
./logs/tests/smoke_help_20260710_071328.json:47692:        "usage: /home/fekerr/src/irislime/build/openvino_relwithdebinfo/bin/llama-gguf-split [options] GGUF_IN GGUF_OUT",
./logs/tests/smoke_help_20260710_071328.json:48010:        "    /home/fekerr/src/irislime/build/openvino_relwithdebinfo/bin/llama-idle -m model.gguf [-ngl n_gpu_layers]",
./logs/tests/smoke_help_20260710_071328.json:49313:        "Usage: /home/fekerr/src/irislime/build/openvino_relwithdebinfo/bin/llama-lookup-merge [--help] lookup_part_1.bin lookup_part_2.bin ... lookup_merged.bin"
./logs/tests/smoke_help_20260710_071328.json:50004:        "Usage: /home/fekerr/src/irislime/build/openvino_relwithdebinfo/bin/llama-mtmd-cli [options] -m <model> --mmproj <mmproj> --image <image> --audio <audio> -p <prompt>",
./logs/tests/smoke_help_20260710_071328.json:50360:        "Usage: /home/fekerr/src/irislime/build/openvino_relwithdebinfo/bin/llama-mtmd-debug -m <model> --mmproj <mmproj> -p <mode> -n <size> --image <image> --audio <audio>",
./logs/tests/smoke_help_20260710_071328.json:51010:        "    /home/fekerr/src/irislime/build/openvino_relwithdebinfo/bin/llama-passkey -m model.gguf --junk 250 --pos 90 --keep 32 --grp-attn-n 2 [--seed 1234]",
./logs/tests/smoke_help_20260710_071328.json:51364:        "usage: /home/fekerr/src/irislime/build/openvino_relwithdebinfo/bin/llama-quantize [--help] [--allow-requantize] [--leave-output-tensor] [--pure] [--imatrix] [--include-weights]",
./logs/tests/smoke_help_20260710_071328.json:52092:        "    /home/fekerr/src/irislime/build/openvino_relwithdebinfo/bin/llama-retrieval --model ./models/bge-base-en-v1.5-f16.gguf --top-k 3 --context-file README.md --context-file License --chunk-size 100 --chunk-separator ."
./logs/tests/smoke_help_20260710_071328.json:52753:        "    /home/fekerr/src/irislime/build/openvino_relwithdebinfo/bin/llama-simple -m model.gguf [-n n_predict] [-ngl n_gpu_layers] [prompt]",
./logs/tests/smoke_help_20260710_071328.json:52767:        "    /home/fekerr/src/irislime/build/openvino_relwithdebinfo/bin/llama-simple-chat -m model.gguf [-c context_size] [-ngl n_gpu_layers]",
./logs/tests/smoke_help_20260710_071328.json:53599:        "Usage: /home/fekerr/src/irislime/build/openvino_relwithdebinfo/bin/llama-template-analysis [options]",
./logs/tests/smoke_help_20260710_071328.json:53607:        "  /home/fekerr/src/irislime/build/openvino_relwithdebinfo/bin/llama-template-analysis --all",
./logs/tests/smoke_help_20260710_071328.json:53608:        "  /home/fekerr/src/irislime/build/openvino_relwithdebinfo/bin/llama-template-analysis --template deepseek",
./logs/tests/smoke_help_20260710_071328.json:53609:        "  /home/fekerr/src/irislime/build/openvino_relwithdebinfo/bin/llama-template-analysis --template-file my-template.jinja"
./logs/tests/smoke_help_20260710_071328.json:53619:        "usage: /home/fekerr/src/irislime/build/openvino_relwithdebinfo/bin/llama-tokenize [options]",
./logs/tests/smoke_help_20260710_071328.json:54078:        "Usage: /home/fekerr/src/irislime/build/openvino_relwithdebinfo/bin/test-backend-ops [mode] [-o <op,..>] [-b <backend>] [-p <params regex>] [--output <console|sql|csv>] [--list-ops] [--show-coverage] [--test-file <path>] [-j <n>]",
./logs/tests/smoke_help_20260710_071328.json:54115:        "/home/fekerr/src/irislime/llama.cpp/ggml/src/ggml-cpu/ggml-cpu.c:3312: GGML_ASSERT(cplan->n_threads > 0) failed",
./logs/tests/smoke_help_20260710_071328.json:54116:        "/home/fekerr/src/irislime/build/openvino_relwithdebinfo/bin/libggml-base.so.0(+0x1a606) [0x77c7b4536606]",
./logs/tests/smoke_help_20260710_071328.json:54117:        "/home/fekerr/src/irislime/build/openvino_relwithdebinfo/bin/libggml-base.so.0(ggml_print_backtrace+0x20d) [0x77c7b4536cbd]",
./logs/tests/smoke_help_20260710_071328.json:54118:        "/home/fekerr/src/irislime/build/openvino_relwithdebinfo/bin/libggml-base.so.0(ggml_abort+0x166) [0x77c7b4536ea6]",
./logs/tests/smoke_help_20260710_071328.json:54119:        "/home/fekerr/src/irislime/build/openvino_relwithdebinfo/bin/libggml-cpu.so.0(ggml_graph_compute+0x272) [0x77c7b45d4382]",
./logs/tests/smoke_help_20260710_071328.json:54120:        "/home/fekerr/src/irislime/build/openvino_relwithdebinfo/bin/test-barrier(+0x2899) [0x59eab2d1a899]",
./logs/tests/smoke_help_20260710_071328.json:54121:        "/home/fekerr/src/irislime/build/openvino_relwithdebinfo/bin/test-barrier(+0x2553) [0x59eab2d1a553]",
./logs/tests/smoke_help_20260710_071328.json:54124:        "/home/fekerr/src/irislime/build/openvino_relwithdebinfo/bin/test-barrier(+0x25d5) [0x59eab2d1a5d5]"
./logs/tests/smoke_help_20260710_071328.json:54151:        "/home/fekerr/src/irislime/build/openvino_relwithdebinfo/bin/libggml-base.so.0(+0x1a606) [0x77229d4d2606]",
./logs/tests/smoke_help_20260710_071328.json:54152:        "/home/fekerr/src/irislime/build/openvino_relwithdebinfo/bin/libggml-base.so.0(ggml_print_backtrace+0x20d) [0x77229d4d2cbd]",
./logs/tests/smoke_help_20260710_071328.json:54153:        "/home/fekerr/src/irislime/build/openvino_relwithdebinfo/bin/libggml-base.so.0(+0x2a60f) [0x77229d4e260f]",
./logs/tests/smoke_help_20260710_071328.json:54157:        "/home/fekerr/src/irislime/build/openvino_relwithdebinfo/bin/test-chat(+0x1f2f5) [0x60880e4892f5]",
./logs/tests/smoke_help_20260710_071328.json:54158:        "/home/fekerr/src/irislime/build/openvino_relwithdebinfo/bin/test-chat(+0x3eef7) [0x60880e4a8ef7]",
./logs/tests/smoke_help_20260710_071328.json:54159:        "/home/fekerr/src/irislime/build/openvino_relwithdebinfo/bin/test-chat(+0x43557) [0x60880e4ad557]",
./logs/tests/smoke_help_20260710_071328.json:54160:        "/home/fekerr/src/irislime/build/openvino_relwithdebinfo/bin/test-chat(+0x3ad83) [0x60880e4a4d83]",
./logs/tests/smoke_help_20260710_071328.json:54163:        "/home/fekerr/src/irislime/build/openvino_relwithdebinfo/bin/test-chat(+0x3b6f5) [0x60880e4a56f5]",
./logs/tests/smoke_help_20260710_071328.json:54246:        "Usage: /home/fekerr/src/irislime/build/openvino_relwithdebinfo/bin/test-gbnf-validator <grammar_filename> <input_filename>"
./logs/tests/smoke_help_20260710_071328.json:54256:        "/home/fekerr/src/irislime/build/openvino_relwithdebinfo/bin/libggml-base.so.0(+0x1a606) [0x7097bfd95606]",
./logs/tests/smoke_help_20260710_071328.json:54257:        "/home/fekerr/src/irislime/build/openvino_relwithdebinfo/bin/libggml-base.so.0(ggml_print_backtrace+0x20d) [0x7097bfd95cbd]",
./logs/tests/smoke_help_20260710_071328.json:54258:        "/home/fekerr/src/irislime/build/openvino_relwithdebinfo/bin/libggml-base.so.0(+0x2a60f) [0x7097bfda560f]",
./logs/tests/smoke_help_20260710_071328.json:54263:        "/home/fekerr/src/irislime/build/openvino_relwithdebinfo/bin/test-gguf(+0x434c) [0x5a66d455234c]",
./logs/tests/smoke_help_20260710_071328.json:54266:        "/home/fekerr/src/irislime/build/openvino_relwithdebinfo/bin/test-gguf(+0x7d65) [0x5a66d4555d65]",
./logs/tests/smoke_help_20260710_071328.json:55608:        "python: can't open file '/home/fekerr/src/irislime/build/openvino_relwithdebinfo/bin/./examples/json_schema_to_grammar.py': [Errno 2] No such file or directory",
./logs/tests/smoke_help_20260710_071328.json:55618:        "test-json-schema-to-grammar: /home/fekerr/src/irislime/llama.cpp/tests/test-json-schema-to-grammar.cpp:62: void TestCase::verify_status(TestCaseStatus) const: Assertion `false' failed."
./logs/tests/smoke_help_20260710_071328.json:62378:        "  /home/fekerr/src/irislime/build/openvino_relwithdebinfo/bin/test-quant-type-selection --generate"
./logs/tests/smoke_help_20260710_071328.json:62400:        "usage: /home/fekerr/src/irislime/build/openvino_relwithdebinfo/bin/test-quantize-perf [options]",
./logs/tests/smoke_help_20260710_071328.json:62423:        "usage: /home/fekerr/src/irislime/build/openvino_relwithdebinfo/bin/test-quantize-stats [options]",
./logs/tests/smoke_help_20260710_071328.json:62971:        "/home/fekerr/src/irislime/llama.cpp/tests/test-sampling.cpp:67 (test_temp)",
./logs/tests/smoke_help_20260710_071328.json:62977:        "/home/fekerr/src/irislime/llama.cpp/tests/test-sampling.cpp:70 (test_temp)",
./logs/tests/smoke_help_20260710_071328.json:62983:        "/home/fekerr/src/irislime/llama.cpp/tests/test-sampling.cpp:67 (test_temp)",
./logs/tests/smoke_help_20260710_071328.json:62989:        "/home/fekerr/src/irislime/llama.cpp/tests/test-sampling.cpp:70 (test_temp)",
./logs/tests/smoke_help_20260710_071328.json:62995:        "/home/fekerr/src/irislime/llama.cpp/tests/test-sampling.cpp:78 (test_temp_ext)",
./logs/tests/smoke_help_20260710_071328.json:63001:        "/home/fekerr/src/irislime/llama.cpp/tests/test-sampling.cpp:81 (test_temp_ext)",
./logs/tests/smoke_help_20260710_071328.json:63007:        "/home/fekerr/src/irislime/llama.cpp/tests/test-sampling.cpp:78 (test_temp_ext)",
./logs/tests/smoke_help_20260710_071328.json:63013:        "/home/fekerr/src/irislime/llama.cpp/tests/test-sampling.cpp:81 (test_temp_ext)",
./logs/tests/smoke_help_20260710_071328.json:63019:        "/home/fekerr/src/irislime/llama.cpp/tests/test-sampling.cpp:89 (test_top_k)",
./logs/tests/smoke_help_20260710_071328.json:63025:        "/home/fekerr/src/irislime/llama.cpp/tests/test-sampling.cpp:92 (test_top_k)",
./logs/tests/smoke_help_20260710_071328.json:63028:        "/home/fekerr/src/irislime/llama.cpp/tests/test-sampling.cpp:89 (test_top_k)",
./logs/tests/smoke_help_20260710_071328.json:63034:        "/home/fekerr/src/irislime/llama.cpp/tests/test-sampling.cpp:92 (test_top_k)",
./logs/tests/smoke_help_20260710_071328.json:63039:        "/home/fekerr/src/irislime/llama.cpp/tests/test-sampling.cpp:89 (test_top_k)",
./logs/tests/smoke_help_20260710_071328.json:63045:        "/home/fekerr/src/irislime/llama.cpp/tests/test-sampling.cpp:92 (test_top_k)",
./logs/tests/smoke_help_20260710_071328.json:63051:        "/home/fekerr/src/irislime/llama.cpp/tests/test-sampling.cpp:89 (test_top_k)",
./logs/tests/smoke_help_20260710_071328.json:63057:        "/home/fekerr/src/irislime/llama.cpp/tests/test-sampling.cpp:92 (test_top_k)",
./logs/tests/smoke_help_20260710_071328.json:63063:        "/home/fekerr/src/irislime/llama.cpp/tests/test-sampling.cpp:100 (test_top_p)",
./logs/tests/smoke_help_20260710_071328.json:63069:        "/home/fekerr/src/irislime/llama.cpp/tests/test-sampling.cpp:103 (test_top_p)",
./logs/tests/smoke_help_20260710_071328.json:63072:        "/home/fekerr/src/irislime/llama.cpp/tests/test-sampling.cpp:100 (test_top_p)",
./logs/tests/smoke_help_20260710_071328.json:63078:        "/home/fekerr/src/irislime/llama.cpp/tests/test-sampling.cpp:103 (test_top_p)",
./logs/tests/smoke_help_20260710_071328.json:63082:        "/home/fekerr/src/irislime/llama.cpp/tests/test-sampling.cpp:100 (test_top_p)",
./logs/tests/smoke_help_20260710_071328.json:63088:        "/home/fekerr/src/irislime/llama.cpp/tests/test-sampling.cpp:103 (test_top_p)",
./logs/tests/smoke_help_20260710_071328.json:63093:        "/home/fekerr/src/irislime/llama.cpp/tests/test-sampling.cpp:100 (test_top_p)",
./logs/tests/smoke_help_20260710_071328.json:63099:        "/home/fekerr/src/irislime/llama.cpp/tests/test-sampling.cpp:103 (test_top_p)",
./logs/tests/smoke_help_20260710_071328.json:63105:        "/home/fekerr/src/irislime/llama.cpp/tests/test-sampling.cpp:111 (test_min_p)",
./logs/tests/smoke_help_20260710_071328.json:63111:        "/home/fekerr/src/irislime/llama.cpp/tests/test-sampling.cpp:114 (test_min_p)",
./logs/tests/smoke_help_20260710_071328.json:63117:        "/home/fekerr/src/irislime/llama.cpp/tests/test-sampling.cpp:111 (test_min_p)",
./logs/tests/smoke_help_20260710_071328.json:63123:        "/home/fekerr/src/irislime/llama.cpp/tests/test-sampling.cpp:114 (test_min_p)",
./logs/tests/smoke_help_20260710_071328.json:63129:        "/home/fekerr/src/irislime/llama.cpp/tests/test-sampling.cpp:111 (test_min_p)",
./logs/tests/smoke_help_20260710_071328.json:63135:        "/home/fekerr/src/irislime/llama.cpp/tests/test-sampling.cpp:114 (test_min_p)",
./logs/tests/smoke_help_20260710_071328.json:63140:        "/home/fekerr/src/irislime/llama.cpp/tests/test-sampling.cpp:111 (test_min_p)",
./logs/tests/smoke_help_20260710_071328.json:63146:        "/home/fekerr/src/irislime/llama.cpp/tests/test-sampling.cpp:114 (test_min_p)",
./logs/tests/smoke_help_20260710_071328.json:63151:        "/home/fekerr/src/irislime/llama.cpp/tests/test-sampling.cpp:111 (test_min_p)",
./logs/tests/smoke_help_20260710_071328.json:63157:        "/home/fekerr/src/irislime/llama.cpp/tests/test-sampling.cpp:114 (test_min_p)",
./logs/tests/smoke_help_20260710_071328.json:63161:        "/home/fekerr/src/irislime/llama.cpp/tests/test-sampling.cpp:111 (test_min_p)",
./logs/tests/smoke_help_20260710_071328.json:63167:        "/home/fekerr/src/irislime/llama.cpp/tests/test-sampling.cpp:114 (test_min_p)",
./logs/tests/smoke_help_20260710_071328.json:63171:        "/home/fekerr/src/irislime/llama.cpp/tests/test-sampling.cpp:111 (test_min_p)",
./logs/tests/smoke_help_20260710_071328.json:63177:        "/home/fekerr/src/irislime/llama.cpp/tests/test-sampling.cpp:114 (test_min_p)",
./logs/tests/smoke_help_20260710_071328.json:63180:        "/home/fekerr/src/irislime/llama.cpp/tests/test-sampling.cpp:111 (test_min_p)",
./logs/tests/smoke_help_20260710_071328.json:63186:        "/home/fekerr/src/irislime/llama.cpp/tests/test-sampling.cpp:114 (test_min_p)",
./logs/tests/smoke_help_20260710_071328.json:63189:        "/home/fekerr/src/irislime/llama.cpp/tests/test-sampling.cpp:111 (test_min_p)",
./logs/tests/smoke_help_20260710_071328.json:63195:        "/home/fekerr/src/irislime/llama.cpp/tests/test-sampling.cpp:114 (test_min_p)",
./logs/tests/smoke_help_20260710_071328.json:63199:        "/home/fekerr/src/irislime/llama.cpp/tests/test-sampling.cpp:122 (test_xtc)",
./logs/tests/smoke_help_20260710_071328.json:63205:        "/home/fekerr/src/irislime/llama.cpp/tests/test-sampling.cpp:124 (test_xtc)",
./logs/tests/smoke_help_20260710_071328.json:63208:        "/home/fekerr/src/irislime/llama.cpp/tests/test-sampling.cpp:122 (test_xtc)",
./logs/tests/smoke_help_20260710_071328.json:63214:        "/home/fekerr/src/irislime/llama.cpp/tests/test-sampling.cpp:124 (test_xtc)",
./logs/tests/smoke_help_20260710_071328.json:63218:        "/home/fekerr/src/irislime/llama.cpp/tests/test-sampling.cpp:122 (test_xtc)",
./logs/tests/smoke_help_20260710_071328.json:63224:        "/home/fekerr/src/irislime/llama.cpp/tests/test-sampling.cpp:124 (test_xtc)",
./logs/tests/smoke_help_20260710_071328.json:63230:        "/home/fekerr/src/irislime/llama.cpp/tests/test-sampling.cpp:122 (test_xtc)",
./logs/tests/smoke_help_20260710_071328.json:63236:        "/home/fekerr/src/irislime/llama.cpp/tests/test-sampling.cpp:124 (test_xtc)",
./logs/tests/smoke_help_20260710_071328.json:63242:        "/home/fekerr/src/irislime/llama.cpp/tests/test-sampling.cpp:132 (test_typical)",
./logs/tests/smoke_help_20260710_071328.json:63248:        "/home/fekerr/src/irislime/llama.cppempty DRY sequence breakers list in llama_sampler_init_dry_testing",
./logs/tests/smoke_help_20260710_071328.json:63254:        "/home/fekerr/src/irislime/llama.cpp/tests/test-sampling.cpp:132 (test_typical)",
./logs/tests/smoke_help_20260710_071328.json:63260:        "/home/fekerr/src/irislime/llama.cpp/tests/test-sampling.cpp:134 (test_typical)",
./logs/tests/smoke_help_20260710_071328.json:63265:        "/home/fekerr/src/irislime/llama.cpp/tests/test-sampling.cpp:153 (test_penalties)",
./logs/tests/smoke_help_20260710_071328.json:63272:        "/home/fekerr/src/irislime/llama.cpp/tests/test-sampling.cpp:156 (test_penalties)",
./logs/tests/smoke_help_20260710_071328.json:63279:        "/home/fekerr/src/irislime/llama.cpp/tests/test-sampling.cpp:153 (test_penalties)",
./logs/tests/smoke_help_20260710_071328.json:63286:        "/home/fekerr/src/irislime/llama.cpp/tests/test-sampling.cpp:156 (test_penalties)",
./logs/tests/smoke_help_20260710_071328.json:63293:        "/home/fekerr/src/irislime/llama.cpp/tests/test-sampling.cpp:153 (test_penalties)",
./logs/tests/smoke_help_20260710_071328.json:63300:        "/home/fekerr/src/irislime/llama.cpp/tests/test-sampling.cpp:156 (test_penalties)",
./logs/tests/smoke_help_20260710_071328.json:63307:        "/home/fekerr/src/irislime/llama.cpp/tests/test-sampling.cpp:153 (test_penalties)",
./logs/tests/smoke_help_20260710_071328.json:63314:        "/home/fekerr/src/irislime/llama.cpp/tests/test-sampling.cpp:156 (test_penalties)",
./logs/tests/smoke_help_20260710_071328.json:63321:        "/home/fekerr/src/irislime/llama.cpp/tests/test-sampling.cpp:153 (test_penalties)",
./logs/tests/smoke_help_20260710_071328.json:63328:        "/home/fekerr/src/irislime/llama.cpp/tests/test-sampling.cpp:156 (test_penalties)",
./logs/tests/smoke_help_20260710_071328.json:63335:        "/home/fekerr/src/irislime/llama.cpp/tests/test-sampling.cpp:153 (test_penalties)",
./logs/tests/smoke_help_20260710_071328.json:63342:        "/home/fekerr/src/irislime/llama.cpp/tests/test-sampling.cpp:156 (test_penalties)",
./logs/tests/smoke_help_20260710_071328.json:63349:        "/home/fekerr/src/irislime/llama.cpp/tests/test-sampling.cpp:177 (test_dry)",
./logs/tests/smoke_help_20260710_071328.json:63355:        "/home/fekerr/src/irislime/llama.cpp/tests/test-sampling.cpp:180 (test_dry)",
./logs/tests/smoke_help_20260710_071328.json:63361:        "/home/fekerr/src/irislime/llama.cpp/tests/test-sampling.cpp:177 (test_dry)",
./logs/tests/smoke_help_20260710_071328.json:63367:        "/home/fekerr/src/irislime/llama.cpp/tests/test-sampling.cpp:180 (test_dry)",
./logs/tests/smoke_help_20260710_071328.json:63373:        "/home/fekerr/src/irislime/llama.cpp/tests/test-sampling.cpp:177 (test_dry)",
./logs/tests/smoke_help_20260710_071328.json:63380:        "/home/fekerr/src/irislime/llama.cpp/tests/test-sampling.cpp:180 (test_dry)",
./logs/tests/smoke_help_20260710_071328.json:63387:        "/home/fekerr/src/irislime/llama.cpp/tests/test-sampling.cpp:177 (test_dry)",
./logs/tests/smoke_help_20260710_071328.json:63395:        "/home/fekerr/src/irislime/llama.cpp/tests/test-sampling.cpp:180 (test_dry)",
./logs/tests/smoke_help_20260710_071328.json:63402:        "/home/fekerr/src/irislime/llama.cpp/tests/test-sampling.cpp:177 (test_dry)",
./logs/tests/smoke_help_20260710_071328.json:63409:        "/home/fekerr/src/irislime/llama.cpp/tests/test-sampling.cpp:180 (test_dry)",
./logs/tests/smoke_help_20260710_071328.json:63416:        "/home/fekerr/src/irislime/llama.cpp/tests/test-sampling.cpp:187 (test_top_n_sigma)",
./logs/tests/smoke_help_20260710_071328.json:63422:        "/home/fekerr/src/irislime/llama.cpp/tests/test-sampling.cpp:190 (test_top_n_sigma)",
./logs/tests/smoke_help_20260710_071328.json:63428:        "/home/fekerr/src/irislime/llama.cpp/tests/test-sampling.cpp:187 (test_top_n_sigma)",
./logs/tests/smoke_help_20260710_071328.json:63434:        "/home/fekerr/src/irislime/llama.cpp/tests/test-sampling.cpp:190 (test_top_n_sigma)",
./logs/tests/smoke_help_20260710_071328.json:63440:        "/home/fekerr/src/irislime/llama.cpp/tests/test-sampling.cpp:187 (test_top_n_sigma)",
./logs/tests/smoke_help_20260710_071328.json:63446:        "/home/fekerr/src/irislime/llama.cpp/tests/test-sampling.cpp:190 (test_top_n_sigma)",
./logs/tests/smoke_help_20260710_071328.json:65182:        "    /home/fekerr/src/irislime/build/sycl_debug/bin/llama-batched -m model.gguf -p \"Hello my name is\" -n 32 -np 4",
./logs/tests/smoke_help_20260710_071328.json:65505:        "    /home/fekerr/src/irislime/build/sycl_debug/bin/llama-batched-bench -m model.gguf -c 2048 -b 2048 -ub 512 -npp 128,256,512 -ntg 128,256 -npl 1,2,4,8,16,32 [-pps]",
./logs/tests/smoke_help_20260710_071328.json:65517:        "usage: /home/fekerr/src/irislime/build/sycl_debug/bin/llama-bench [options]",
./logs/tests/smoke_help_20260710_071328.json:66510:        "  text generation:     /home/fekerr/src/irislime/build/sycl_debug/bin/llama-completion -m your_model.gguf -p \"I believe the meaning of life is\" -n 128 -no-cnv",
./logs/tests/smoke_help_20260710_071328.json:66512:        "  chat (conversation): /home/fekerr/src/irislime/build/sycl_debug/bin/llama-completion -m your_model.gguf -sys \"You are a helpful assistant\"",
./logs/tests/smoke_help_20260710_071328.json:66523:        "usage: /home/fekerr/src/irislime/build/sycl_debug/bin/llama-convert-llama2c-to-ggml [options]",
./logs/tests/smoke_help_20260710_071328.json:66850:        "    CPU only:   /home/fekerr/src/irislime/build/sycl_debug/bin/llama-cvector-generator -m ./llama-3.Q4_K_M.gguf",
./logs/tests/smoke_help_20260710_071328.json:66852:        "    with GPU:   /home/fekerr/src/irislime/build/sycl_debug/bin/llama-cvector-generator -m ./llama-3.Q4_K_M.gguf -ngl 99",
./logs/tests/smoke_help_20260710_071328.json:66854:        "    advanced:   /home/fekerr/src/irislime/build/sycl_debug/bin/llama-cvector-generator -m ./llama-3.Q4_K_M.gguf -ngl 99 --pca-iter 2000 --pca-batch 100",
./logs/tests/smoke_help_20260710_071328.json:66856:        "    using mean: /home/fekerr/src/irislime/build/sycl_debug/bin/llama-cvector-generator -m ./llama-3.Q4_K_M.gguf --method mean",
./logs/tests/smoke_help_20260710_071328.json:67182:        "  /home/fekerr/src/irislime/build/sycl_debug/bin/llama-debug -m model.gguf -p \"Hello my name is\" --verbose",
./logs/tests/smoke_help_20260710_071328.json:67188:        "  /home/fekerr/src/irislime/build/sycl_debug/bin/llama-debug -m model.gguf -p \"Hello my name is\" --save-logits",
./logs/tests/smoke_help_20260710_071328.json:68460:        "  /home/fekerr/src/irislime/build/sycl_debug/bin/llama-export-lora -m base-model.gguf --lora lora-file.gguf -o merged-model-f16.gguf",
./logs/tests/smoke_help_20260710_071328.json:69126:        "usage: /home/fekerr/src/irislime/build/sycl_debug/bin/llama-gguf data.gguf r|w [n]",
./logs/tests/smoke_help_20260710_071328.json:69151:        "usage: /home/fekerr/src/irislime/build/sycl_debug/bin/llama-gguf-split [options] GGUF_IN GGUF_OUT",
./logs/tests/smoke_help_20260710_071328.json:69470:        "    /home/fekerr/src/irislime/build/sycl_debug/bin/llama-idle -m model.gguf [-ngl n_gpu_layers]",
./logs/tests/smoke_help_20260710_071328.json:69796:        "    /home/fekerr/src/irislime/build/sycl_debug/bin/llama-imatrix \\",
./logs/tests/smoke_help_20260710_071328.json:70786:        "Usage: /home/fekerr/src/irislime/build/sycl_debug/bin/llama-lookup-merge [--help] lookup_part_1.bin lookup_part_2.bin ... lookup_merged.bin"
./logs/tests/smoke_help_20260710_071328.json:71499:        "Usage: /home/fekerr/src/irislime/build/sycl_debug/bin/llama-mtmd-cli [options] -m <model> --mmproj <mmproj> --image <image> --audio <audio> -p <prompt>",
./logs/tests/smoke_help_20260710_071328.json:71856:        "Usage: /home/fekerr/src/irislime/build/sycl_debug/bin/llama-mtmd-debug -m <model> --mmproj <mmproj> -p <mode> -n <size> --image <image> --audio <audio>",
./logs/tests/smoke_help_20260710_071328.json:72508:        "    /home/fekerr/src/irislime/build/sycl_debug/bin/llama-passkey -m model.gguf --junk 250 --pos 90 --keep 32 --grp-attn-n 2 [--seed 1234]",
./logs/tests/smoke_help_20260710_071328.json:72863:        "usage: /home/fekerr/src/irislime/build/sycl_debug/bin/llama-quantize [--help] [--allow-requantize] [--leave-output-tensor] [--pure] [--imatrix] [--include-weights]",
./logs/tests/smoke_help_20260710_071328.json:73593:        "    /home/fekerr/src/irislime/build/sycl_debug/bin/llama-retrieval --model ./models/bge-base-en-v1.5-f16.gguf --top-k 3 --context-file README.md --context-file License --chunk-size 100 --chunk-separator .",
./logs/tests/smoke_help_20260710_071328.json:74256:        "    /home/fekerr/src/irislime/build/sycl_debug/bin/llama-simple -m model.gguf [-n n_predict] [-ngl n_gpu_layers] [prompt]",
./logs/tests/smoke_help_20260710_071328.json:74270:        "    /home/fekerr/src/irislime/build/sycl_debug/bin/llama-simple-chat -m model.gguf [-c context_size] [-ngl n_gpu_layers]",
./logs/tests/smoke_help_20260710_071328.json:75104:        "Usage: /home/fekerr/src/irislime/build/sycl_debug/bin/llama-template-analysis [options]",
./logs/tests/smoke_help_20260710_071328.json:75112:        "  /home/fekerr/src/irislime/build/sycl_debug/bin/llama-template-analysis --all",
./logs/tests/smoke_help_20260710_071328.json:75113:        "  /home/fekerr/src/irislime/build/sycl_debug/bin/llama-template-analysis --template deepseek",
./logs/tests/smoke_help_20260710_071328.json:75114:        "  /home/fekerr/src/irislime/build/sycl_debug/bin/llama-template-analysis --template-file my-template.jinja"
./logs/tests/smoke_help_20260710_071328.json:75124:        "usage: /home/fekerr/src/irislime/build/sycl_debug/bin/llama-tokenize [options]",
./logs/tests/smoke_help_20260710_071328.json:75460:        "    /home/fekerr/src/irislime/build/sycl_debug/bin/llama-tts -m model.gguf -p \"Hello!\"",
./logs/tests/smoke_help_20260710_071328.json:75591:        "Usage: /home/fekerr/src/irislime/build/sycl_debug/bin/test-backend-ops [mode] [-o <op,..>] [-b <backend>] [-p <params regex>] [--output <console|sql|csv>] [--list-ops] [--show-coverage] [--test-file <path>] [-j <n>]",
./logs/tests/smoke_help_20260710_071328.json:75628:        "/home/fekerr/src/irislime/llama.cpp/ggml/src/ggml-cpu/ggml-cpu.c:3312: GGML_ASSERT(cplan->n_threads > 0) failed",
./logs/tests/smoke_help_20260710_071328.json:75629:        "/home/fekerr/src/irislime/build/sycl_debug/bin/libggml-base.so.0(+0x16c78) [0x75978ef46c78]",
./logs/tests/smoke_help_20260710_071328.json:75630:        "/home/fekerr/src/irislime/build/sycl_debug/bin/libggml-base.so.0(ggml_print_backtrace+0x231) [0x75978ef46c51]",
./logs/tests/smoke_help_20260710_071328.json:75631:        "/home/fekerr/src/irislime/build/sycl_debug/bin/libggml-base.so.0(ggml_abort+0x109) [0x75978ef45d29]",
./logs/tests/smoke_help_20260710_071328.json:75632:        "/home/fekerr/src/irislime/build/sycl_debug/bin/libggml-cpu.so.0(ggml_graph_compute+0x2b9) [0x75978f43f099]",
./logs/tests/smoke_help_20260710_071328.json:75633:        "/home/fekerr/src/irislime/build/sycl_debug/bin/test-barrier() [0x4068fc]",
./logs/tests/smoke_help_20260710_071328.json:75636:        "/home/fekerr/src/irislime/build/sycl_debug/bin/test-barrier() [0x4065b5]"
./logs/tests/smoke_help_20260710_071328.json:75663:        "/home/fekerr/src/irislime/build/sycl_debug/bin/libggml-base.so.0(+0x16c78) [0x775c44946c78]",
./logs/tests/smoke_help_20260710_071328.json:75664:        "/home/fekerr/src/irislime/build/sycl_debug/bin/libggml-base.so.0(ggml_print_backtrace+0x231) [0x775c44946c51]",
./logs/tests/smoke_help_20260710_071328.json:75665:        "/home/fekerr/src/irislime/build/sycl_debug/bin/libggml-base.so.0(+0x2d9f6) [0x775c4495d9f6]",
./logs/tests/smoke_help_20260710_071328.json:75669:        "/home/fekerr/src/irislime/build/sycl_debug/bin/test-chat() [0x48f81e]",
./logs/tests/smoke_help_20260710_071328.json:75670:        "/home/fekerr/src/irislime/build/sycl_debug/bin/test-chat() [0x48984b]",
./logs/tests/smoke_help_20260710_071328.json:75671:        "/home/fekerr/src/irislime/build/sycl_debug/bin/test-chat() [0x48bf85]",
./logs/tests/smoke_help_20260710_071328.json:75672:        "/home/fekerr/src/irislime/build/sycl_debug/bin/test-chat() [0x42f5d1]",
./logs/tests/smoke_help_20260710_071328.json:75675:        "/home/fekerr/src/irislime/build/sycl_debug/bin/test-chat() [0x429cf5]",
./logs/tests/smoke_help_20260710_071328.json:75758:        "Usage: /home/fekerr/src/irislime/build/sycl_debug/bin/test-gbnf-validator <grammar_filename> <input_filename>"
./logs/tests/smoke_help_20260710_071328.json:75768:        "/home/fekerr/src/irislime/build/sycl_debug/bin/libggml-base.so.0(+0x16c78) [0x7990d891ac78]",
./logs/tests/smoke_help_20260710_071328.json:75769:        "/home/fekerr/src/irislime/build/sycl_debug/bin/libggml-base.so.0(ggml_print_backtrace+0x231) [0x7990d891ac51]",
./logs/tests/smoke_help_20260710_071328.json:75770:        "/home/fekerr/src/irislime/build/sycl_debug/bin/libggml-base.so.0(+0x2d9f6) [0x7990d89319f6]",
./logs/tests/smoke_help_20260710_071328.json:75775:        "/home/fekerr/src/irislime/build/sycl_debug/bin/test-gguf() [0x408078]",
./logs/tests/smoke_help_20260710_071328.json:75778:        "/home/fekerr/src/irislime/build/sycl_debug/bin/test-gguf() [0x4079f5]",
./logs/tests/smoke_help_20260710_071328.json:77120:        "python: can't open file '/home/fekerr/src/irislime/build/sycl_debug/bin/./examples/json_schema_to_grammar.py': [Errno 2] No such file or directory",
./logs/tests/smoke_help_20260710_071328.json:83685:        "  /home/fekerr/src/irislime/build/sycl_debug/bin/test-quant-type-selection --generate"
./logs/tests/smoke_help_20260710_071328.json:83707:        "usage: /home/fekerr/src/irislime/build/sycl_debug/bin/test-quantize-perf [options]",
./logs/tests/smoke_help_20260710_071328.json:83730:        "usage: /home/fekerr/src/irislime/build/sycl_debug/bin/test-quantize-stats [options]",
./logs/tests/smoke_help_20260710_071328.json:84279:        "/home/fekerr/src/irislime/llama.cpp/tests/test-sampling.cpp:67 (test_temp)",
./logs/tests/smoke_help_20260710_071328.json:84285:        "/home/fekerr/src/irislime/llama.cpp/tests/test-sampling.cpp:70 (test_temp)",
./logs/tests/smoke_help_20260710_071328.json:84291:        "/home/fekerr/src/irislime/llama.cpp/tests/test-sampling.cpp:67 (test_temp)",
./logs/tests/smoke_help_20260710_071328.json:84297:        "/home/fekerr/src/irislime/llama.cpp/tests/test-sampling.cpp:70 (test_temp)",
./logs/tests/smoke_help_20260710_071328.json:84303:        "/home/fekerr/src/irislime/llama.cpp/tests/test-sampling.cpp:78 (test_temp_ext)",
./logs/tests/smoke_help_20260710_071328.json:84309:        "/home/fekerr/src/irislime/llama.cpp/tests/test-sampling.cpp:81 (test_temp_ext)",
./logs/tests/smoke_help_20260710_071328.json:84315:        "/home/fekerr/src/irislime/llama.cpp/tests/test-sampling.cpp:78 (test_temp_ext)",
./logs/tests/smoke_help_20260710_071328.json:84321:        "/home/fekerr/src/irislime/llama.cpp/tests/test-sampling.cpp:81 (test_temp_ext)",
./logs/tests/smoke_help_20260710_071328.json:84327:        "/home/fekerr/src/irislime/llama.cpp/tests/test-sampling.cpp:89 (test_top_k)",
./logs/tests/smoke_help_20260710_071328.json:84333:        "/home/fekerr/src/irislime/llama.cpp/tests/test-sampling.cpp:92 (test_top_k)",
./logs/tests/smoke_help_20260710_071328.json:84336:        "/home/fekerr/src/irislime/llama.cpp/tests/test-sampling.cpp:89 (test_top_k)",
./logs/tests/smoke_help_20260710_071328.json:84342:        "/home/fekerr/src/irislime/llama.cpp/tests/test-sampling.cpp:92 (test_top_k)",
./logs/tests/smoke_help_20260710_071328.json:84347:        "/home/fekerr/src/irislime/llama.cpp/tests/test-sampling.cpp:89 (test_top_k)",
./logs/tests/smoke_help_20260710_071328.json:84353:        "/home/fekerr/src/irislime/llama.cpp/tests/test-sampling.cpp:92 (test_top_k)",
./logs/tests/smoke_help_20260710_071328.json:84359:        "/home/fekerr/src/irislime/llama.cpp/tests/test-sampling.cpp:89 (test_top_k)",
./logs/tests/smoke_help_20260710_071328.json:84365:        "/home/fekerr/src/irislime/llama.cpp/tests/test-sampling.cpp:92 (test_top_k)",
./logs/tests/smoke_help_20260710_071328.json:84371:        "/home/fekerr/src/irislime/llama.cpp/tests/test-sampling.cpp:100 (test_top_p)",
./logs/tests/smoke_help_20260710_071328.json:84377:        "/home/fekerr/src/irislime/llama.cpp/tests/test-sampling.cpp:103 (test_top_p)",
./logs/tests/smoke_help_20260710_071328.json:84380:        "/home/fekerr/src/irislime/llama.cpp/tests/test-sampling.cpp:100 (test_top_p)",
./logs/tests/smoke_help_20260710_071328.json:84386:        "/home/fekerr/src/irislime/llama.cpp/tests/test-sampling.cpp:103 (test_top_p)",
./logs/tests/smoke_help_20260710_071328.json:84390:        "/home/fekerr/src/irislime/llama.cpp/tests/test-sampling.cpp:100 (test_top_p)",
./logs/tests/smoke_help_20260710_071328.json:84396:        "/home/fekerr/src/irislime/llama.cpp/tests/test-sampling.cpp:103 (test_top_p)",
./logs/tests/smoke_help_20260710_071328.json:84401:        "/home/fekerr/src/irislime/llama.cpp/tests/test-sampling.cpp:100 (test_top_p)",
./logs/tests/smoke_help_20260710_071328.json:84407:        "/home/fekerr/src/irislime/llama.cpp/tests/test-sampling.cpp:103 (test_top_p)",
./logs/tests/smoke_help_20260710_071328.json:84413:        "/home/fekerr/src/irislime/llama.cpp/tests/test-sampling.cpp:111 (test_min_p)",
./logs/tests/smoke_help_20260710_071328.json:84419:        "/home/fekerr/src/irislime/llama.cpp/tests/test-sampling.cpp:114 (test_min_p)",
./logs/tests/smoke_help_20260710_071328.json:84425:        "/home/fekerr/src/irislime/llama.cpp/tests/test-sampling.cpp:111 (test_min_p)",
./logs/tests/smoke_help_20260710_071328.json:84431:        "/home/fekerr/src/irislime/llama.cpp/tests/test-sampling.cpp:114 (test_min_p)",
./logs/tests/smoke_help_20260710_071328.json:84437:        "/home/fekerr/src/irislime/llama.cpp/tests/test-sampling.cpp:111 (test_min_p)",
./logs/tests/smoke_help_20260710_071328.json:84443:        "/home/fekerr/src/irislime/llama.cpp/tests/test-sampling.cpp:114 (test_min_p)",
./logs/tests/smoke_help_20260710_071328.json:84448:        "/home/fekerr/src/irislime/llama.cpp/tests/test-sampling.cpp:111 (test_min_p)",
./logs/tests/smoke_help_20260710_071328.json:84454:        "/home/fekerr/src/irislime/llama.cpp/tests/test-sampling.cpp:114 (test_min_p)",
./logs/tests/smoke_help_20260710_071328.json:84459:        "/home/fekerr/src/irislime/llama.cpp/tests/test-sampling.cpp:111 (test_min_p)",
./logs/tests/smoke_help_20260710_071328.json:84465:        "/home/fekerr/src/irislime/llama.cpp/tests/test-sampling.cpp:114 (test_min_p)",
./logs/tests/smoke_help_20260710_071328.json:84469:        "/home/fekerr/src/irislime/llama.cpp/tests/test-sampling.cpp:111 (test_min_p)",
./logs/tests/smoke_help_20260710_071328.json:84475:        "/home/fekerr/src/irislime/llama.cpp/tests/test-sampling.cpp:114 (test_min_p)",
./logs/tests/smoke_help_20260710_071328.json:84479:        "/home/fekerr/src/irislime/llama.cpp/tests/test-sampling.cpp:111 (test_min_p)",
./logs/tests/smoke_help_20260710_071328.json:84485:        "/home/fekerr/src/irislime/llama.cpp/tests/test-sampling.cpp:114 (test_min_p)",
./logs/tests/smoke_help_20260710_071328.json:84488:        "/home/fekerr/src/irislime/llama.cpp/tests/test-sampling.cpp:111 (test_min_p)",
./logs/tests/smoke_help_20260710_071328.json:84494:        "/home/fekerr/src/irislime/llama.cpp/tests/test-sampling.cpp:114 (test_min_p)",
./logs/tests/smoke_help_20260710_071328.json:84497:        "/home/fekerr/src/irislime/llama.cpp/tests/test-sampling.cpp:111 (test_min_p)",
./logs/tests/smoke_help_20260710_071328.json:84503:        "/home/fekerr/src/irislime/llama.cpp/tests/test-sampling.cpp:114 (test_min_p)",
./logs/tests/smoke_help_20260710_071328.json:84507:        "/home/fekerr/src/irislime/llama.cpp/tests/test-sampling.cpp:122 (test_xtc)",
./logs/tests/smoke_help_20260710_071328.json:84513:        "/home/fekerr/src/irislime/llama.cpp/tests/test-sampling.cpp:124 (test_xtc)",
./logs/tests/smoke_help_20260710_071328.json:84516:        "/home/fekerr/src/irislime/llama.cpp/tests/test-sampling.cpp:122 (test_xtc)",
./logs/tests/smoke_help_20260710_071328.json:84522:        "/home/fekerr/src/irislime/llama.cpp/tests/test-sampling.cpp:124 (test_xtc)",
./logs/tests/smoke_help_20260710_071328.json:84526:        "/home/fekerr/src/irislime/llama.cpp/tests/test-sampling.cpp:122 (test_xtc)",
./logs/tests/smoke_help_20260710_071328.json:84532:        "/home/fekerr/src/irislime/llama.cpp/tests/test-sampling.cpp:124 (test_xtc)",
./logs/tests/smoke_help_20260710_071328.json:84538:        "/home/fekerr/src/irislime/llama.cpp/tests/test-sampling.cpp:122 (test_xtc)",
./logs/tests/smoke_help_20260710_071328.json:84544:        "/home/fekerr/src/irislime/llama.cpp/tests/test-sampling.cpp:124 (test_xtc)",
./logs/tests/smoke_help_20260710_071328.json:84550:        "/home/fekerr/src/irislime/llama.cpp/tests/test-sampling.cpp:132 (test_typical)",
./logs/tests/smoke_help_20260710_071328.json:84556:        "/home/fekerr/src/irislime/llama.cppempty DRY sequence breakers list in llama_sampler_init_dry_testing",
./logs/tests/smoke_help_20260710_071328.json:84562:        "/home/fekerr/src/irislime/llama.cpp/tests/test-sampling.cpp:132 (test_typical)",
./logs/tests/smoke_help_20260710_071328.json:84568:        "/home/fekerr/src/irislime/llama.cpp/tests/test-sampling.cpp:134 (test_typical)",
./logs/tests/smoke_help_20260710_071328.json:84573:        "/home/fekerr/src/irislime/llama.cpp/tests/test-sampling.cpp:153 (test_penalties)",
./logs/tests/smoke_help_20260710_071328.json:84580:        "/home/fekerr/src/irislime/llama.cpp/tests/test-sampling.cpp:156 (test_penalties)",
./logs/tests/smoke_help_20260710_071328.json:84587:        "/home/fekerr/src/irislime/llama.cpp/tests/test-sampling.cpp:153 (test_penalties)",
./logs/tests/smoke_help_20260710_071328.json:84594:        "/home/fekerr/src/irislime/llama.cpp/tests/test-sampling.cpp:156 (test_penalties)",
./logs/tests/smoke_help_20260710_071328.json:84601:        "/home/fekerr/src/irislime/llama.cpp/tests/test-sampling.cpp:153 (test_penalties)",
./logs/tests/smoke_help_20260710_071328.json:84608:        "/home/fekerr/src/irislime/llama.cpp/tests/test-sampling.cpp:156 (test_penalties)",
./logs/tests/smoke_help_20260710_071328.json:84615:        "/home/fekerr/src/irislime/llama.cpp/tests/test-sampling.cpp:153 (test_penalties)",
./logs/tests/smoke_help_20260710_071328.json:84622:        "/home/fekerr/src/irislime/llama.cpp/tests/test-sampling.cpp:156 (test_penalties)",
./logs/tests/smoke_help_20260710_071328.json:84629:        "/home/fekerr/src/irislime/llama.cpp/tests/test-sampling.cpp:153 (test_penalties)",
./logs/tests/smoke_help_20260710_071328.json:84636:        "/home/fekerr/src/irislime/llama.cpp/tests/test-sampling.cpp:156 (test_penalties)",
./logs/tests/smoke_help_20260710_071328.json:84643:        "/home/fekerr/src/irislime/llama.cpp/tests/test-sampling.cpp:153 (test_penalties)",
./logs/tests/smoke_help_20260710_071328.json:84650:        "/home/fekerr/src/irislime/llama.cpp/tests/test-sampling.cpp:156 (test_penalties)",
./logs/tests/smoke_help_20260710_071328.json:84657:        "/home/fekerr/src/irislime/llama.cpp/tests/test-sampling.cpp:177 (test_dry)",
./logs/tests/smoke_help_20260710_071328.json:84663:        "/home/fekerr/src/irislime/llama.cpp/tests/test-sampling.cpp:180 (test_dry)",
./logs/tests/smoke_help_20260710_071328.json:84669:        "/home/fekerr/src/irislime/llama.cpp/tests/test-sampling.cpp:177 (test_dry)",
./logs/tests/smoke_help_20260710_071328.json:84675:        "/home/fekerr/src/irislime/llama.cpp/tests/test-sampling.cpp:180 (test_dry)",
./logs/tests/smoke_help_20260710_071328.json:84681:        "/home/fekerr/src/irislime/llama.cpp/tests/test-sampling.cpp:177 (test_dry)",
./logs/tests/smoke_help_20260710_071328.json:84688:        "/home/fekerr/src/irislime/llama.cpp/tests/test-sampling.cpp:180 (test_dry)",
./logs/tests/smoke_help_20260710_071328.json:84695:        "/home/fekerr/src/irislime/llama.cpp/tests/test-sampling.cpp:177 (test_dry)",
./logs/tests/smoke_help_20260710_071328.json:84703:        "/home/fekerr/src/irislime/llama.cpp/tests/test-sampling.cpp:180 (test_dry)",
./logs/tests/smoke_help_20260710_071328.json:84710:        "/home/fekerr/src/irislime/llama.cpp/tests/test-sampling.cpp:177 (test_dry)",
./logs/tests/smoke_help_20260710_071328.json:84717:        "/home/fekerr/src/irislime/llama.cpp/tests/test-sampling.cpp:180 (test_dry)",
./logs/tests/smoke_help_20260710_071328.json:84724:        "/home/fekerr/src/irislime/llama.cpp/tests/test-sampling.cpp:187 (test_top_n_sigma)",
./logs/tests/smoke_help_20260710_071328.json:84730:        "/home/fekerr/src/irislime/llama.cpp/tests/test-sampling.cpp:190 (test_top_n_sigma)",
./logs/tests/smoke_help_20260710_071328.json:84736:        "/home/fekerr/src/irislime/llama.cpp/tests/test-sampling.cpp:187 (test_top_n_sigma)",
./logs/tests/smoke_help_20260710_071328.json:84742:        "/home/fekerr/src/irislime/llama.cpp/tests/test-sampling.cpp:190 (test_top_n_sigma)",
./logs/tests/smoke_help_20260710_071328.json:84748:        "/home/fekerr/src/irislime/llama.cpp/tests/test-sampling.cpp:187 (test_top_n_sigma)",
./logs/tests/smoke_help_20260710_071328.json:84754:        "/home/fekerr/src/irislime/llama.cpp/tests/test-sampling.cpp:190 (test_top_n_sigma)",
./logs/tests/smoke_help_20260710_071328.json:86496:        "    /home/fekerr/src/irislime/build/sycl_release/bin/llama-batched -m model.gguf -p \"Hello my name is\" -n 32 -np 4",
./logs/tests/smoke_help_20260710_071328.json:86819:        "    /home/fekerr/src/irislime/build/sycl_release/bin/llama-batched-bench -m model.gguf -c 2048 -b 2048 -ub 512 -npp 128,256,512 -ntg 128,256 -npl 1,2,4,8,16,32 [-pps]",
./logs/tests/smoke_help_20260710_071328.json:86831:        "usage: /home/fekerr/src/irislime/build/sycl_release/bin/llama-bench [options]",
./logs/tests/smoke_help_20260710_071328.json:87824:        "  text generation:     /home/fekerr/src/irislime/build/sycl_release/bin/llama-completion -m your_model.gguf -p \"I believe the meaning of life is\" -n 128 -no-cnv",
./logs/tests/smoke_help_20260710_071328.json:87826:        "  chat (conversation): /home/fekerr/src/irislime/build/sycl_release/bin/llama-completion -m your_model.gguf -sys \"You are a helpful assistant\"",
./logs/tests/smoke_help_20260710_071328.json:87837:        "usage: /home/fekerr/src/irislime/build/sycl_release/bin/llama-convert-llama2c-to-ggml [options]",
./logs/tests/smoke_help_20260710_071328.json:88164:        "    CPU only:   /home/fekerr/src/irislime/build/sycl_release/bin/llama-cvector-generator -m ./llama-3.Q4_K_M.gguf",
./logs/tests/smoke_help_20260710_071328.json:88166:        "    with GPU:   /home/fekerr/src/irislime/build/sycl_release/bin/llama-cvector-generator -m ./llama-3.Q4_K_M.gguf -ngl 99",
./logs/tests/smoke_help_20260710_071328.json:88168:        "    advanced:   /home/fekerr/src/irislime/build/sycl_release/bin/llama-cvector-generator -m ./llama-3.Q4_K_M.gguf -ngl 99 --pca-iter 2000 --pca-batch 100",
./logs/tests/smoke_help_20260710_071328.json:88170:        "    using mean: /home/fekerr/src/irislime/build/sycl_release/bin/llama-cvector-generator -m ./llama-3.Q4_K_M.gguf --method mean",
./logs/tests/smoke_help_20260710_071328.json:88496:        "  /home/fekerr/src/irislime/build/sycl_release/bin/llama-debug -m model.gguf -p \"Hello my name is\" --verbose",
./logs/tests/smoke_help_20260710_071328.json:88502:        "  /home/fekerr/src/irislime/build/sycl_release/bin/llama-debug -m model.gguf -p \"Hello my name is\" --save-logits",
./logs/tests/smoke_help_20260710_071328.json:89774:        "  /home/fekerr/src/irislime/build/sycl_release/bin/llama-export-lora -m base-model.gguf --lora lora-file.gguf -o merged-model-f16.gguf",
./logs/tests/smoke_help_20260710_071328.json:90440:        "usage: /home/fekerr/src/irislime/build/sycl_release/bin/llama-gguf data.gguf r|w [n]",
./logs/tests/smoke_help_20260710_071328.json:90465:        "usage: /home/fekerr/src/irislime/build/sycl_release/bin/llama-gguf-split [options] GGUF_IN GGUF_OUT",
./logs/tests/smoke_help_20260710_071328.json:90784:        "    /home/fekerr/src/irislime/build/sycl_release/bin/llama-idle -m model.gguf [-ngl n_gpu_layers]",
./logs/tests/smoke_help_20260710_071328.json:91110:        "    /home/fekerr/src/irislime/build/sycl_release/bin/llama-imatrix \\",
./logs/tests/smoke_help_20260710_071328.json:92100:        "Usage: /home/fekerr/src/irislime/build/sycl_release/bin/llama-lookup-merge [--help] lookup_part_1.bin lookup_part_2.bin ... lookup_merged.bin"
./logs/tests/smoke_help_20260710_071328.json:92813:        "Usage: /home/fekerr/src/irislime/build/sycl_release/bin/llama-mtmd-cli [options] -m <model> --mmproj <mmproj> --image <image> --audio <audio> -p <prompt>",
./logs/tests/smoke_help_20260710_071328.json:93170:        "Usage: /home/fekerr/src/irislime/build/sycl_release/bin/llama-mtmd-debug -m <model> --mmproj <mmproj> -p <mode> -n <size> --image <image> --audio <audio>",
./logs/tests/smoke_help_20260710_071328.json:93822:        "    /home/fekerr/src/irislime/build/sycl_release/bin/llama-passkey -m model.gguf --junk 250 --pos 90 --keep 32 --grp-attn-n 2 [--seed 1234]",
./logs/tests/smoke_help_20260710_071328.json:94177:        "usage: /home/fekerr/src/irislime/build/sycl_release/bin/llama-quantize [--help] [--allow-requantize] [--leave-output-tensor] [--pure] [--imatrix] [--include-weights]",
./logs/tests/smoke_help_20260710_071328.json:94907:        "    /home/fekerr/src/irislime/build/sycl_release/bin/llama-retrieval --model ./models/bge-base-en-v1.5-f16.gguf --top-k 3 --context-file README.md --context-file License --chunk-size 100 --chunk-separator .",
./logs/tests/smoke_help_20260710_071328.json:95570:        "    /home/fekerr/src/irislime/build/sycl_release/bin/llama-simple -m model.gguf [-n n_predict] [-ngl n_gpu_layers] [prompt]",
./logs/tests/smoke_help_20260710_071328.json:95584:        "    /home/fekerr/src/irislime/build/sycl_release/bin/llama-simple-chat -m model.gguf [-c context_size] [-ngl n_gpu_layers]",
./logs/tests/smoke_help_20260710_071328.json:96418:        "Usage: /home/fekerr/src/irislime/build/sycl_release/bin/llama-template-analysis [options]",
./logs/tests/smoke_help_20260710_071328.json:96426:        "  /home/fekerr/src/irislime/build/sycl_release/bin/llama-template-analysis --all",
./logs/tests/smoke_help_20260710_071328.json:96427:        "  /home/fekerr/src/irislime/build/sycl_release/bin/llama-template-analysis --template deepseek",
./logs/tests/smoke_help_20260710_071328.json:96428:        "  /home/fekerr/src/irislime/build/sycl_release/bin/llama-template-analysis --template-file my-template.jinja"
./logs/tests/smoke_help_20260710_071328.json:96438:        "usage: /home/fekerr/src/irislime/build/sycl_release/bin/llama-tokenize [options]",
./logs/tests/smoke_help_20260710_071328.json:96774:        "    /home/fekerr/src/irislime/build/sycl_release/bin/llama-tts -m model.gguf -p \"Hello!\"",
./logs/tests/smoke_help_20260710_071328.json:96905:        "Usage: /home/fekerr/src/irislime/build/sycl_release/bin/test-backend-ops [mode] [-o <op,..>] [-b <backend>] [-p <params regex>] [--output <console|sql|csv>] [--list-ops] [--show-coverage] [--test-file <path>] [-j <n>]",
./logs/tests/smoke_help_20260710_071328.json:96942:        "/home/fekerr/src/irislime/llama.cpp/ggml/src/ggml-cpu/ggml-cpu.c:3312: GGML_ASSERT(cplan->n_threads > 0) failed",
./logs/tests/smoke_help_20260710_071328.json:96943:        "/home/fekerr/src/irislime/build/sycl_release/bin/libggml-base.so.0(+0x16c78) [0x748ded6b6c78]",
./logs/tests/smoke_help_20260710_071328.json:96944:        "/home/fekerr/src/irislime/build/sycl_release/bin/libggml-base.so.0(ggml_print_backtrace+0x231) [0x748ded6b6c51]",
./logs/tests/smoke_help_20260710_071328.json:96945:        "/home/fekerr/src/irislime/build/sycl_release/bin/libggml-base.so.0(ggml_abort+0x109) [0x748ded6b5d29]",
./logs/tests/smoke_help_20260710_071328.json:96946:        "/home/fekerr/src/irislime/build/sycl_release/bin/libggml-cpu.so.0(ggml_graph_compute+0x2b9) [0x748decc3f099]",
./logs/tests/smoke_help_20260710_071328.json:96947:        "/home/fekerr/src/irislime/build/sycl_release/bin/test-barrier() [0x4068fc]",
./logs/tests/smoke_help_20260710_071328.json:96950:        "/home/fekerr/src/irislime/build/sycl_release/bin/test-barrier() [0x4065b5]"
./logs/tests/smoke_help_20260710_071328.json:96977:        "/home/fekerr/src/irislime/build/sycl_release/bin/libggml-base.so.0(+0x16c78) [0x7a6ce6436c78]",
./logs/tests/smoke_help_20260710_071328.json:96978:        "/home/fekerr/src/irislime/build/sycl_release/bin/libggml-base.so.0(ggml_print_backtrace+0x231) [0x7a6ce6436c51]",
./logs/tests/smoke_help_20260710_071328.json:96979:        "/home/fekerr/src/irislime/build/sycl_release/bin/libggml-base.so.0(+0x2d9f6) [0x7a6ce644d9f6]",
./logs/tests/smoke_help_20260710_071328.json:96983:        "/home/fekerr/src/irislime/build/sycl_release/bin/test-chat() [0x48f81e]",
./logs/tests/smoke_help_20260710_071328.json:96984:        "/home/fekerr/src/irislime/build/sycl_release/bin/test-chat() [0x48984b]",
./logs/tests/smoke_help_20260710_071328.json:96985:        "/home/fekerr/src/irislime/build/sycl_release/bin/test-chat() [0x48bf85]",
./logs/tests/smoke_help_20260710_071328.json:96986:        "/home/fekerr/src/irislime/build/sycl_release/bin/test-chat() [0x42f5d1]",
./logs/tests/smoke_help_20260710_071328.json:96989:        "/home/fekerr/src/irislime/build/sycl_release/bin/test-chat() [0x429cf5]",
./logs/tests/smoke_help_20260710_071328.json:97072:        "Usage: /home/fekerr/src/irislime/build/sycl_release/bin/test-gbnf-validator <grammar_filename> <input_filename>"
./logs/tests/smoke_help_20260710_071328.json:97082:        "/home/fekerr/src/irislime/build/sycl_release/bin/libggml-base.so.0(+0x16c78) [0x7f5f20266c78]",
./logs/tests/smoke_help_20260710_071328.json:97083:        "/home/fekerr/src/irislime/build/sycl_release/bin/libggml-base.so.0(ggml_print_backtrace+0x231) [0x7f5f20266c51]",
./logs/tests/smoke_help_20260710_071328.json:97084:        "/home/fekerr/src/irislime/build/sycl_release/bin/libggml-base.so.0(+0x2d9f6) [0x7f5f2027d9f6]",
./logs/tests/smoke_help_20260710_071328.json:97089:        "/home/fekerr/src/irislime/build/sycl_release/bin/test-gguf() [0x408078]",
./logs/tests/smoke_help_20260710_071328.json:97092:        "/home/fekerr/src/irislime/build/sycl_release/bin/test-gguf() [0x4079f5]",
./logs/tests/smoke_help_20260710_071328.json:98434:        "python: can't open file '/home/fekerr/src/irislime/build/sycl_release/bin/./examples/json_schema_to_grammar.py': [Errno 2] No such file or directory",
./logs/tests/smoke_help_20260710_071328.json:105035:        "  /home/fekerr/src/irislime/build/sycl_release/bin/test-quant-type-selection --generate"
./logs/tests/smoke_help_20260710_071328.json:105057:        "usage: /home/fekerr/src/irislime/build/sycl_release/bin/test-quantize-perf [options]",
./logs/tests/smoke_help_20260710_071328.json:105080:        "usage: /home/fekerr/src/irislime/build/sycl_release/bin/test-quantize-stats [options]",
./logs/tests/smoke_help_20260710_071328.json:105629:        "/home/fekerr/src/irislime/llama.cpp/tests/test-sampling.cpp:67 (test_temp)",
./logs/tests/smoke_help_20260710_071328.json:105635:        "/home/fekerr/src/irislime/llama.cpp/tests/test-sampling.cpp:70 (test_temp)",
./logs/tests/smoke_help_20260710_071328.json:105641:        "/home/fekerr/src/irislime/llama.cpp/tests/test-sampling.cpp:67 (test_temp)",
./logs/tests/smoke_help_20260710_071328.json:105647:        "/home/fekerr/src/irislime/llama.cpp/tests/test-sampling.cpp:70 (test_temp)",
./logs/tests/smoke_help_20260710_071328.json:105653:        "/home/fekerr/src/irislime/llama.cpp/tests/test-sampling.cpp:78 (test_temp_ext)",
./logs/tests/smoke_help_20260710_071328.json:105659:        "/home/fekerr/src/irislime/llama.cpp/tests/test-sampling.cpp:81 (test_temp_ext)",
./logs/tests/smoke_help_20260710_071328.json:105665:        "/home/fekerr/src/irislime/llama.cpp/tests/test-sampling.cpp:78 (test_temp_ext)",
./logs/tests/smoke_help_20260710_071328.json:105671:        "/home/fekerr/src/irislime/llama.cpp/tests/test-sampling.cpp:81 (test_temp_ext)",
./logs/tests/smoke_help_20260710_071328.json:105677:        "/home/fekerr/src/irislime/llama.cpp/tests/test-sampling.cpp:89 (test_top_k)",
./logs/tests/smoke_help_20260710_071328.json:105683:        "/home/fekerr/src/irislime/llama.cpp/tests/test-sampling.cpp:92 (test_top_k)",
./logs/tests/smoke_help_20260710_071328.json:105686:        "/home/fekerr/src/irislime/llama.cpp/tests/test-sampling.cpp:89 (test_top_k)",
./logs/tests/smoke_help_20260710_071328.json:105692:        "/home/fekerr/src/irislime/llama.cpp/tests/test-sampling.cpp:92 (test_top_k)",
./logs/tests/smoke_help_20260710_071328.json:105697:        "/home/fekerr/src/irislime/llama.cpp/tests/test-sampling.cpp:89 (test_top_k)",
./logs/tests/smoke_help_20260710_071328.json:105703:        "/home/fekerr/src/irislime/llama.cpp/tests/test-sampling.cpp:92 (test_top_k)",
./logs/tests/smoke_help_20260710_071328.json:105709:        "/home/fekerr/src/irislime/llama.cpp/tests/test-sampling.cpp:89 (test_top_k)",
./logs/tests/smoke_help_20260710_071328.json:105715:        "/home/fekerr/src/irislime/llama.cpp/tests/test-sampling.cpp:92 (test_top_k)",
./logs/tests/smoke_help_20260710_071328.json:105721:        "/home/fekerr/src/irislime/llama.cpp/tests/test-sampling.cpp:100 (test_top_p)",
./logs/tests/smoke_help_20260710_071328.json:105727:        "/home/fekerr/src/irislime/llama.cpp/tests/test-sampling.cpp:103 (test_top_p)",
./logs/tests/smoke_help_20260710_071328.json:105730:        "/home/fekerr/src/irislime/llama.cpp/tests/test-sampling.cpp:100 (test_top_p)",
./logs/tests/smoke_help_20260710_071328.json:105736:        "/home/fekerr/src/irislime/llama.cpp/tests/test-sampling.cpp:103 (test_top_p)",
./logs/tests/smoke_help_20260710_071328.json:105740:        "/home/fekerr/src/irislime/llama.cpp/tests/test-sampling.cpp:100 (test_top_p)",
./logs/tests/smoke_help_20260710_071328.json:105746:        "/home/fekerr/src/irislime/llama.cpp/tests/test-sampling.cpp:103 (test_top_p)",
./logs/tests/smoke_help_20260710_071328.json:105751:        "/home/fekerr/src/irislime/llama.cpp/tests/test-sampling.cpp:100 (test_top_p)",
./logs/tests/smoke_help_20260710_071328.json:105757:        "/home/fekerr/src/irislime/llama.cpp/tests/test-sampling.cpp:103 (test_top_p)",
./logs/tests/smoke_help_20260710_071328.json:105763:        "/home/fekerr/src/irislime/llama.cpp/tests/test-sampling.cpp:111 (test_min_p)",
./logs/tests/smoke_help_20260710_071328.json:105769:        "/home/fekerr/src/irislime/llama.cpp/tests/test-sampling.cpp:114 (test_min_p)",
./logs/tests/smoke_help_20260710_071328.json:105775:        "/home/fekerr/src/irislime/llama.cpp/tests/test-sampling.cpp:111 (test_min_p)",
./logs/tests/smoke_help_20260710_071328.json:105781:        "/home/fekerr/src/irislime/llama.cpp/tests/test-sampling.cpp:114 (test_min_p)",
./logs/tests/smoke_help_20260710_071328.json:105787:        "/home/fekerr/src/irislime/llama.cpp/tests/test-sampling.cpp:111 (test_min_p)",
./logs/tests/smoke_help_20260710_071328.json:105793:        "/home/fekerr/src/irislime/llama.cpp/tests/test-sampling.cpp:114 (test_min_p)",
./logs/tests/smoke_help_20260710_071328.json:105798:        "/home/fekerr/src/irislime/llama.cpp/tests/test-sampling.cpp:111 (test_min_p)",
./logs/tests/smoke_help_20260710_071328.json:105804:        "/home/fekerr/src/irislime/llama.cpp/tests/test-sampling.cpp:114 (test_min_p)",
./logs/tests/smoke_help_20260710_071328.json:105809:        "/home/fekerr/src/irislime/llama.cpp/tests/test-sampling.cpp:111 (test_min_p)",
./logs/tests/smoke_help_20260710_071328.json:105815:        "/home/fekerr/src/irislime/llama.cpp/tests/test-sampling.cpp:114 (test_min_p)",
./logs/tests/smoke_help_20260710_071328.json:105819:        "/home/fekerr/src/irislime/llama.cpp/tests/test-sampling.cpp:111 (test_min_p)",
./logs/tests/smoke_help_20260710_071328.json:105825:        "/home/fekerr/src/irislime/llama.cpp/tests/test-sampling.cpp:114 (test_min_p)",
./logs/tests/smoke_help_20260710_071328.json:105829:        "/home/fekerr/src/irislime/llama.cpp/tests/test-sampling.cpp:111 (test_min_p)",
./logs/tests/smoke_help_20260710_071328.json:105835:        "/home/fekerr/src/irislime/llama.cpp/tests/test-sampling.cpp:114 (test_min_p)",
./logs/tests/smoke_help_20260710_071328.json:105838:        "/home/fekerr/src/irislime/llama.cpp/tests/test-sampling.cpp:111 (test_min_p)",
./logs/tests/smoke_help_20260710_071328.json:105844:        "/home/fekerr/src/irislime/llama.cpp/tests/test-sampling.cpp:114 (test_min_p)",
./logs/tests/smoke_help_20260710_071328.json:105847:        "/home/fekerr/src/irislime/llama.cpp/tests/test-sampling.cpp:111 (test_min_p)",
./logs/tests/smoke_help_20260710_071328.json:105853:        "/home/fekerr/src/irislime/llama.cpp/tests/test-sampling.cpp:114 (test_min_p)",
./logs/tests/smoke_help_20260710_071328.json:105857:        "/home/fekerr/src/irislime/llama.cpp/tests/test-sampling.cpp:122 (test_xtc)",
./logs/tests/smoke_help_20260710_071328.json:105863:        "/home/fekerr/src/irislime/llama.cpp/tests/test-sampling.cpp:124 (test_xtc)",
./logs/tests/smoke_help_20260710_071328.json:105866:        "/home/fekerr/src/irislime/llama.cpp/tests/test-sampling.cpp:122 (test_xtc)",
./logs/tests/smoke_help_20260710_071328.json:105872:        "/home/fekerr/src/irislime/llama.cpp/tests/test-sampling.cpp:124 (test_xtc)",
./logs/tests/smoke_help_20260710_071328.json:105876:        "/home/fekerr/src/irislime/llama.cpp/tests/test-sampling.cpp:122 (test_xtc)",
./logs/tests/smoke_help_20260710_071328.json:105882:        "/home/fekerr/src/irislime/llama.cpp/tests/test-sampling.cpp:124 (test_xtc)",
./logs/tests/smoke_help_20260710_071328.json:105888:        "/home/fekerr/src/irislime/llama.cpp/tests/test-sampling.cpp:122 (test_xtc)",
./logs/tests/smoke_help_20260710_071328.json:105894:        "/home/fekerr/src/irislime/llama.cpp/tests/test-sampling.cpp:124 (test_xtc)",
./logs/tests/smoke_help_20260710_071328.json:105900:        "/home/fekerr/src/irislime/llama.cpp/tests/test-sampling.cpp:132 (test_typical)",
./logs/tests/smoke_help_20260710_071328.json:105906:        "/home/fekerr/src/irislime/llama.cppempty DRY sequence breakers list in llama_sampler_init_dry_testing",
./logs/tests/smoke_help_20260710_071328.json:105912:        "/home/fekerr/src/irislime/llama.cpp/tests/test-sampling.cpp:132 (test_typical)",
./logs/tests/smoke_help_20260710_071328.json:105918:        "/home/fekerr/src/irislime/llama.cpp/tests/test-sampling.cpp:134 (test_typical)",
./logs/tests/smoke_help_20260710_071328.json:105923:        "/home/fekerr/src/irislime/llama.cpp/tests/test-sampling.cpp:153 (test_penalties)",
./logs/tests/smoke_help_20260710_071328.json:105930:        "/home/fekerr/src/irislime/llama.cpp/tests/test-sampling.cpp:156 (test_penalties)",
./logs/tests/smoke_help_20260710_071328.json:105937:        "/home/fekerr/src/irislime/llama.cpp/tests/test-sampling.cpp:153 (test_penalties)",
./logs/tests/smoke_help_20260710_071328.json:105944:        "/home/fekerr/src/irislime/llama.cpp/tests/test-sampling.cpp:156 (test_penalties)",
./logs/tests/smoke_help_20260710_071328.json:105951:        "/home/fekerr/src/irislime/llama.cpp/tests/test-sampling.cpp:153 (test_penalties)",
./logs/tests/smoke_help_20260710_071328.json:105958:        "/home/fekerr/src/irislime/llama.cpp/tests/test-sampling.cpp:156 (test_penalties)",
./logs/tests/smoke_help_20260710_071328.json:105965:        "/home/fekerr/src/irislime/llama.cpp/tests/test-sampling.cpp:153 (test_penalties)",
./logs/tests/smoke_help_20260710_071328.json:105972:        "/home/fekerr/src/irislime/llama.cpp/tests/test-sampling.cpp:156 (test_penalties)",
./logs/tests/smoke_help_20260710_071328.json:105979:        "/home/fekerr/src/irislime/llama.cpp/tests/test-sampling.cpp:153 (test_penalties)",
./logs/tests/smoke_help_20260710_071328.json:105986:        "/home/fekerr/src/irislime/llama.cpp/tests/test-sampling.cpp:156 (test_penalties)",
./logs/tests/smoke_help_20260710_071328.json:105993:        "/home/fekerr/src/irislime/llama.cpp/tests/test-sampling.cpp:153 (test_penalties)",
./logs/tests/smoke_help_20260710_071328.json:106000:        "/home/fekerr/src/irislime/llama.cpp/tests/test-sampling.cpp:156 (test_penalties)",
./logs/tests/smoke_help_20260710_071328.json:106007:        "/home/fekerr/src/irislime/llama.cpp/tests/test-sampling.cpp:177 (test_dry)",
./logs/tests/smoke_help_20260710_071328.json:106013:        "/home/fekerr/src/irislime/llama.cpp/tests/test-sampling.cpp:180 (test_dry)",
./logs/tests/smoke_help_20260710_071328.json:106019:        "/home/fekerr/src/irislime/llama.cpp/tests/test-sampling.cpp:177 (test_dry)",
./logs/tests/smoke_help_20260710_071328.json:106025:        "/home/fekerr/src/irislime/llama.cpp/tests/test-sampling.cpp:180 (test_dry)",
./logs/tests/smoke_help_20260710_071328.json:106031:        "/home/fekerr/src/irislime/llama.cpp/tests/test-sampling.cpp:177 (test_dry)",
./logs/tests/smoke_help_20260710_071328.json:106038:        "/home/fekerr/src/irislime/llama.cpp/tests/test-sampling.cpp:180 (test_dry)",
./logs/tests/smoke_help_20260710_071328.json:106045:        "/home/fekerr/src/irislime/llama.cpp/tests/test-sampling.cpp:177 (test_dry)",
./logs/tests/smoke_help_20260710_071328.json:106053:        "/home/fekerr/src/irislime/llama.cpp/tests/test-sampling.cpp:180 (test_dry)",
./logs/tests/smoke_help_20260710_071328.json:106060:        "/home/fekerr/src/irislime/llama.cpp/tests/test-sampling.cpp:177 (test_dry)",
./logs/tests/smoke_help_20260710_071328.json:106067:        "/home/fekerr/src/irislime/llama.cpp/tests/test-sampling.cpp:180 (test_dry)",
./logs/tests/smoke_help_20260710_071328.json:106074:        "/home/fekerr/src/irislime/llama.cpp/tests/test-sampling.cpp:187 (test_top_n_sigma)",
./logs/tests/smoke_help_20260710_071328.json:106080:        "/home/fekerr/src/irislime/llama.cpp/tests/test-sampling.cpp:190 (test_top_n_sigma)",
./logs/tests/smoke_help_20260710_071328.json:106086:        "/home/fekerr/src/irislime/llama.cpp/tests/test-sampling.cpp:187 (test_top_n_sigma)",
./logs/tests/smoke_help_20260710_071328.json:106092:        "/home/fekerr/src/irislime/llama.cpp/tests/test-sampling.cpp:190 (test_top_n_sigma)",
./logs/tests/smoke_help_20260710_071328.json:106098:        "/home/fekerr/src/irislime/llama.cpp/tests/test-sampling.cpp:187 (test_top_n_sigma)",
./logs/tests/smoke_help_20260710_071328.json:106104:        "/home/fekerr/src/irislime/llama.cpp/tests/test-sampling.cpp:190 (test_top_n_sigma)",
./logs/tests/smoke_help_20260710_071328.json:107854:        "    /home/fekerr/src/irislime/build/sycl_relwithdebinfo/bin/llama-batched -m model.gguf -p \"Hello my name is\" -n 32 -np 4",
./logs/tests/smoke_help_20260710_071328.json:108177:        "    /home/fekerr/src/irislime/build/sycl_relwithdebinfo/bin/llama-batched-bench -m model.gguf -c 2048 -b 2048 -ub 512 -npp 128,256,512 -ntg 128,256 -npl 1,2,4,8,16,32 [-pps]",
./logs/tests/smoke_help_20260710_071328.json:108190:        "usage: /home/fekerr/src/irislime/build/sycl_relwithdebinfo/bin/llama-bench [options]",
./logs/tests/smoke_help_20260710_071328.json:109183:        "  text generation:     /home/fekerr/src/irislime/build/sycl_relwithdebinfo/bin/llama-completion -m your_model.gguf -p \"I believe the meaning of life is\" -n 128 -no-cnv",
./logs/tests/smoke_help_20260710_071328.json:109185:        "  chat (conversation): /home/fekerr/src/irislime/build/sycl_relwithdebinfo/bin/llama-completion -m your_model.gguf -sys \"You are a helpful assistant\"",
./logs/tests/smoke_help_20260710_071328.json:109196:        "usage: /home/fekerr/src/irislime/build/sycl_relwithdebinfo/bin/llama-convert-llama2c-to-ggml [options]",
./logs/tests/smoke_help_20260710_071328.json:109523:        "    CPU only:   /home/fekerr/src/irislime/build/sycl_relwithdebinfo/bin/llama-cvector-generator -m ./llama-3.Q4_K_M.gguf",
./logs/tests/smoke_help_20260710_071328.json:109525:        "    with GPU:   /home/fekerr/src/irislime/build/sycl_relwithdebinfo/bin/llama-cvector-generator -m ./llama-3.Q4_K_M.gguf -ngl 99",
./logs/tests/smoke_help_20260710_071328.json:109527:        "    advanced:   /home/fekerr/src/irislime/build/sycl_relwithdebinfo/bin/llama-cvector-generator -m ./llama-3.Q4_K_M.gguf -ngl 99 --pca-iter 2000 --pca-batch 100",
./logs/tests/smoke_help_20260710_071328.json:109529:        "    using mean: /home/fekerr/src/irislime/build/sycl_relwithdebinfo/bin/llama-cvector-generator -m ./llama-3.Q4_K_M.gguf --method mean",
./logs/tests/smoke_help_20260710_071328.json:109855:        "  /home/fekerr/src/irislime/build/sycl_relwithdebinfo/bin/llama-debug -m model.gguf -p \"Hello my name is\" --verbose",
./logs/tests/smoke_help_20260710_071328.json:109861:        "  /home/fekerr/src/irislime/build/sycl_relwithdebinfo/bin/llama-debug -m model.gguf -p \"Hello my name is\" --save-logits",
./logs/tests/smoke_help_20260710_071328.json:111133:        "  /home/fekerr/src/irislime/build/sycl_relwithdebinfo/bin/llama-export-lora -m base-model.gguf --lora lora-file.gguf -o merged-model-f16.gguf",
./logs/tests/smoke_help_20260710_071328.json:111799:        "usage: /home/fekerr/src/irislime/build/sycl_relwithdebinfo/bin/llama-gguf data.gguf r|w [n]",
./logs/tests/smoke_help_20260710_071328.json:111824:        "usage: /home/fekerr/src/irislime/build/sycl_relwithdebinfo/bin/llama-gguf-split [options] GGUF_IN GGUF_OUT",
./logs/tests/smoke_help_20260710_071328.json:112143:        "    /home/fekerr/src/irislime/build/sycl_relwithdebinfo/bin/llama-idle -m model.gguf [-ngl n_gpu_layers]",
./logs/tests/smoke_help_20260710_071328.json:112469:        "    /home/fekerr/src/irislime/build/sycl_relwithdebinfo/bin/llama-imatrix \\",
./logs/tests/smoke_help_20260710_071328.json:113459:        "Usage: /home/fekerr/src/irislime/build/sycl_relwithdebinfo/bin/llama-lookup-merge [--help] lookup_part_1.bin lookup_part_2.bin ... lookup_merged.bin"
./logs/tests/smoke_help_20260710_071328.json:114172:        "Usage: /home/fekerr/src/irislime/build/sycl_relwithdebinfo/bin/llama-mtmd-cli [options] -m <model> --mmproj <mmproj> --image <image> --audio <audio> -p <prompt>",
./logs/tests/smoke_help_20260710_071328.json:114529:        "Usage: /home/fekerr/src/irislime/build/sycl_relwithdebinfo/bin/llama-mtmd-debug -m <model> --mmproj <mmproj> -p <mode> -n <size> --image <image> --audio <audio>",
./logs/tests/smoke_help_20260710_071328.json:115181:        "    /home/fekerr/src/irislime/build/sycl_relwithdebinfo/bin/llama-passkey -m model.gguf --junk 250 --pos 90 --keep 32 --grp-attn-n 2 [--seed 1234]",
./logs/tests/smoke_help_20260710_071328.json:115536:        "usage: /home/fekerr/src/irislime/build/sycl_relwithdebinfo/bin/llama-quantize [--help] [--allow-requantize] [--leave-output-tensor] [--pure] [--imatrix] [--include-weights]",
./logs/tests/smoke_help_20260710_071328.json:116266:        "    /home/fekerr/src/irislime/build/sycl_relwithdebinfo/bin/llama-retrieval --model ./models/bge-base-en-v1.5-f16.gguf --top-k 3 --context-file README.md --context-file License --chunk-size 100 --chunk-separator .",
./logs/tests/smoke_help_20260710_071328.json:116929:        "    /home/fekerr/src/irislime/build/sycl_relwithdebinfo/bin/llama-simple -m model.gguf [-n n_predict] [-ngl n_gpu_layers] [prompt]",
./logs/tests/smoke_help_20260710_071328.json:116943:        "    /home/fekerr/src/irislime/build/sycl_relwithdebinfo/bin/llama-simple-chat -m model.gguf [-c context_size] [-ngl n_gpu_layers]",
./logs/tests/smoke_help_20260710_071328.json:117777:        "Usage: /home/fekerr/src/irislime/build/sycl_relwithdebinfo/bin/llama-template-analysis [options]",
./logs/tests/smoke_help_20260710_071328.json:117785:        "  /home/fekerr/src/irislime/build/sycl_relwithdebinfo/bin/llama-template-analysis --all",
./logs/tests/smoke_help_20260710_071328.json:117786:        "  /home/fekerr/src/irislime/build/sycl_relwithdebinfo/bin/llama-template-analysis --template deepseek",
./logs/tests/smoke_help_20260710_071328.json:117787:        "  /home/fekerr/src/irislime/build/sycl_relwithdebinfo/bin/llama-template-analysis --template-file my-template.jinja"
./logs/tests/smoke_help_20260710_071328.json:117797:        "usage: /home/fekerr/src/irislime/build/sycl_relwithdebinfo/bin/llama-tokenize [options]",
./logs/tests/smoke_help_20260710_071328.json:118133:        "    /home/fekerr/src/irislime/build/sycl_relwithdebinfo/bin/llama-tts -m model.gguf -p \"Hello!\"",
./logs/tests/smoke_help_20260710_071328.json:118266:        "Usage: /home/fekerr/src/irislime/build/sycl_relwithdebinfo/bin/test-backend-ops [mode] [-o <op,..>] [-b <backend>] [-p <params regex>] [--output <console|sql|csv>] [--list-ops] [--show-coverage] [--test-file <path>] [-j <n>]",
./logs/tests/smoke_help_20260710_071328.json:118303:        "/home/fekerr/src/irislime/llama.cpp/ggml/src/ggml-cpu/ggml-cpu.c:3312: GGML_ASSERT(cplan->n_threads > 0) failed",
./logs/tests/smoke_help_20260710_071328.json:118304:        "/home/fekerr/src/irislime/build/sycl_relwithdebinfo/bin/libggml-base.so.0(+0x16c78) [0x7706106b8c78]",
./logs/tests/smoke_help_20260710_071328.json:118305:        "/home/fekerr/src/irislime/build/sycl_relwithdebinfo/bin/libggml-base.so.0(ggml_print_backtrace+0x231) [0x7706106b8c51]",
./logs/tests/smoke_help_20260710_071328.json:118306:        "/home/fekerr/src/irislime/build/sycl_relwithdebinfo/bin/libggml-base.so.0(ggml_abort+0x109) [0x7706106b7d29]",
./logs/tests/smoke_help_20260710_071328.json:118307:        "/home/fekerr/src/irislime/build/sycl_relwithdebinfo/bin/libggml-cpu.so.0(ggml_graph_compute+0x2b9) [0x77060fc3f099]",
./logs/tests/smoke_help_20260710_071328.json:118308:        "/home/fekerr/src/irislime/build/sycl_relwithdebinfo/bin/test-barrier() [0x4068fc]",
./logs/tests/smoke_help_20260710_071328.json:118311:        "/home/fekerr/src/irislime/build/sycl_relwithdebinfo/bin/test-barrier() [0x4065b5]"
./logs/tests/smoke_help_20260710_071328.json:118338:        "/home/fekerr/src/irislime/build/sycl_relwithdebinfo/bin/libggml-base.so.0(+0x16c78) [0x7947bb946c78]",
./logs/tests/smoke_help_20260710_071328.json:118339:        "/home/fekerr/src/irislime/build/sycl_relwithdebinfo/bin/libggml-base.so.0(ggml_print_backtrace+0x231) [0x7947bb946c51]",
./logs/tests/smoke_help_20260710_071328.json:118340:        "/home/fekerr/src/irislime/build/sycl_relwithdebinfo/bin/libggml-base.so.0(+0x2d9f6) [0x7947bb95d9f6]",
./logs/tests/smoke_help_20260710_071328.json:118344:        "/home/fekerr/src/irislime/build/sycl_relwithdebinfo/bin/test-chat() [0x48f81e]",
./logs/tests/smoke_help_20260710_071328.json:118345:        "/home/fekerr/src/irislime/build/sycl_relwithdebinfo/bin/test-chat() [0x48984b]",
./logs/tests/smoke_help_20260710_071328.json:118346:        "/home/fekerr/src/irislime/build/sycl_relwithdebinfo/bin/test-chat() [0x48bf85]",
./logs/tests/smoke_help_20260710_071328.json:118347:        "/home/fekerr/src/irislime/build/sycl_relwithdebinfo/bin/test-chat() [0x42f5d1]",
./logs/tests/smoke_help_20260710_071328.json:118350:        "/home/fekerr/src/irislime/build/sycl_relwithdebinfo/bin/test-chat() [0x429cf5]",
./logs/tests/smoke_help_20260710_071328.json:118433:        "Usage: /home/fekerr/src/irislime/build/sycl_relwithdebinfo/bin/test-gbnf-validator <grammar_filename> <input_filename>"
./logs/tests/smoke_help_20260710_071328.json:118443:        "/home/fekerr/src/irislime/build/sycl_relwithdebinfo/bin/libggml-base.so.0(+0x16c78) [0x78747b746c78]",
./logs/tests/smoke_help_20260710_071328.json:118444:        "/home/fekerr/src/irislime/build/sycl_relwithdebinfo/bin/libggml-base.so.0(ggml_print_backtrace+0x231) [0x78747b746c51]",
./logs/tests/smoke_help_20260710_071328.json:118445:        "/home/fekerr/src/irislime/build/sycl_relwithdebinfo/bin/libggml-base.so.0(+0x2d9f6) [0x78747b75d9f6]",
./logs/tests/smoke_help_20260710_071328.json:118450:        "/home/fekerr/src/irislime/build/sycl_relwithdebinfo/bin/test-gguf() [0x408078]",
./logs/tests/smoke_help_20260710_071328.json:118453:        "/home/fekerr/src/irislime/build/sycl_relwithdebinfo/bin/test-gguf() [0x4079f5]",
./logs/tests/smoke_help_20260710_071328.json:119795:        "python: can't open file '/home/fekerr/src/irislime/build/sycl_relwithdebinfo/bin/./examples/json_schema_to_grammar.py': [Errno 2] No such file or directory",
./logs/tests/smoke_help_20260710_071328.json:126335:        "  /home/fekerr/src/irislime/build/sycl_relwithdebinfo/bin/test-quant-type-selection --generate"
./logs/tests/smoke_help_20260710_071328.json:126357:        "usage: /home/fekerr/src/irislime/build/sycl_relwithdebinfo/bin/test-quantize-perf [options]",
./logs/tests/smoke_help_20260710_071328.json:126380:        "usage: /home/fekerr/src/irislime/build/sycl_relwithdebinfo/bin/test-quantize-stats [options]",
./logs/tests/smoke_help_20260710_071328.json:126929:        "/home/fekerr/src/irislime/llama.cpp/tests/test-sampling.cpp:67 (test_temp)",
./logs/tests/smoke_help_20260710_071328.json:126935:        "/home/fekerr/src/irislime/llama.cpp/tests/test-sampling.cpp:70 (test_temp)",
./logs/tests/smoke_help_20260710_071328.json:126941:        "/home/fekerr/src/irislime/llama.cpp/tests/test-sampling.cpp:67 (test_temp)",
./logs/tests/smoke_help_20260710_071328.json:126947:        "/home/fekerr/src/irislime/llama.cpp/tests/test-sampling.cpp:70 (test_temp)",
./logs/tests/smoke_help_20260710_071328.json:126953:        "/home/fekerr/src/irislime/llama.cpp/tests/test-sampling.cpp:78 (test_temp_ext)",
./logs/tests/smoke_help_20260710_071328.json:126959:        "/home/fekerr/src/irislime/llama.cpp/tests/test-sampling.cpp:81 (test_temp_ext)",
./logs/tests/smoke_help_20260710_071328.json:126965:        "/home/fekerr/src/irislime/llama.cpp/tests/test-sampling.cpp:78 (test_temp_ext)",
./logs/tests/smoke_help_20260710_071328.json:126971:        "/home/fekerr/src/irislime/llama.cpp/tests/test-sampling.cpp:81 (test_temp_ext)",
./logs/tests/smoke_help_20260710_071328.json:126977:        "/home/fekerr/src/irislime/llama.cpp/tests/test-sampling.cpp:89 (test_top_k)",
./logs/tests/smoke_help_20260710_071328.json:126983:        "/home/fekerr/src/irislime/llama.cpp/tests/test-sampling.cpp:92 (test_top_k)",
./logs/tests/smoke_help_20260710_071328.json:126986:        "/home/fekerr/src/irislime/llama.cpp/tests/test-sampling.cpp:89 (test_top_k)",
./logs/tests/smoke_help_20260710_071328.json:126992:        "/home/fekerr/src/irislime/llama.cpp/tests/test-sampling.cpp:92 (test_top_k)",
./logs/tests/smoke_help_20260710_071328.json:126997:        "/home/fekerr/src/irislime/llama.cpp/tests/test-sampling.cpp:89 (test_top_k)",
./logs/tests/smoke_help_20260710_071328.json:127003:        "/home/fekerr/src/irislime/llama.cpp/tests/test-sampling.cpp:92 (test_top_k)",
./logs/tests/smoke_help_20260710_071328.json:127009:        "/home/fekerr/src/irislime/llama.cpp/tests/test-sampling.cpp:89 (test_top_k)",
./logs/tests/smoke_help_20260710_071328.json:127015:        "/home/fekerr/src/irislime/llama.cpp/tests/test-sampling.cpp:92 (test_top_k)",
./logs/tests/smoke_help_20260710_071328.json:127021:        "/home/fekerr/src/irislime/llama.cpp/tests/test-sampling.cpp:100 (test_top_p)",
./logs/tests/smoke_help_20260710_071328.json:127027:        "/home/fekerr/src/irislime/llama.cpp/tests/test-sampling.cpp:103 (test_top_p)",
./logs/tests/smoke_help_20260710_071328.json:127030:        "/home/fekerr/src/irislime/llama.cpp/tests/test-sampling.cpp:100 (test_top_p)",
./logs/tests/smoke_help_20260710_071328.json:127036:        "/home/fekerr/src/irislime/llama.cpp/tests/test-sampling.cpp:103 (test_top_p)",
./logs/tests/smoke_help_20260710_071328.json:127040:        "/home/fekerr/src/irislime/llama.cpp/tests/test-sampling.cpp:100 (test_top_p)",
./logs/tests/smoke_help_20260710_071328.json:127046:        "/home/fekerr/src/irislime/llama.cpp/tests/test-sampling.cpp:103 (test_top_p)",
./logs/tests/smoke_help_20260710_071328.json:127051:        "/home/fekerr/src/irislime/llama.cpp/tests/test-sampling.cpp:100 (test_top_p)",
./logs/tests/smoke_help_20260710_071328.json:127057:        "/home/fekerr/src/irislime/llama.cpp/tests/test-sampling.cpp:103 (test_top_p)",
./logs/tests/smoke_help_20260710_071328.json:127063:        "/home/fekerr/src/irislime/llama.cpp/tests/test-sampling.cpp:111 (test_min_p)",
./logs/tests/smoke_help_20260710_071328.json:127069:        "/home/fekerr/src/irislime/llama.cpp/tests/test-sampling.cpp:114 (test_min_p)",
./logs/tests/smoke_help_20260710_071328.json:127075:        "/home/fekerr/src/irislime/llama.cpp/tests/test-sampling.cpp:111 (test_min_p)",
./logs/tests/smoke_help_20260710_071328.json:127081:        "/home/fekerr/src/irislime/llama.cpp/tests/test-sampling.cpp:114 (test_min_p)",
./logs/tests/smoke_help_20260710_071328.json:127087:        "/home/fekerr/src/irislime/llama.cpp/tests/test-sampling.cpp:111 (test_min_p)",
./logs/tests/smoke_help_20260710_071328.json:127093:        "/home/fekerr/src/irislime/llama.cpp/tests/test-sampling.cpp:114 (test_min_p)",
./logs/tests/smoke_help_20260710_071328.json:127098:        "/home/fekerr/src/irislime/llama.cpp/tests/test-sampling.cpp:111 (test_min_p)",
./logs/tests/smoke_help_20260710_071328.json:127104:        "/home/fekerr/src/irislime/llama.cpp/tests/test-sampling.cpp:114 (test_min_p)",
./logs/tests/smoke_help_20260710_071328.json:127109:        "/home/fekerr/src/irislime/llama.cpp/tests/test-sampling.cpp:111 (test_min_p)",
./logs/tests/smoke_help_20260710_071328.json:127115:        "/home/fekerr/src/irislime/llama.cpp/tests/test-sampling.cpp:114 (test_min_p)",
./logs/tests/smoke_help_20260710_071328.json:127119:        "/home/fekerr/src/irislime/llama.cpp/tests/test-sampling.cpp:111 (test_min_p)",
./logs/tests/smoke_help_20260710_071328.json:127125:        "/home/fekerr/src/irislime/llama.cpp/tests/test-sampling.cpp:114 (test_min_p)",
./logs/tests/smoke_help_20260710_071328.json:127129:        "/home/fekerr/src/irislime/llama.cpp/tests/test-sampling.cpp:111 (test_min_p)",
./logs/tests/smoke_help_20260710_071328.json:127135:        "/home/fekerr/src/irislime/llama.cpp/tests/test-sampling.cpp:114 (test_min_p)",
./logs/tests/smoke_help_20260710_071328.json:127138:        "/home/fekerr/src/irislime/llama.cpp/tests/test-sampling.cpp:111 (test_min_p)",
./logs/tests/smoke_help_20260710_071328.json:127144:        "/home/fekerr/src/irislime/llama.cpp/tests/test-sampling.cpp:114 (test_min_p)",
./logs/tests/smoke_help_20260710_071328.json:127147:        "/home/fekerr/src/irislime/llama.cpp/tests/test-sampling.cpp:111 (test_min_p)",
./logs/tests/smoke_help_20260710_071328.json:127153:        "/home/fekerr/src/irislime/llama.cpp/tests/test-sampling.cpp:114 (test_min_p)",
./logs/tests/smoke_help_20260710_071328.json:127157:        "/home/fekerr/src/irislime/llama.cpp/tests/test-sampling.cpp:122 (test_xtc)",
./logs/tests/smoke_help_20260710_071328.json:127163:        "/home/fekerr/src/irislime/llama.cpp/tests/test-sampling.cpp:124 (test_xtc)",
./logs/tests/smoke_help_20260710_071328.json:127166:        "/home/fekerr/src/irislime/llama.cpp/tests/test-sampling.cpp:122 (test_xtc)",
./logs/tests/smoke_help_20260710_071328.json:127172:        "/home/fekerr/src/irislime/llama.cpp/tests/test-sampling.cpp:124 (test_xtc)",
./logs/tests/smoke_help_20260710_071328.json:127176:        "/home/fekerr/src/irislime/llama.cpp/tests/test-sampling.cpp:122 (test_xtc)",
./logs/tests/smoke_help_20260710_071328.json:127182:        "/home/fekerr/src/irislime/llama.cpp/tests/test-sampling.cpp:124 (test_xtc)",
./logs/tests/smoke_help_20260710_071328.json:127188:        "/home/fekerr/src/irislime/llama.cpp/tests/test-sampling.cpp:122 (test_xtc)",
./logs/tests/smoke_help_20260710_071328.json:127194:        "/home/fekerr/src/irislime/llama.cpp/tests/test-sampling.cpp:124 (test_xtc)",
./logs/tests/smoke_help_20260710_071328.json:127200:        "/home/fekerr/src/irislime/llama.cpp/tests/test-sampling.cpp:132 (test_typical)",
./logs/tests/smoke_help_20260710_071328.json:127206:        "/home/fekerr/src/irislime/llama.cppempty DRY sequence breakers list in llama_sampler_init_dry_testing",
./logs/tests/smoke_help_20260710_071328.json:127212:        "/home/fekerr/src/irislime/llama.cpp/tests/test-sampling.cpp:132 (test_typical)",
./logs/tests/smoke_help_20260710_071328.json:127218:        "/home/fekerr/src/irislime/llama.cpp/tests/test-sampling.cpp:134 (test_typical)",
./logs/tests/smoke_help_20260710_071328.json:127223:        "/home/fekerr/src/irislime/llama.cpp/tests/test-sampling.cpp:153 (test_penalties)",
./logs/tests/smoke_help_20260710_071328.json:127230:        "/home/fekerr/src/irislime/llama.cpp/tests/test-sampling.cpp:156 (test_penalties)",
./logs/tests/smoke_help_20260710_071328.json:127237:        "/home/fekerr/src/irislime/llama.cpp/tests/test-sampling.cpp:153 (test_penalties)",
./logs/tests/smoke_help_20260710_071328.json:127244:        "/home/fekerr/src/irislime/llama.cpp/tests/test-sampling.cpp:156 (test_penalties)",
./logs/tests/smoke_help_20260710_071328.json:127251:        "/home/fekerr/src/irislime/llama.cpp/tests/test-sampling.cpp:153 (test_penalties)",
./logs/tests/smoke_help_20260710_071328.json:127258:        "/home/fekerr/src/irislime/llama.cpp/tests/test-sampling.cpp:156 (test_penalties)",
./logs/tests/smoke_help_20260710_071328.json:127265:        "/home/fekerr/src/irislime/llama.cpp/tests/test-sampling.cpp:153 (test_penalties)",
./logs/tests/smoke_help_20260710_071328.json:127272:        "/home/fekerr/src/irislime/llama.cpp/tests/test-sampling.cpp:156 (test_penalties)",
./logs/tests/smoke_help_20260710_071328.json:127279:        "/home/fekerr/src/irislime/llama.cpp/tests/test-sampling.cpp:153 (test_penalties)",
./logs/tests/smoke_help_20260710_071328.json:127286:        "/home/fekerr/src/irislime/llama.cpp/tests/test-sampling.cpp:156 (test_penalties)",
./logs/tests/smoke_help_20260710_071328.json:127293:        "/home/fekerr/src/irislime/llama.cpp/tests/test-sampling.cpp:153 (test_penalties)",
./logs/tests/smoke_help_20260710_071328.json:127300:        "/home/fekerr/src/irislime/llama.cpp/tests/test-sampling.cpp:156 (test_penalties)",
./logs/tests/smoke_help_20260710_071328.json:127307:        "/home/fekerr/src/irislime/llama.cpp/tests/test-sampling.cpp:177 (test_dry)",
./logs/tests/smoke_help_20260710_071328.json:127313:        "/home/fekerr/src/irislime/llama.cpp/tests/test-sampling.cpp:180 (test_dry)",
./logs/tests/smoke_help_20260710_071328.json:127319:        "/home/fekerr/src/irislime/llama.cpp/tests/test-sampling.cpp:177 (test_dry)",
./logs/tests/smoke_help_20260710_071328.json:127325:        "/home/fekerr/src/irislime/llama.cpp/tests/test-sampling.cpp:180 (test_dry)",
./logs/tests/smoke_help_20260710_071328.json:127331:        "/home/fekerr/src/irislime/llama.cpp/tests/test-sampling.cpp:177 (test_dry)",
./logs/tests/smoke_help_20260710_071328.json:127338:        "/home/fekerr/src/irislime/llama.cpp/tests/test-sampling.cpp:180 (test_dry)",
./logs/tests/smoke_help_20260710_071328.json:127345:        "/home/fekerr/src/irislime/llama.cpp/tests/test-sampling.cpp:177 (test_dry)",
./logs/tests/smoke_help_20260710_071328.json:127353:        "/home/fekerr/src/irislime/llama.cpp/tests/test-sampling.cpp:180 (test_dry)",
./logs/tests/smoke_help_20260710_071328.json:127360:        "/home/fekerr/src/irislime/llama.cpp/tests/test-sampling.cpp:177 (test_dry)",
./logs/tests/smoke_help_20260710_071328.json:127367:        "/home/fekerr/src/irislime/llama.cpp/tests/test-sampling.cpp:180 (test_dry)",
./logs/tests/smoke_help_20260710_071328.json:127374:        "/home/fekerr/src/irislime/llama.cpp/tests/test-sampling.cpp:187 (test_top_n_sigma)",
./logs/tests/smoke_help_20260710_071328.json:127380:        "/home/fekerr/src/irislime/llama.cpp/tests/test-sampling.cpp:190 (test_top_n_sigma)",
./logs/tests/smoke_help_20260710_071328.json:127386:        "/home/fekerr/src/irislime/llama.cpp/tests/test-sampling.cpp:187 (test_top_n_sigma)",
./logs/tests/smoke_help_20260710_071328.json:127392:        "/home/fekerr/src/irislime/llama.cpp/tests/test-sampling.cpp:190 (test_top_n_sigma)",
./logs/tests/smoke_help_20260710_071328.json:127398:        "/home/fekerr/src/irislime/llama.cpp/tests/test-sampling.cpp:187 (test_top_n_sigma)",
./logs/tests/smoke_help_20260710_071328.json:127404:        "/home/fekerr/src/irislime/llama.cpp/tests/test-sampling.cpp:190 (test_top_n_sigma)",
./logs/tests/smoke_help_20260710_071328.json:129147:        "    /home/fekerr/src/irislime/build/vulkan_debug/bin/llama-batched -m model.gguf -p \"Hello my name is\" -n 32 -np 4",
./logs/tests/smoke_help_20260710_071328.json:129469:        "    /home/fekerr/src/irislime/build/vulkan_debug/bin/llama-batched-bench -m model.gguf -c 2048 -b 2048 -ub 512 -npp 128,256,512 -ntg 128,256 -npl 1,2,4,8,16,32 [-pps]",
./logs/tests/smoke_help_20260710_071328.json:129481:        "usage: /home/fekerr/src/irislime/build/vulkan_debug/bin/llama-bench [options]",
./logs/tests/smoke_help_20260710_071328.json:130472:        "  text generation:     /home/fekerr/src/irislime/build/vulkan_debug/bin/llama-completion -m your_model.gguf -p \"I believe the meaning of life is\" -n 128 -no-cnv",
./logs/tests/smoke_help_20260710_071328.json:130474:        "  chat (conversation): /home/fekerr/src/irislime/build/vulkan_debug/bin/llama-completion -m your_model.gguf -sys \"You are a helpful assistant\"",
./logs/tests/smoke_help_20260710_071328.json:130485:        "usage: /home/fekerr/src/irislime/build/vulkan_debug/bin/llama-convert-llama2c-to-ggml [options]",
./logs/tests/smoke_help_20260710_071328.json:130811:        "    CPU only:   /home/fekerr/src/irislime/build/vulkan_debug/bin/llama-cvector-generator -m ./llama-3.Q4_K_M.gguf",
./logs/tests/smoke_help_20260710_071328.json:130813:        "    with GPU:   /home/fekerr/src/irislime/build/vulkan_debug/bin/llama-cvector-generator -m ./llama-3.Q4_K_M.gguf -ngl 99",
./logs/tests/smoke_help_20260710_071328.json:130815:        "    advanced:   /home/fekerr/src/irislime/build/vulkan_debug/bin/llama-cvector-generator -m ./llama-3.Q4_K_M.gguf -ngl 99 --pca-iter 2000 --pca-batch 100",
./logs/tests/smoke_help_20260710_071328.json:130817:        "    using mean: /home/fekerr/src/irislime/build/vulkan_debug/bin/llama-cvector-generator -m ./llama-3.Q4_K_M.gguf --method mean",
./logs/tests/smoke_help_20260710_071328.json:131142:        "  /home/fekerr/src/irislime/build/vulkan_debug/bin/llama-debug -m model.gguf -p \"Hello my name is\" --verbose",
./logs/tests/smoke_help_20260710_071328.json:131148:        "  /home/fekerr/src/irislime/build/vulkan_debug/bin/llama-debug -m model.gguf -p \"Hello my name is\" --save-logits",
./logs/tests/smoke_help_20260710_071328.json:132416:        "  /home/fekerr/src/irislime/build/vulkan_debug/bin/llama-export-lora -m base-model.gguf --lora lora-file.gguf -o merged-model-f16.gguf",
./logs/tests/smoke_help_20260710_071328.json:133080:        "usage: /home/fekerr/src/irislime/build/vulkan_debug/bin/llama-gguf data.gguf r|w [n]",
./logs/tests/smoke_help_20260710_071328.json:133105:        "usage: /home/fekerr/src/irislime/build/vulkan_debug/bin/llama-gguf-split [options] GGUF_IN GGUF_OUT",
./logs/tests/smoke_help_20260710_071328.json:133423:        "    /home/fekerr/src/irislime/build/vulkan_debug/bin/llama-idle -m model.gguf [-ngl n_gpu_layers]",
./logs/tests/smoke_help_20260710_071328.json:133748:        "    /home/fekerr/src/irislime/build/vulkan_debug/bin/llama-imatrix \\",
./logs/tests/smoke_help_20260710_071328.json:134735:        "Usage: /home/fekerr/src/irislime/build/vulkan_debug/bin/llama-lookup-merge [--help] lookup_part_1.bin lookup_part_2.bin ... lookup_merged.bin"
./logs/tests/smoke_help_20260710_071328.json:135426:        "Usage: /home/fekerr/src/irislime/build/vulkan_debug/bin/llama-mtmd-cli [options] -m <model> --mmproj <mmproj> --image <image> --audio <audio> -p <prompt>",
./logs/tests/smoke_help_20260710_071328.json:135782:        "Usage: /home/fekerr/src/irislime/build/vulkan_debug/bin/llama-mtmd-debug -m <model> --mmproj <mmproj> -p <mode> -n <size> --image <image> --audio <audio>",
./logs/tests/smoke_help_20260710_071328.json:136432:        "    /home/fekerr/src/irislime/build/vulkan_debug/bin/llama-passkey -m model.gguf --junk 250 --pos 90 --keep 32 --grp-attn-n 2 [--seed 1234]",
./logs/tests/smoke_help_20260710_071328.json:136786:        "usage: /home/fekerr/src/irislime/build/vulkan_debug/bin/llama-quantize [--help] [--allow-requantize] [--leave-output-tensor] [--pure] [--imatrix] [--include-weights]",
./logs/tests/smoke_help_20260710_071328.json:137514:        "    /home/fekerr/src/irislime/build/vulkan_debug/bin/llama-retrieval --model ./models/bge-base-en-v1.5-f16.gguf --top-k 3 --context-file README.md --context-file License --chunk-size 100 --chunk-separator .",
./logs/tests/smoke_help_20260710_071328.json:138176:        "    /home/fekerr/src/irislime/build/vulkan_debug/bin/llama-simple -m model.gguf [-n n_predict] [-ngl n_gpu_layers] [prompt]",
./logs/tests/smoke_help_20260710_071328.json:138190:        "    /home/fekerr/src/irislime/build/vulkan_debug/bin/llama-simple-chat -m model.gguf [-c context_size] [-ngl n_gpu_layers]",
./logs/tests/smoke_help_20260710_071328.json:139022:        "Usage: /home/fekerr/src/irislime/build/vulkan_debug/bin/llama-template-analysis [options]",
./logs/tests/smoke_help_20260710_071328.json:139030:        "  /home/fekerr/src/irislime/build/vulkan_debug/bin/llama-template-analysis --all",
./logs/tests/smoke_help_20260710_071328.json:139031:        "  /home/fekerr/src/irislime/build/vulkan_debug/bin/llama-template-analysis --template deepseek",
./logs/tests/smoke_help_20260710_071328.json:139032:        "  /home/fekerr/src/irislime/build/vulkan_debug/bin/llama-template-analysis --template-file my-template.jinja"
./logs/tests/smoke_help_20260710_071328.json:139042:        "usage: /home/fekerr/src/irislime/build/vulkan_debug/bin/llama-tokenize [options]",
./logs/tests/smoke_help_20260710_071328.json:139377:        "    /home/fekerr/src/irislime/build/vulkan_debug/bin/llama-tts -m model.gguf -p \"Hello!\"",
./logs/tests/smoke_help_20260710_071328.json:139508:        "Usage: /home/fekerr/src/irislime/build/vulkan_debug/bin/test-backend-ops [mode] [-o <op,..>] [-b <backend>] [-p <params regex>] [--output <console|sql|csv>] [--list-ops] [--show-coverage] [--test-file <path>] [-j <n>]",
./logs/tests/smoke_help_20260710_071328.json:139545:        "/home/fekerr/src/irislime/llama.cpp/ggml/src/ggml-cpu/ggml-cpu.c:3312: GGML_ASSERT(cplan->n_threads > 0) failed",
./logs/tests/smoke_help_20260710_071328.json:139546:        "/home/fekerr/src/irislime/build/vulkan_debug/bin/libggml-base.so.0(+0x1a606) [0x7e55a56a1606]",
./logs/tests/smoke_help_20260710_071328.json:139547:        "/home/fekerr/src/irislime/build/vulkan_debug/bin/libggml-base.so.0(ggml_print_backtrace+0x20d) [0x7e55a56a1cbd]",
./logs/tests/smoke_help_20260710_071328.json:139548:        "/home/fekerr/src/irislime/build/vulkan_debug/bin/libggml-base.so.0(ggml_abort+0x166) [0x7e55a56a1ea6]",
./logs/tests/smoke_help_20260710_071328.json:139549:        "/home/fekerr/src/irislime/build/vulkan_debug/bin/libggml-cpu.so.0(ggml_graph_compute+0x272) [0x7e55a573f382]",
./logs/tests/smoke_help_20260710_071328.json:139550:        "/home/fekerr/src/irislime/build/vulkan_debug/bin/test-barrier(+0x2899) [0x5c93f2f9a899]",
./logs/tests/smoke_help_20260710_071328.json:139551:        "/home/fekerr/src/irislime/build/vulkan_debug/bin/test-barrier(+0x2553) [0x5c93f2f9a553]",
./logs/tests/smoke_help_20260710_071328.json:139554:        "/home/fekerr/src/irislime/build/vulkan_debug/bin/test-barrier(+0x25d5) [0x5c93f2f9a5d5]"
./logs/tests/smoke_help_20260710_071328.json:139581:        "/home/fekerr/src/irislime/build/vulkan_debug/bin/libggml-base.so.0(+0x1a606) [0x78ede1e95606]",
./logs/tests/smoke_help_20260710_071328.json:139582:        "/home/fekerr/src/irislime/build/vulkan_debug/bin/libggml-base.so.0(ggml_print_backtrace+0x20d) [0x78ede1e95cbd]",
./logs/tests/smoke_help_20260710_071328.json:139583:        "/home/fekerr/src/irislime/build/vulkan_debug/bin/libggml-base.so.0(+0x2a60f) [0x78ede1ea560f]",
./logs/tests/smoke_help_20260710_071328.json:139587:        "/home/fekerr/src/irislime/build/vulkan_debug/bin/test-chat(+0x1f2f5) [0x56d5f05232f5]",
./logs/tests/smoke_help_20260710_071328.json:139588:        "/home/fekerr/src/irislime/build/vulkan_debug/bin/test-chat(+0x3eef7) [0x56d5f0542ef7]",
./logs/tests/smoke_help_20260710_071328.json:139589:        "/home/fekerr/src/irislime/build/vulkan_debug/bin/test-chat(+0x43557) [0x56d5f0547557]",
./logs/tests/smoke_help_20260710_071328.json:139590:        "/home/fekerr/src/irislime/build/vulkan_debug/bin/test-chat(+0x3ad83) [0x56d5f053ed83]",
./logs/tests/smoke_help_20260710_071328.json:139593:        "/home/fekerr/src/irislime/build/vulkan_debug/bin/test-chat(+0x3b6f5) [0x56d5f053f6f5]",
./logs/tests/smoke_help_20260710_071328.json:139676:        "Usage: /home/fekerr/src/irislime/build/vulkan_debug/bin/test-gbnf-validator <grammar_filename> <input_filename>"
./logs/tests/smoke_help_20260710_071328.json:139686:        "/home/fekerr/src/irislime/build/vulkan_debug/bin/libggml-base.so.0(+0x1a606) [0x76377d74b606]",
./logs/tests/smoke_help_20260710_071328.json:139687:        "/home/fekerr/src/irislime/build/vulkan_debug/bin/libggml-base.so.0(ggml_print_backtrace+0x20d) [0x76377d74bcbd]",
./logs/tests/smoke_help_20260710_071328.json:139688:        "/home/fekerr/src/irislime/build/vulkan_debug/bin/libggml-base.so.0(+0x2a60f) [0x76377d75b60f]",
./logs/tests/smoke_help_20260710_071328.json:139693:        "/home/fekerr/src/irislime/build/vulkan_debug/bin/test-gguf(+0x434c) [0x5a9d0357534c]",
./logs/tests/smoke_help_20260710_071328.json:139696:        "/home/fekerr/src/irislime/build/vulkan_debug/bin/test-gguf(+0x7d65) [0x5a9d03578d65]",
./logs/tests/smoke_help_20260710_071328.json:141038:        "python: can't open file '/home/fekerr/src/irislime/build/vulkan_debug/bin/./examples/json_schema_to_grammar.py': [Errno 2] No such file or directory",
./logs/tests/smoke_help_20260710_071328.json:141048:        "test-json-schema-to-grammar: /home/fekerr/src/irislime/llama.cpp/tests/test-json-schema-to-grammar.cpp:62: void TestCase::verify_status(TestCaseStatus) const: Assertion `false' failed."
./logs/tests/smoke_help_20260710_071328.json:147619:        "  /home/fekerr/src/irislime/build/vulkan_debug/bin/test-quant-type-selection --generate"
./logs/tests/smoke_help_20260710_071328.json:147641:        "usage: /home/fekerr/src/irislime/build/vulkan_debug/bin/test-quantize-perf [options]",
./logs/tests/smoke_help_20260710_071328.json:147664:        "usage: /home/fekerr/src/irislime/build/vulkan_debug/bin/test-quantize-stats [options]",
./logs/tests/smoke_help_20260710_071328.json:148212:        "/home/fekerr/src/irislime/llama.cpp/tests/test-sampling.cpp:67 (test_temp)",
./logs/tests/smoke_help_20260710_071328.json:148218:        "/home/fekerr/src/irislime/llama.cpp/tests/test-sampling.cpp:70 (test_temp)",
./logs/tests/smoke_help_20260710_071328.json:148224:        "/home/fekerr/src/irislime/llama.cpp/tests/test-sampling.cpp:67 (test_temp)",
./logs/tests/smoke_help_20260710_071328.json:148230:        "/home/fekerr/src/irislime/llama.cpp/tests/test-sampling.cpp:70 (test_temp)",
./logs/tests/smoke_help_20260710_071328.json:148236:        "/home/fekerr/src/irislime/llama.cpp/tests/test-sampling.cpp:78 (test_temp_ext)",
./logs/tests/smoke_help_20260710_071328.json:148242:        "/home/fekerr/src/irislime/llama.cpp/tests/test-sampling.cpp:81 (test_temp_ext)",
./logs/tests/smoke_help_20260710_071328.json:148248:        "/home/fekerr/src/irislime/llama.cpp/tests/test-sampling.cpp:78 (test_temp_ext)",
./logs/tests/smoke_help_20260710_071328.json:148254:        "/home/fekerr/src/irislime/llama.cpp/tests/test-sampling.cpp:81 (test_temp_ext)",
./logs/tests/smoke_help_20260710_071328.json:148260:        "/home/fekerr/src/irislime/llama.cpp/tests/test-sampling.cpp:89 (test_top_k)",
./logs/tests/smoke_help_20260710_071328.json:148266:        "/home/fekerr/src/irislime/llama.cpp/tests/test-sampling.cpp:92 (test_top_k)",
./logs/tests/smoke_help_20260710_071328.json:148269:        "/home/fekerr/src/irislime/llama.cpp/tests/test-sampling.cpp:89 (test_top_k)",
./logs/tests/smoke_help_20260710_071328.json:148275:        "/home/fekerr/src/irislime/llama.cpp/tests/test-sampling.cpp:92 (test_top_k)",
./logs/tests/smoke_help_20260710_071328.json:148280:        "/home/fekerr/src/irislime/llama.cpp/tests/test-sampling.cpp:89 (test_top_k)",
./logs/tests/smoke_help_20260710_071328.json:148286:        "/home/fekerr/src/irislime/llama.cpp/tests/test-sampling.cpp:92 (test_top_k)",
./logs/tests/smoke_help_20260710_071328.json:148292:        "/home/fekerr/src/irislime/llama.cpp/tests/test-sampling.cpp:89 (test_top_k)",
./logs/tests/smoke_help_20260710_071328.json:148298:        "/home/fekerr/src/irislime/llama.cpp/tests/test-sampling.cpp:92 (test_top_k)",
./logs/tests/smoke_help_20260710_071328.json:148304:        "/home/fekerr/src/irislime/llama.cpp/tests/test-sampling.cpp:100 (test_top_p)",
./logs/tests/smoke_help_20260710_071328.json:148310:        "/home/fekerr/src/irislime/llama.cpp/tests/test-sampling.cpp:103 (test_top_p)",
./logs/tests/smoke_help_20260710_071328.json:148313:        "/home/fekerr/src/irislime/llama.cpp/tests/test-sampling.cpp:100 (test_top_p)",
./logs/tests/smoke_help_20260710_071328.json:148319:        "/home/fekerr/src/irislime/llama.cpp/tests/test-sampling.cpp:103 (test_top_p)",
./logs/tests/smoke_help_20260710_071328.json:148323:        "/home/fekerr/src/irislime/llama.cpp/tests/test-sampling.cpp:100 (test_top_p)",
./logs/tests/smoke_help_20260710_071328.json:148329:        "/home/fekerr/src/irislime/llama.cpp/tests/test-sampling.cpp:103 (test_top_p)",
./logs/tests/smoke_help_20260710_071328.json:148334:        "/home/fekerr/src/irislime/llama.cpp/tests/test-sampling.cpp:100 (test_top_p)",
./logs/tests/smoke_help_20260710_071328.json:148340:        "/home/fekerr/src/irislime/llama.cpp/tests/test-sampling.cpp:103 (test_top_p)",
./logs/tests/smoke_help_20260710_071328.json:148346:        "/home/fekerr/src/irislime/llama.cpp/tests/test-sampling.cpp:111 (test_min_p)",
./logs/tests/smoke_help_20260710_071328.json:148352:        "/home/fekerr/src/irislime/llama.cpp/tests/test-sampling.cpp:114 (test_min_p)",
./logs/tests/smoke_help_20260710_071328.json:148358:        "/home/fekerr/src/irislime/llama.cpp/tests/test-sampling.cpp:111 (test_min_p)",
./logs/tests/smoke_help_20260710_071328.json:148364:        "/home/fekerr/src/irislime/llama.cpp/tests/test-sampling.cpp:114 (test_min_p)",
./logs/tests/smoke_help_20260710_071328.json:148370:        "/home/fekerr/src/irislime/llama.cpp/tests/test-sampling.cpp:111 (test_min_p)",
./logs/tests/smoke_help_20260710_071328.json:148376:        "/home/fekerr/src/irislime/llama.cpp/tests/test-sampling.cpp:114 (test_min_p)",
./logs/tests/smoke_help_20260710_071328.json:148381:        "/home/fekerr/src/irislime/llama.cpp/tests/test-sampling.cpp:111 (test_min_p)",
./logs/tests/smoke_help_20260710_071328.json:148387:        "/home/fekerr/src/irislime/llama.cpp/tests/test-sampling.cpp:114 (test_min_p)",
./logs/tests/smoke_help_20260710_071328.json:148392:        "/home/fekerr/src/irislime/llama.cpp/tests/test-sampling.cpp:111 (test_min_p)",
./logs/tests/smoke_help_20260710_071328.json:148398:        "/home/fekerr/src/irislime/llama.cpp/tests/test-sampling.cpp:114 (test_min_p)",
./logs/tests/smoke_help_20260710_071328.json:148402:        "/home/fekerr/src/irislime/llama.cpp/tests/test-sampling.cpp:111 (test_min_p)",
./logs/tests/smoke_help_20260710_071328.json:148408:        "/home/fekerr/src/irislime/llama.cpp/tests/test-sampling.cpp:114 (test_min_p)",
./logs/tests/smoke_help_20260710_071328.json:148412:        "/home/fekerr/src/irislime/llama.cpp/tests/test-sampling.cpp:111 (test_min_p)",
./logs/tests/smoke_help_20260710_071328.json:148418:        "/home/fekerr/src/irislime/llama.cpp/tests/test-sampling.cpp:114 (test_min_p)",
./logs/tests/smoke_help_20260710_071328.json:148421:        "/home/fekerr/src/irislime/llama.cpp/tests/test-sampling.cpp:111 (test_min_p)",
./logs/tests/smoke_help_20260710_071328.json:148427:        "/home/fekerr/src/irislime/llama.cpp/tests/test-sampling.cpp:114 (test_min_p)",
./logs/tests/smoke_help_20260710_071328.json:148430:        "/home/fekerr/src/irislime/llama.cpp/tests/test-sampling.cpp:111 (test_min_p)",
./logs/tests/smoke_help_20260710_071328.json:148436:        "/home/fekerr/src/irislime/llama.cpp/tests/test-sampling.cpp:114 (test_min_p)",
./logs/tests/smoke_help_20260710_071328.json:148440:        "/home/fekerr/src/irislime/llama.cpp/tests/test-sampling.cpp:122 (test_xtc)",
./logs/tests/smoke_help_20260710_071328.json:148446:        "/home/fekerr/src/irislime/llama.cpp/tests/test-sampling.cpp:124 (test_xtc)",
./logs/tests/smoke_help_20260710_071328.json:148449:        "/home/fekerr/src/irislime/llama.cpp/tests/test-sampling.cpp:122 (test_xtc)",
./logs/tests/smoke_help_20260710_071328.json:148455:        "/home/fekerr/src/irislime/llama.cpp/tests/test-sampling.cpp:124 (test_xtc)",
./logs/tests/smoke_help_20260710_071328.json:148459:        "/home/fekerr/src/irislime/llama.cpp/tests/test-sampling.cpp:122 (test_xtc)",
./logs/tests/smoke_help_20260710_071328.json:148465:        "/home/fekerr/src/irislime/llama.cpp/tests/test-sampling.cpp:124 (test_xtc)",
./logs/tests/smoke_help_20260710_071328.json:148471:        "/home/fekerr/src/irislime/llama.cpp/tests/test-sampling.cpp:122 (test_xtc)",
./logs/tests/smoke_help_20260710_071328.json:148477:        "/home/fekerr/src/irislime/llama.cpp/tests/test-sampling.cpp:124 (test_xtc)",
./logs/tests/smoke_help_20260710_071328.json:148483:        "/home/fekerr/src/irislime/llama.cpp/tests/test-sampling.cpp:132 (test_typical)",
./logs/tests/smoke_help_20260710_071328.json:148489:        "/home/fekerr/src/irislime/llama.cppempty DRY sequence breakers list in llama_sampler_init_dry_testing",
./logs/tests/smoke_help_20260710_071328.json:148495:        "/home/fekerr/src/irislime/llama.cpp/tests/test-sampling.cpp:132 (test_typical)",
./logs/tests/smoke_help_20260710_071328.json:148501:        "/home/fekerr/src/irislime/llama.cpp/tests/test-sampling.cpp:134 (test_typical)",
./logs/tests/smoke_help_20260710_071328.json:148506:        "/home/fekerr/src/irislime/llama.cpp/tests/test-sampling.cpp:153 (test_penalties)",
./logs/tests/smoke_help_20260710_071328.json:148513:        "/home/fekerr/src/irislime/llama.cpp/tests/test-sampling.cpp:156 (test_penalties)",
./logs/tests/smoke_help_20260710_071328.json:148520:        "/home/fekerr/src/irislime/llama.cpp/tests/test-sampling.cpp:153 (test_penalties)",
./logs/tests/smoke_help_20260710_071328.json:148527:        "/home/fekerr/src/irislime/llama.cpp/tests/test-sampling.cpp:156 (test_penalties)",
./logs/tests/smoke_help_20260710_071328.json:148534:        "/home/fekerr/src/irislime/llama.cpp/tests/test-sampling.cpp:153 (test_penalties)",
./logs/tests/smoke_help_20260710_071328.json:148541:        "/home/fekerr/src/irislime/llama.cpp/tests/test-sampling.cpp:156 (test_penalties)",
./logs/tests/smoke_help_20260710_071328.json:148548:        "/home/fekerr/src/irislime/llama.cpp/tests/test-sampling.cpp:153 (test_penalties)",
./logs/tests/smoke_help_20260710_071328.json:148555:        "/home/fekerr/src/irislime/llama.cpp/tests/test-sampling.cpp:156 (test_penalties)",
./logs/tests/smoke_help_20260710_071328.json:148562:        "/home/fekerr/src/irislime/llama.cpp/tests/test-sampling.cpp:153 (test_penalties)",
./logs/tests/smoke_help_20260710_071328.json:148569:        "/home/fekerr/src/irislime/llama.cpp/tests/test-sampling.cpp:156 (test_penalties)",
./logs/tests/smoke_help_20260710_071328.json:148576:        "/home/fekerr/src/irislime/llama.cpp/tests/test-sampling.cpp:153 (test_penalties)",
./logs/tests/smoke_help_20260710_071328.json:148583:        "/home/fekerr/src/irislime/llama.cpp/tests/test-sampling.cpp:156 (test_penalties)",
./logs/tests/smoke_help_20260710_071328.json:148590:        "/home/fekerr/src/irislime/llama.cpp/tests/test-sampling.cpp:177 (test_dry)",
./logs/tests/smoke_help_20260710_071328.json:148596:        "/home/fekerr/src/irislime/llama.cpp/tests/test-sampling.cpp:180 (test_dry)",
./logs/tests/smoke_help_20260710_071328.json:148602:        "/home/fekerr/src/irislime/llama.cpp/tests/test-sampling.cpp:177 (test_dry)",
./logs/tests/smoke_help_20260710_071328.json:148608:        "/home/fekerr/src/irislime/llama.cpp/tests/test-sampling.cpp:180 (test_dry)",
./logs/tests/smoke_help_20260710_071328.json:148614:        "/home/fekerr/src/irislime/llama.cpp/tests/test-sampling.cpp:177 (test_dry)",
./logs/tests/smoke_help_20260710_071328.json:148621:        "/home/fekerr/src/irislime/llama.cpp/tests/test-sampling.cpp:180 (test_dry)",
./logs/tests/smoke_help_20260710_071328.json:148628:        "/home/fekerr/src/irislime/llama.cpp/tests/test-sampling.cpp:177 (test_dry)",
./logs/tests/smoke_help_20260710_071328.json:148636:        "/home/fekerr/src/irislime/llama.cpp/tests/test-sampling.cpp:180 (test_dry)",
./logs/tests/smoke_help_20260710_071328.json:148643:        "/home/fekerr/src/irislime/llama.cpp/tests/test-sampling.cpp:177 (test_dry)",
./logs/tests/smoke_help_20260710_071328.json:148650:        "/home/fekerr/src/irislime/llama.cpp/tests/test-sampling.cpp:180 (test_dry)",
./logs/tests/smoke_help_20260710_071328.json:148657:        "/home/fekerr/src/irislime/llama.cpp/tests/test-sampling.cpp:187 (test_top_n_sigma)",
./logs/tests/smoke_help_20260710_071328.json:148663:        "/home/fekerr/src/irislime/llama.cpp/tests/test-sampling.cpp:190 (test_top_n_sigma)",
./logs/tests/smoke_help_20260710_071328.json:148669:        "/home/fekerr/src/irislime/llama.cpp/tests/test-sampling.cpp:187 (test_top_n_sigma)",
./logs/tests/smoke_help_20260710_071328.json:148675:        "/home/fekerr/src/irislime/llama.cpp/tests/test-sampling.cpp:190 (test_top_n_sigma)",
./logs/tests/smoke_help_20260710_071328.json:148681:        "/home/fekerr/src/irislime/llama.cpp/tests/test-sampling.cpp:187 (test_top_n_sigma)",
./logs/tests/smoke_help_20260710_071328.json:148687:        "/home/fekerr/src/irislime/llama.cpp/tests/test-sampling.cpp:190 (test_top_n_sigma)",
./logs/tests/test_run_20260711_203018.json:186:        "/home/fekerr/src/irislime/build/vulkan_debug/bin/libggml-base.so.0(+0x1a606) [0x74aa1a0c4606]",
./logs/tests/test_run_20260711_203018.json:187:        "/home/fekerr/src/irislime/build/vulkan_debug/bin/libggml-base.so.0(ggml_print_backtrace+0x20d) [0x74aa1a0c4cbd]",
./logs/tests/test_run_20260711_203018.json:188:        "/home/fekerr/src/irislime/build/vulkan_debug/bin/libggml-base.so.0(+0x2a60f) [0x74aa1a0d460f]",
./logs/tests/test_run_20260711_203018.json:192:        "/home/fekerr/src/irislime/build/vulkan_debug/bin/test-chat(+0x1f2f5) [0x5f1cef0342f5]",
./logs/tests/test_run_20260711_203018.json:193:        "/home/fekerr/src/irislime/build/vulkan_debug/bin/test-chat(+0x3eef7) [0x5f1cef053ef7]",
./logs/tests/test_run_20260711_203018.json:194:        "/home/fekerr/src/irislime/build/vulkan_debug/bin/test-chat(+0x43557) [0x5f1cef058557]",
./logs/tests/test_run_20260711_203018.json:195:        "/home/fekerr/src/irislime/build/vulkan_debug/bin/test-chat(+0x3ad83) [0x5f1cef04fd83]",
./logs/tests/test_run_20260711_203018.json:198:        "/home/fekerr/src/irislime/build/vulkan_debug/bin/test-chat(+0x3b6f5) [0x5f1cef0506f5]",
./logs/tests/test_run_20260711_203018.json:1292:        "Usage: /home/fekerr/src/irislime/build/vulkan_debug/bin/test-gbnf-validator <grammar_filename> <input_filename>"
./logs/tests/test_run_20260711_203018.json:3431:        "python: can't open file '/home/fekerr/src/irislime/build/vulkan_debug/bin/./examples/json_schema_to_grammar.py': [Errno 2] No such file or directory",
./logs/tests/test_run_20260711_203018.json:3441:        "test-json-schema-to-grammar: /home/fekerr/src/irislime/llama.cpp/tests/test-json-schema-to-grammar.cpp:62: void TestCase::verify_status(TestCaseStatus) const: Assertion `false' failed."
./logs/tests/test_run_20260711_203018.json:11411:        "/home/fekerr/src/irislime/llama.cpp/tests/test-sampling.cpp:67 (test_temp)",
./logs/tests/test_run_20260711_203018.json:11417:        "/home/fekerr/src/irislime/llama.cpp/tests/test-sampling.cpp:70 (test_temp)",
./logs/tests/test_run_20260711_203018.json:11423:        "/home/fekerr/src/irislime/llama.cpp/tests/test-sampling.cpp:67 (test_temp)",
./logs/tests/test_run_20260711_203018.json:11429:        "/home/fekerr/src/irislime/llama.cpp/tests/test-sampling.cpp:70 (test_temp)",
./logs/tests/test_run_20260711_203018.json:11435:        "/home/fekerr/src/irislime/llama.cpp/tests/test-sampling.cpp:78 (test_temp_ext)",
./logs/tests/test_run_20260711_203018.json:11441:        "/home/fekerr/src/irislime/llama.cpp/tests/test-sampling.cpp:81 (test_temp_ext)",
./logs/tests/test_run_20260711_203018.json:11447:        "/home/fekerr/src/irislime/llama.cpp/tests/test-sampling.cpp:78 (test_temp_ext)",
./logs/tests/test_run_20260711_203018.json:11453:        "/home/fekerr/src/irislime/llama.cpp/tests/test-sampling.cpp:81 (test_temp_ext)",
./logs/tests/test_run_20260711_203018.json:11459:        "/home/fekerr/src/irislime/llama.cpp/tests/test-sampling.cpp:89 (test_top_k)",
./logs/tests/test_run_20260711_203018.json:11465:        "/home/fekerr/src/irislime/llama.cpp/tests/test-sampling.cpp:92 (test_top_k)",
./logs/tests/test_run_20260711_203018.json:11468:        "/home/fekerr/src/irislime/llama.cpp/tests/test-sampling.cpp:89 (test_top_k)",
./logs/tests/test_run_20260711_203018.json:11474:        "/home/fekerr/src/irislime/llama.cpp/tests/test-sampling.cpp:92 (test_top_k)",
./logs/tests/test_run_20260711_203018.json:11479:        "/home/fekerr/src/irislime/llama.cpp/tests/test-sampling.cpp:89 (test_top_k)",
./logs/tests/test_run_20260711_203018.json:11485:        "/home/fekerr/src/irislime/llama.cpp/tests/test-sampling.cpp:92 (test_top_k)",
./logs/tests/test_run_20260711_203018.json:11491:        "/home/fekerr/src/irislime/llama.cpp/tests/test-sampling.cpp:89 (test_top_k)",
./logs/tests/test_run_20260711_203018.json:11497:        "/home/fekerr/src/irislime/llama.cpp/tests/test-sampling.cpp:92 (test_top_k)",
./logs/tests/test_run_20260711_203018.json:11503:        "/home/fekerr/src/irislime/llama.cpp/tests/test-sampling.cpp:100 (test_top_p)",
./logs/tests/test_run_20260711_203018.json:11509:        "/home/fekerr/src/irislime/llama.cpp/tests/test-sampling.cpp:103 (test_top_p)",
./logs/tests/test_run_20260711_203018.json:11512:        "/home/fekerr/src/irislime/llama.cpp/tests/test-sampling.cpp:100 (test_top_p)",
./logs/tests/test_run_20260711_203018.json:11518:        "/home/fekerr/src/irislime/llama.cpp/tests/test-sampling.cpp:103 (test_top_p)",
./logs/tests/test_run_20260711_203018.json:11522:        "/home/fekerr/src/irislime/llama.cpp/tests/test-sampling.cpp:100 (test_top_p)",
./logs/tests/test_run_20260711_203018.json:11528:        "/home/fekerr/src/irislime/llama.cpp/tests/test-sampling.cpp:103 (test_top_p)",
./logs/tests/test_run_20260711_203018.json:11533:        "/home/fekerr/src/irislime/llama.cpp/tests/test-sampling.cpp:100 (test_top_p)",
./logs/tests/test_run_20260711_203018.json:11539:        "/home/fekerr/src/irislime/llama.cpp/tests/test-sampling.cpp:103 (test_top_p)",
./logs/tests/test_run_20260711_203018.json:11545:        "/home/fekerr/src/irislime/llama.cpp/tests/test-sampling.cpp:111 (test_min_p)",
./logs/tests/test_run_20260711_203018.json:11551:        "/home/fekerr/src/irislime/llama.cpp/tests/test-sampling.cpp:114 (test_min_p)",
./logs/tests/test_run_20260711_203018.json:11557:        "/home/fekerr/src/irislime/llama.cpp/tests/test-sampling.cpp:111 (test_min_p)",
./logs/tests/test_run_20260711_203018.json:11563:        "/home/fekerr/src/irislime/llama.cpp/tests/test-sampling.cpp:114 (test_min_p)",
./logs/tests/test_run_20260711_203018.json:11569:        "/home/fekerr/src/irislime/llama.cpp/tests/test-sampling.cpp:111 (test_min_p)",
./logs/tests/test_run_20260711_203018.json:11575:        "/home/fekerr/src/irislime/llama.cpp/tests/test-sampling.cpp:114 (test_min_p)",
./logs/tests/test_run_20260711_203018.json:11580:        "/home/fekerr/src/irislime/llama.cpp/tests/test-sampling.cpp:111 (test_min_p)",
./logs/tests/test_run_20260711_203018.json:11586:        "/home/fekerr/src/irislime/llama.cpp/tests/test-sampling.cpp:114 (test_min_p)",
./logs/tests/test_run_20260711_203018.json:11591:        "/home/fekerr/src/irislime/llama.cpp/tests/test-sampling.cpp:111 (test_min_p)",
./logs/tests/test_run_20260711_203018.json:11597:        "/home/fekerr/src/irislime/llama.cpp/tests/test-sampling.cpp:114 (test_min_p)",
./logs/tests/test_run_20260711_203018.json:11601:        "/home/fekerr/src/irislime/llama.cpp/tests/test-sampling.cpp:111 (test_min_p)",
./logs/tests/test_run_20260711_203018.json:11607:        "/home/fekerr/src/irislime/llama.cpp/tests/test-sampling.cpp:114 (test_min_p)",
./logs/tests/test_run_20260711_203018.json:11611:        "/home/fekerr/src/irislime/llama.cpp/tests/test-sampling.cpp:111 (test_min_p)",
./logs/tests/test_run_20260711_203018.json:11617:        "/home/fekerr/src/irislime/llama.cpp/tests/test-sampling.cpp:114 (test_min_p)",
./logs/tests/test_run_20260711_203018.json:11620:        "/home/fekerr/src/irislime/llama.cpp/tests/test-sampling.cpp:111 (test_min_p)",
./logs/tests/test_run_20260711_203018.json:11626:        "/home/fekerr/src/irislime/llama.cpp/tests/test-sampling.cpp:114 (test_min_p)",
./logs/tests/test_run_20260711_203018.json:11629:        "/home/fekerr/src/irislime/llama.cpp/tests/test-sampling.cpp:111 (test_min_p)",
./logs/tests/test_run_20260711_203018.json:11635:        "/home/fekerr/src/irislime/llama.cpp/tests/test-sampling.cpp:114 (test_min_p)",
./logs/tests/test_run_20260711_203018.json:11639:        "/home/fekerr/src/irislime/llama.cpp/tests/test-sampling.cpp:122 (test_xtc)",
./logs/tests/test_run_20260711_203018.json:11645:        "/home/fekerr/src/irislime/llama.cpp/tests/test-sampling.cpp:124 (test_xtc)",
./logs/tests/test_run_20260711_203018.json:11648:        "/home/fekerr/src/irislime/llama.cpp/tests/test-sampling.cpp:122 (test_xtc)",
./logs/tests/test_run_20260711_203018.json:11654:        "/home/fekerr/src/irislime/llama.cpp/tests/test-sampling.cpp:124 (test_xtc)",
./logs/tests/test_run_20260711_203018.json:11658:        "/home/fekerr/src/irislime/llama.cpp/tests/test-sampling.cpp:122 (test_xtc)",
./logs/tests/test_run_20260711_203018.json:11664:        "/home/fekerr/src/irislime/llama.cpp/tests/test-sampling.cpp:124 (test_xtc)",
./logs/tests/test_run_20260711_203018.json:11670:        "/home/fekerr/src/irislime/llama.cpp/tests/test-sampling.cpp:122 (test_xtc)",
./logs/tests/test_run_20260711_203018.json:11676:        "/home/fekerr/src/irislime/llama.cpp/tests/test-sampling.cpp:124 (test_xtc)",
./logs/tests/test_run_20260711_203018.json:11682:        "/home/fekerr/src/irislime/llama.cpp/tests/test-sampling.cpp:132 (test_typical)",
./logs/tests/test_run_20260711_203018.json:11688:        "/home/fekerr/src/irislime/llama.cppempty DRY sequence breakers list in llama_sampler_init_dry_testing",
./logs/tests/test_run_20260711_203018.json:11694:        "/home/fekerr/src/irislime/llama.cpp/tests/test-sampling.cpp:132 (test_typical)",
./logs/tests/test_run_20260711_203018.json:11700:        "/home/fekerr/src/irislime/llama.cpp/tests/test-sampling.cpp:134 (test_typical)",
./logs/tests/test_run_20260711_203018.json:11705:        "/home/fekerr/src/irislime/llama.cpp/tests/test-sampling.cpp:153 (test_penalties)",
./logs/tests/test_run_20260711_203018.json:11712:        "/home/fekerr/src/irislime/llama.cpp/tests/test-sampling.cpp:156 (test_penalties)",
./logs/tests/test_run_20260711_203018.json:11719:        "/home/fekerr/src/irislime/llama.cpp/tests/test-sampling.cpp:153 (test_penalties)",
./logs/tests/test_run_20260711_203018.json:11726:        "/home/fekerr/src/irislime/llama.cpp/tests/test-sampling.cpp:156 (test_penalties)",
./logs/tests/test_run_20260711_203018.json:11733:        "/home/fekerr/src/irislime/llama.cpp/tests/test-sampling.cpp:153 (test_penalties)",
./logs/tests/test_run_20260711_203018.json:11740:        "/home/fekerr/src/irislime/llama.cpp/tests/test-sampling.cpp:156 (test_penalties)",
./logs/tests/test_run_20260711_203018.json:11747:        "/home/fekerr/src/irislime/llama.cpp/tests/test-sampling.cpp:153 (test_penalties)",
./logs/tests/test_run_20260711_203018.json:11754:        "/home/fekerr/src/irislime/llama.cpp/tests/test-sampling.cpp:156 (test_penalties)",
./logs/tests/test_run_20260711_203018.json:11761:        "/home/fekerr/src/irislime/llama.cpp/tests/test-sampling.cpp:153 (test_penalties)",
./logs/tests/test_run_20260711_203018.json:11768:        "/home/fekerr/src/irislime/llama.cpp/tests/test-sampling.cpp:156 (test_penalties)",
./logs/tests/test_run_20260711_203018.json:11775:        "/home/fekerr/src/irislime/llama.cpp/tests/test-sampling.cpp:153 (test_penalties)",
./logs/tests/test_run_20260711_203018.json:11782:        "/home/fekerr/src/irislime/llama.cpp/tests/test-sampling.cpp:156 (test_penalties)",
./logs/tests/test_run_20260711_203018.json:11789:        "/home/fekerr/src/irislime/llama.cpp/tests/test-sampling.cpp:177 (test_dry)",
./logs/tests/test_run_20260711_203018.json:11795:        "/home/fekerr/src/irislime/llama.cpp/tests/test-sampling.cpp:180 (test_dry)",
./logs/tests/test_run_20260711_203018.json:11801:        "/home/fekerr/src/irislime/llama.cpp/tests/test-sampling.cpp:177 (test_dry)",
./logs/tests/test_run_20260711_203018.json:11807:        "/home/fekerr/src/irislime/llama.cpp/tests/test-sampling.cpp:180 (test_dry)",
./logs/tests/test_run_20260711_203018.json:11813:        "/home/fekerr/src/irislime/llama.cpp/tests/test-sampling.cpp:177 (test_dry)",
./logs/tests/test_run_20260711_203018.json:11820:        "/home/fekerr/src/irislime/llama.cpp/tests/test-sampling.cpp:180 (test_dry)",
./logs/tests/test_run_20260711_203018.json:11827:        "/home/fekerr/src/irislime/llama.cpp/tests/test-sampling.cpp:177 (test_dry)",
./logs/tests/test_run_20260711_203018.json:11835:        "/home/fekerr/src/irislime/llama.cpp/tests/test-sampling.cpp:180 (test_dry)",
./logs/tests/test_run_20260711_203018.json:11842:        "/home/fekerr/src/irislime/llama.cpp/tests/test-sampling.cpp:177 (test_dry)",
./logs/tests/test_run_20260711_203018.json:11849:        "/home/fekerr/src/irislime/llama.cpp/tests/test-sampling.cpp:180 (test_dry)",
./logs/tests/test_run_20260711_203018.json:11856:        "/home/fekerr/src/irislime/llama.cpp/tests/test-sampling.cpp:187 (test_top_n_sigma)",
./logs/tests/test_run_20260711_203018.json:11862:        "/home/fekerr/src/irislime/llama.cpp/tests/test-sampling.cpp:190 (test_top_n_sigma)",
./logs/tests/test_run_20260711_203018.json:11868:        "/home/fekerr/src/irislime/llama.cpp/tests/test-sampling.cpp:187 (test_top_n_sigma)",
./logs/tests/test_run_20260711_203018.json:11874:        "/home/fekerr/src/irislime/llama.cpp/tests/test-sampling.cpp:190 (test_top_n_sigma)",
./logs/tests/test_run_20260711_203018.json:11880:        "/home/fekerr/src/irislime/llama.cpp/tests/test-sampling.cpp:187 (test_top_n_sigma)",
./logs/tests/test_run_20260711_203018.json:11886:        "/home/fekerr/src/irislime/llama.cpp/tests/test-sampling.cpp:190 (test_top_n_sigma)",
./logs/tests/test_run_20260711_203018.json:11964:        "Usage: /home/fekerr/src/irislime/build/vulkan_debug/bin/test-tokenizer-0 vocab-file [text-file]"
./logs/tests/test_run_20260711_203018.json:11974:        "Usage: /home/fekerr/src/irislime/build/vulkan_debug/bin/test-tokenizer-1-bpe <vocab-file> [--ignore-merges]"
./logs/tests/test_run_20260711_203018.json:11984:        "Usage: /home/fekerr/src/irislime/build/vulkan_debug/bin/test-tokenizer-1-spm <vocab-file>"
./logs/tests/test_run_20260710_061121.json:182:        "/home/fekerr/src/irislime/build/vulkan_debug/bin/libggml-base.so.0(+0x1a606) [0x722f32868606]",
./logs/tests/test_run_20260710_061121.json:183:        "/home/fekerr/src/irislime/build/vulkan_debug/bin/libggml-base.so.0(ggml_print_backtrace+0x20d) [0x722f32868cbd]",
./logs/tests/test_run_20260710_061121.json:184:        "/home/fekerr/src/irislime/build/vulkan_debug/bin/libggml-base.so.0(+0x2a60f) [0x722f3287860f]",
./logs/tests/test_run_20260710_061121.json:188:        "/home/fekerr/src/irislime/build/vulkan_debug/bin/test-chat(+0x1f2f5) [0x5be1b1fb92f5]",
./logs/tests/test_run_20260710_061121.json:189:        "/home/fekerr/src/irislime/build/vulkan_debug/bin/test-chat(+0x3eef7) [0x5be1b1fd8ef7]",
./logs/tests/test_run_20260710_061121.json:190:        "/home/fekerr/src/irislime/build/vulkan_debug/bin/test-chat(+0x43557) [0x5be1b1fdd557]",
./logs/tests/test_run_20260710_061121.json:191:        "/home/fekerr/src/irislime/build/vulkan_debug/bin/test-chat(+0x3ad83) [0x5be1b1fd4d83]",
./logs/tests/test_run_20260710_061121.json:194:        "/home/fekerr/src/irislime/build/vulkan_debug/bin/test-chat(+0x3b6f5) [0x5be1b1fd56f5]",
./logs/tests/test_run_20260710_061121.json:1283:        "Usage: /home/fekerr/src/irislime/build/vulkan_debug/bin/test-gbnf-validator <grammar_filename> <input_filename>"
./logs/tests/test_run_20260710_061121.json:3454:        "python: can't open file '/home/fekerr/src/irislime/build/vulkan_debug/bin/./examples/json_schema_to_grammar.py': [Errno 2] No such file or directory",
./logs/tests/test_run_20260710_061121.json:3464:        "test-json-schema-to-grammar: /home/fekerr/src/irislime/llama.cpp/tests/test-json-schema-to-grammar.cpp:62: void TestCase::verify_status(TestCaseStatus) const: Assertion `false' failed."
./logs/tests/test_run_20260710_061121.json:11490:        "/home/fekerr/src/irislime/llama.cpp/tests/test-sampling.cpp:67 (test_temp)",
./logs/tests/test_run_20260710_061121.json:11496:        "/home/fekerr/src/irislime/llama.cpp/tests/test-sampling.cpp:70 (test_temp)",
./logs/tests/test_run_20260710_061121.json:11502:        "/home/fekerr/src/irislime/llama.cpp/tests/test-sampling.cpp:67 (test_temp)",
./logs/tests/test_run_20260710_061121.json:11508:        "/home/fekerr/src/irislime/llama.cpp/tests/test-sampling.cpp:70 (test_temp)",
./logs/tests/test_run_20260710_061121.json:11514:        "/home/fekerr/src/irislime/llama.cpp/tests/test-sampling.cpp:78 (test_temp_ext)",
./logs/tests/test_run_20260710_061121.json:11520:        "/home/fekerr/src/irislime/llama.cpp/tests/test-sampling.cpp:81 (test_temp_ext)",
./logs/tests/test_run_20260710_061121.json:11526:        "/home/fekerr/src/irislime/llama.cpp/tests/test-sampling.cpp:78 (test_temp_ext)",
./logs/tests/test_run_20260710_061121.json:11532:        "/home/fekerr/src/irislime/llama.cpp/tests/test-sampling.cpp:81 (test_temp_ext)",
./logs/tests/test_run_20260710_061121.json:11538:        "/home/fekerr/src/irislime/llama.cpp/tests/test-sampling.cpp:89 (test_top_k)",
./logs/tests/test_run_20260710_061121.json:11544:        "/home/fekerr/src/irislime/llama.cpp/tests/test-sampling.cpp:92 (test_top_k)",
./logs/tests/test_run_20260710_061121.json:11547:        "/home/fekerr/src/irislime/llama.cpp/tests/test-sampling.cpp:89 (test_top_k)",
./logs/tests/test_run_20260710_061121.json:11553:        "/home/fekerr/src/irislime/llama.cpp/tests/test-sampling.cpp:92 (test_top_k)",
./logs/tests/test_run_20260710_061121.json:11558:        "/home/fekerr/src/irislime/llama.cpp/tests/test-sampling.cpp:89 (test_top_k)",
./logs/tests/test_run_20260710_061121.json:11564:        "/home/fekerr/src/irislime/llama.cpp/tests/test-sampling.cpp:92 (test_top_k)",
./logs/tests/test_run_20260710_061121.json:11570:        "/home/fekerr/src/irislime/llama.cpp/tests/test-sampling.cpp:89 (test_top_k)",
./logs/tests/test_run_20260710_061121.json:11576:        "/home/fekerr/src/irislime/llama.cpp/tests/test-sampling.cpp:92 (test_top_k)",
./logs/tests/test_run_20260710_061121.json:11582:        "/home/fekerr/src/irislime/llama.cpp/tests/test-sampling.cpp:100 (test_top_p)",
./logs/tests/test_run_20260710_061121.json:11588:        "/home/fekerr/src/irislime/llama.cpp/tests/test-sampling.cpp:103 (test_top_p)",
./logs/tests/test_run_20260710_061121.json:11591:        "/home/fekerr/src/irislime/llama.cpp/tests/test-sampling.cpp:100 (test_top_p)",
./logs/tests/test_run_20260710_061121.json:11597:        "/home/fekerr/src/irislime/llama.cpp/tests/test-sampling.cpp:103 (test_top_p)",
./logs/tests/test_run_20260710_061121.json:11601:        "/home/fekerr/src/irislime/llama.cpp/tests/test-sampling.cpp:100 (test_top_p)",
./logs/tests/test_run_20260710_061121.json:11607:        "/home/fekerr/src/irislime/llama.cpp/tests/test-sampling.cpp:103 (test_top_p)",
./logs/tests/test_run_20260710_061121.json:11612:        "/home/fekerr/src/irislime/llama.cpp/tests/test-sampling.cpp:100 (test_top_p)",
./logs/tests/test_run_20260710_061121.json:11618:        "/home/fekerr/src/irislime/llama.cpp/tests/test-sampling.cpp:103 (test_top_p)",
./logs/tests/test_run_20260710_061121.json:11624:        "/home/fekerr/src/irislime/llama.cpp/tests/test-sampling.cpp:111 (test_min_p)",
./logs/tests/test_run_20260710_061121.json:11630:        "/home/fekerr/src/irislime/llama.cpp/tests/test-sampling.cpp:114 (test_min_p)",
./logs/tests/test_run_20260710_061121.json:11636:        "/home/fekerr/src/irislime/llama.cpp/tests/test-sampling.cpp:111 (test_min_p)",
./logs/tests/test_run_20260710_061121.json:11642:        "/home/fekerr/src/irislime/llama.cpp/tests/test-sampling.cpp:114 (test_min_p)",
./logs/tests/test_run_20260710_061121.json:11648:        "/home/fekerr/src/irislime/llama.cpp/tests/test-sampling.cpp:111 (test_min_p)",
./logs/tests/test_run_20260710_061121.json:11654:        "/home/fekerr/src/irislime/llama.cpp/tests/test-sampling.cpp:114 (test_min_p)",
./logs/tests/test_run_20260710_061121.json:11659:        "/home/fekerr/src/irislime/llama.cpp/tests/test-sampling.cpp:111 (test_min_p)",
./logs/tests/test_run_20260710_061121.json:11665:        "/home/fekerr/src/irislime/llama.cpp/tests/test-sampling.cpp:114 (test_min_p)",
./logs/tests/test_run_20260710_061121.json:11670:        "/home/fekerr/src/irislime/llama.cpp/tests/test-sampling.cpp:111 (test_min_p)",
./logs/tests/test_run_20260710_061121.json:11676:        "/home/fekerr/src/irislime/llama.cpp/tests/test-sampling.cpp:114 (test_min_p)",
./logs/tests/test_run_20260710_061121.json:11680:        "/home/fekerr/src/irislime/llama.cpp/tests/test-sampling.cpp:111 (test_min_p)",
./logs/tests/test_run_20260710_061121.json:11686:        "/home/fekerr/src/irislime/llama.cpp/tests/test-sampling.cpp:114 (test_min_p)",
./logs/tests/test_run_20260710_061121.json:11690:        "/home/fekerr/src/irislime/llama.cpp/tests/test-sampling.cpp:111 (test_min_p)",
./logs/tests/test_run_20260710_061121.json:11696:        "/home/fekerr/src/irislime/llama.cpp/tests/test-sampling.cpp:114 (test_min_p)",
./logs/tests/test_run_20260710_061121.json:11699:        "/home/fekerr/src/irislime/llama.cpp/tests/test-sampling.cpp:111 (test_min_p)",
./logs/tests/test_run_20260710_061121.json:11705:        "/home/fekerr/src/irislime/llama.cpp/tests/test-sampling.cpp:114 (test_min_p)",
./logs/tests/test_run_20260710_061121.json:11708:        "/home/fekerr/src/irislime/llama.cpp/tests/test-sampling.cpp:111 (test_min_p)",
./logs/tests/test_run_20260710_061121.json:11714:        "/home/fekerr/src/irislime/llama.cpp/tests/test-sampling.cpp:114 (test_min_p)",
./logs/tests/test_run_20260710_061121.json:11718:        "/home/fekerr/src/irislime/llama.cpp/tests/test-sampling.cpp:122 (test_xtc)",
./logs/tests/test_run_20260710_061121.json:11724:        "/home/fekerr/src/irislime/llama.cpp/tests/test-sampling.cpp:124 (test_xtc)",
./logs/tests/test_run_20260710_061121.json:11727:        "/home/fekerr/src/irislime/llama.cpp/tests/test-sampling.cpp:122 (test_xtc)",
./logs/tests/test_run_20260710_061121.json:11733:        "/home/fekerr/src/irislime/llama.cpp/tests/test-sampling.cpp:124 (test_xtc)",
./logs/tests/test_run_20260710_061121.json:11737:        "/home/fekerr/src/irislime/llama.cpp/tests/test-sampling.cpp:122 (test_xtc)",
./logs/tests/test_run_20260710_061121.json:11743:        "/home/fekerr/src/irislime/llama.cpp/tests/test-sampling.cpp:124 (test_xtc)",
./logs/tests/test_run_20260710_061121.json:11749:        "/home/fekerr/src/irislime/llama.cpp/tests/test-sampling.cpp:122 (test_xtc)",
./logs/tests/test_run_20260710_061121.json:11755:        "/home/fekerr/src/irislime/llama.cpp/tests/test-sampling.cpp:124 (test_xtc)",
./logs/tests/test_run_20260710_061121.json:11761:        "/home/fekerr/src/irislime/llama.cpp/tests/test-sampling.cpp:132 (test_typical)",
./logs/tests/test_run_20260710_061121.json:11767:        "/home/fekerr/src/irislime/llama.cppempty DRY sequence breakers list in llama_sampler_init_dry_testing",
./logs/tests/test_run_20260710_061121.json:11773:        "/home/fekerr/src/irislime/llama.cpp/tests/test-sampling.cpp:132 (test_typical)",
./logs/tests/test_run_20260710_061121.json:11779:        "/home/fekerr/src/irislime/llama.cpp/tests/test-sampling.cpp:134 (test_typical)",
./logs/tests/test_run_20260710_061121.json:11784:        "/home/fekerr/src/irislime/llama.cpp/tests/test-sampling.cpp:153 (test_penalties)",
./logs/tests/test_run_20260710_061121.json:11791:        "/home/fekerr/src/irislime/llama.cpp/tests/test-sampling.cpp:156 (test_penalties)",
./logs/tests/test_run_20260710_061121.json:11798:        "/home/fekerr/src/irislime/llama.cpp/tests/test-sampling.cpp:153 (test_penalties)",
./logs/tests/test_run_20260710_061121.json:11805:        "/home/fekerr/src/irislime/llama.cpp/tests/test-sampling.cpp:156 (test_penalties)",
./logs/tests/test_run_20260710_061121.json:11812:        "/home/fekerr/src/irislime/llama.cpp/tests/test-sampling.cpp:153 (test_penalties)",
./logs/tests/test_run_20260710_061121.json:11819:        "/home/fekerr/src/irislime/llama.cpp/tests/test-sampling.cpp:156 (test_penalties)",
./logs/tests/test_run_20260710_061121.json:11826:        "/home/fekerr/src/irislime/llama.cpp/tests/test-sampling.cpp:153 (test_penalties)",
./logs/tests/test_run_20260710_061121.json:11833:        "/home/fekerr/src/irislime/llama.cpp/tests/test-sampling.cpp:156 (test_penalties)",
./logs/tests/test_run_20260710_061121.json:11840:        "/home/fekerr/src/irislime/llama.cpp/tests/test-sampling.cpp:153 (test_penalties)",
./logs/tests/test_run_20260710_061121.json:11847:        "/home/fekerr/src/irislime/llama.cpp/tests/test-sampling.cpp:156 (test_penalties)",
./logs/tests/test_run_20260710_061121.json:11854:        "/home/fekerr/src/irislime/llama.cpp/tests/test-sampling.cpp:153 (test_penalties)",
./logs/tests/test_run_20260710_061121.json:11861:        "/home/fekerr/src/irislime/llama.cpp/tests/test-sampling.cpp:156 (test_penalties)",
./logs/tests/test_run_20260710_061121.json:11868:        "/home/fekerr/src/irislime/llama.cpp/tests/test-sampling.cpp:177 (test_dry)",
./logs/tests/test_run_20260710_061121.json:11874:        "/home/fekerr/src/irislime/llama.cpp/tests/test-sampling.cpp:180 (test_dry)",
./logs/tests/test_run_20260710_061121.json:11880:        "/home/fekerr/src/irislime/llama.cpp/tests/test-sampling.cpp:177 (test_dry)",
./logs/tests/test_run_20260710_061121.json:11886:        "/home/fekerr/src/irislime/llama.cpp/tests/test-sampling.cpp:180 (test_dry)",
./logs/tests/test_run_20260710_061121.json:11892:        "/home/fekerr/src/irislime/llama.cpp/tests/test-sampling.cpp:177 (test_dry)",
./logs/tests/test_run_20260710_061121.json:11899:        "/home/fekerr/src/irislime/llama.cpp/tests/test-sampling.cpp:180 (test_dry)",
./logs/tests/test_run_20260710_061121.json:11906:        "/home/fekerr/src/irislime/llama.cpp/tests/test-sampling.cpp:177 (test_dry)",
./logs/tests/test_run_20260710_061121.json:11914:        "/home/fekerr/src/irislime/llama.cpp/tests/test-sampling.cpp:180 (test_dry)",
./logs/tests/test_run_20260710_061121.json:11921:        "/home/fekerr/src/irislime/llama.cpp/tests/test-sampling.cpp:177 (test_dry)",
./logs/tests/test_run_20260710_061121.json:11928:        "/home/fekerr/src/irislime/llama.cpp/tests/test-sampling.cpp:180 (test_dry)",
./logs/tests/test_run_20260710_061121.json:11935:        "/home/fekerr/src/irislime/llama.cpp/tests/test-sampling.cpp:187 (test_top_n_sigma)",
./logs/tests/test_run_20260710_061121.json:11941:        "/home/fekerr/src/irislime/llama.cpp/tests/test-sampling.cpp:190 (test_top_n_sigma)",
./logs/tests/test_run_20260710_061121.json:11947:        "/home/fekerr/src/irislime/llama.cpp/tests/test-sampling.cpp:187 (test_top_n_sigma)",
./logs/tests/test_run_20260710_061121.json:11953:        "/home/fekerr/src/irislime/llama.cpp/tests/test-sampling.cpp:190 (test_top_n_sigma)",
./logs/tests/test_run_20260710_061121.json:11959:        "/home/fekerr/src/irislime/llama.cpp/tests/test-sampling.cpp:187 (test_top_n_sigma)",
./logs/tests/test_run_20260710_061121.json:11965:        "/home/fekerr/src/irislime/llama.cpp/tests/test-sampling.cpp:190 (test_top_n_sigma)",
./logs/tests/test_run_20260710_061121.json:12039:        "Usage: /home/fekerr/src/irislime/build/vulkan_debug/bin/test-tokenizer-0 vocab-file [text-file]"
./logs/tests/test_run_20260710_061121.json:12048:        "Usage: /home/fekerr/src/irislime/build/vulkan_debug/bin/test-tokenizer-1-bpe <vocab-file> [--ignore-merges]"
./logs/tests/test_run_20260710_061121.json:12057:        "Usage: /home/fekerr/src/irislime/build/vulkan_debug/bin/test-tokenizer-1-spm <vocab-file>"
./logs/tests/test_run_20260710_065449.json:192:        "/home/fekerr/src/irislime/build/vulkan_debug/bin/libggml-base.so.0(+0x1a606) [0x7a6c12268606]",
./logs/tests/test_run_20260710_065449.json:193:        "/home/fekerr/src/irislime/build/vulkan_debug/bin/libggml-base.so.0(ggml_print_backtrace+0x20d) [0x7a6c12268cbd]",
./logs/tests/test_run_20260710_065449.json:194:        "/home/fekerr/src/irislime/build/vulkan_debug/bin/libggml-base.so.0(+0x2a60f) [0x7a6c1227860f]",
./logs/tests/test_run_20260710_065449.json:198:        "/home/fekerr/src/irislime/build/vulkan_debug/bin/test-chat(+0x1f2f5) [0x5d5a6db182f5]",
./logs/tests/test_run_20260710_065449.json:199:        "/home/fekerr/src/irislime/build/vulkan_debug/bin/test-chat(+0x3eef7) [0x5d5a6db37ef7]",
./logs/tests/test_run_20260710_065449.json:200:        "/home/fekerr/src/irislime/build/vulkan_debug/bin/test-chat(+0x43557) [0x5d5a6db3c557]",
./logs/tests/test_run_20260710_065449.json:201:        "/home/fekerr/src/irislime/build/vulkan_debug/bin/test-chat(+0x3ad83) [0x5d5a6db33d83]",
./logs/tests/test_run_20260710_065449.json:204:        "/home/fekerr/src/irislime/build/vulkan_debug/bin/test-chat(+0x3b6f5) [0x5d5a6db346f5]",
./logs/tests/test_run_20260710_065449.json:1298:        "Usage: /home/fekerr/src/irislime/build/vulkan_debug/bin/test-gbnf-validator <grammar_filename> <input_filename>"
./logs/tests/test_run_20260710_065449.json:3475:        "python: can't open file '/home/fekerr/src/irislime/build/vulkan_debug/bin/./examples/json_schema_to_grammar.py': [Errno 2] No such file or directory",
./logs/tests/test_run_20260710_065449.json:3485:        "test-json-schema-to-grammar: /home/fekerr/src/irislime/llama.cpp/tests/test-json-schema-to-grammar.cpp:62: void TestCase::verify_status(TestCaseStatus) const: Assertion `false' failed."
./logs/tests/test_run_20260710_065449.json:10603:        "  /home/fekerr/src/irislime/build/vulkan_debug/bin/test-quant-type-selection --generate"
./logs/tests/test_run_20260710_065449.json:11593:        "/home/fekerr/src/irislime/llama.cpp/tests/test-sampling.cpp:67 (test_temp)",
./logs/tests/test_run_20260710_065449.json:11599:        "/home/fekerr/src/irislime/llama.cpp/tests/test-sampling.cpp:70 (test_temp)",
./logs/tests/test_run_20260710_065449.json:11605:        "/home/fekerr/src/irislime/llama.cpp/tests/test-sampling.cpp:67 (test_temp)",
./logs/tests/test_run_20260710_065449.json:11611:        "/home/fekerr/src/irislime/llama.cpp/tests/test-sampling.cpp:70 (test_temp)",
./logs/tests/test_run_20260710_065449.json:11617:        "/home/fekerr/src/irislime/llama.cpp/tests/test-sampling.cpp:78 (test_temp_ext)",
./logs/tests/test_run_20260710_065449.json:11623:        "/home/fekerr/src/irislime/llama.cpp/tests/test-sampling.cpp:81 (test_temp_ext)",
./logs/tests/test_run_20260710_065449.json:11629:        "/home/fekerr/src/irislime/llama.cpp/tests/test-sampling.cpp:78 (test_temp_ext)",
./logs/tests/test_run_20260710_065449.json:11635:        "/home/fekerr/src/irislime/llama.cpp/tests/test-sampling.cpp:81 (test_temp_ext)",
./logs/tests/test_run_20260710_065449.json:11641:        "/home/fekerr/src/irislime/llama.cpp/tests/test-sampling.cpp:89 (test_top_k)",
./logs/tests/test_run_20260710_065449.json:11647:        "/home/fekerr/src/irislime/llama.cpp/tests/test-sampling.cpp:92 (test_top_k)",
./logs/tests/test_run_20260710_065449.json:11650:        "/home/fekerr/src/irislime/llama.cpp/tests/test-sampling.cpp:89 (test_top_k)",
./logs/tests/test_run_20260710_065449.json:11656:        "/home/fekerr/src/irislime/llama.cpp/tests/test-sampling.cpp:92 (test_top_k)",
./logs/tests/test_run_20260710_065449.json:11661:        "/home/fekerr/src/irislime/llama.cpp/tests/test-sampling.cpp:89 (test_top_k)",
./logs/tests/test_run_20260710_065449.json:11667:        "/home/fekerr/src/irislime/llama.cpp/tests/test-sampling.cpp:92 (test_top_k)",
./logs/tests/test_run_20260710_065449.json:11673:        "/home/fekerr/src/irislime/llama.cpp/tests/test-sampling.cpp:89 (test_top_k)",
./logs/tests/test_run_20260710_065449.json:11679:        "/home/fekerr/src/irislime/llama.cpp/tests/test-sampling.cpp:92 (test_top_k)",
./logs/tests/test_run_20260710_065449.json:11685:        "/home/fekerr/src/irislime/llama.cpp/tests/test-sampling.cpp:100 (test_top_p)",
./logs/tests/test_run_20260710_065449.json:11691:        "/home/fekerr/src/irislime/llama.cpp/tests/test-sampling.cpp:103 (test_top_p)",
./logs/tests/test_run_20260710_065449.json:11694:        "/home/fekerr/src/irislime/llama.cpp/tests/test-sampling.cpp:100 (test_top_p)",
./logs/tests/test_run_20260710_065449.json:11700:        "/home/fekerr/src/irislime/llama.cpp/tests/test-sampling.cpp:103 (test_top_p)",
./logs/tests/test_run_20260710_065449.json:11704:        "/home/fekerr/src/irislime/llama.cpp/tests/test-sampling.cpp:100 (test_top_p)",
./logs/tests/test_run_20260710_065449.json:11710:        "/home/fekerr/src/irislime/llama.cpp/tests/test-sampling.cpp:103 (test_top_p)",
./logs/tests/test_run_20260710_065449.json:11715:        "/home/fekerr/src/irislime/llama.cpp/tests/test-sampling.cpp:100 (test_top_p)",
./logs/tests/test_run_20260710_065449.json:11721:        "/home/fekerr/src/irislime/llama.cpp/tests/test-sampling.cpp:103 (test_top_p)",
./logs/tests/test_run_20260710_065449.json:11727:        "/home/fekerr/src/irislime/llama.cpp/tests/test-sampling.cpp:111 (test_min_p)",
./logs/tests/test_run_20260710_065449.json:11733:        "/home/fekerr/src/irislime/llama.cpp/tests/test-sampling.cpp:114 (test_min_p)",
./logs/tests/test_run_20260710_065449.json:11739:        "/home/fekerr/src/irislime/llama.cpp/tests/test-sampling.cpp:111 (test_min_p)",
./logs/tests/test_run_20260710_065449.json:11745:        "/home/fekerr/src/irislime/llama.cpp/tests/test-sampling.cpp:114 (test_min_p)",
./logs/tests/test_run_20260710_065449.json:11751:        "/home/fekerr/src/irislime/llama.cpp/tests/test-sampling.cpp:111 (test_min_p)",
./logs/tests/test_run_20260710_065449.json:11757:        "/home/fekerr/src/irislime/llama.cpp/tests/test-sampling.cpp:114 (test_min_p)",
./logs/tests/test_run_20260710_065449.json:11762:        "/home/fekerr/src/irislime/llama.cpp/tests/test-sampling.cpp:111 (test_min_p)",
./logs/tests/test_run_20260710_065449.json:11768:        "/home/fekerr/src/irislime/llama.cpp/tests/test-sampling.cpp:114 (test_min_p)",
./logs/tests/test_run_20260710_065449.json:11773:        "/home/fekerr/src/irislime/llama.cpp/tests/test-sampling.cpp:111 (test_min_p)",
./logs/tests/test_run_20260710_065449.json:11779:        "/home/fekerr/src/irislime/llama.cpp/tests/test-sampling.cpp:114 (test_min_p)",
./logs/tests/test_run_20260710_065449.json:11783:        "/home/fekerr/src/irislime/llama.cpp/tests/test-sampling.cpp:111 (test_min_p)",
./logs/tests/test_run_20260710_065449.json:11789:        "/home/fekerr/src/irislime/llama.cpp/tests/test-sampling.cpp:114 (test_min_p)",
./logs/tests/test_run_20260710_065449.json:11793:        "/home/fekerr/src/irislime/llama.cpp/tests/test-sampling.cpp:111 (test_min_p)",
./logs/tests/test_run_20260710_065449.json:11799:        "/home/fekerr/src/irislime/llama.cpp/tests/test-sampling.cpp:114 (test_min_p)",
./logs/tests/test_run_20260710_065449.json:11802:        "/home/fekerr/src/irislime/llama.cpp/tests/test-sampling.cpp:111 (test_min_p)",
./logs/tests/test_run_20260710_065449.json:11808:        "/home/fekerr/src/irislime/llama.cpp/tests/test-sampling.cpp:114 (test_min_p)",
./logs/tests/test_run_20260710_065449.json:11811:        "/home/fekerr/src/irislime/llama.cpp/tests/test-sampling.cpp:111 (test_min_p)",
./logs/tests/test_run_20260710_065449.json:11817:        "/home/fekerr/src/irislime/llama.cpp/tests/test-sampling.cpp:114 (test_min_p)",
./logs/tests/test_run_20260710_065449.json:11821:        "/home/fekerr/src/irislime/llama.cpp/tests/test-sampling.cpp:122 (test_xtc)",
./logs/tests/test_run_20260710_065449.json:11827:        "/home/fekerr/src/irislime/llama.cpp/tests/test-sampling.cpp:124 (test_xtc)",
./logs/tests/test_run_20260710_065449.json:11830:        "/home/fekerr/src/irislime/llama.cpp/tests/test-sampling.cpp:122 (test_xtc)",
./logs/tests/test_run_20260710_065449.json:11836:        "/home/fekerr/src/irislime/llama.cpp/tests/test-sampling.cpp:124 (test_xtc)",
./logs/tests/test_run_20260710_065449.json:11840:        "/home/fekerr/src/irislime/llama.cpp/tests/test-sampling.cpp:122 (test_xtc)",
./logs/tests/test_run_20260710_065449.json:11846:        "/home/fekerr/src/irislime/llama.cpp/tests/test-sampling.cpp:124 (test_xtc)",
./logs/tests/test_run_20260710_065449.json:11852:        "/home/fekerr/src/irislime/llama.cpp/tests/test-sampling.cpp:122 (test_xtc)",
./logs/tests/test_run_20260710_065449.json:11858:        "/home/fekerr/src/irislime/llama.cpp/tests/test-sampling.cpp:124 (test_xtc)",
./logs/tests/test_run_20260710_065449.json:11864:        "/home/fekerr/src/irislime/llama.cpp/tests/test-sampling.cpp:132 (test_typical)",
./logs/tests/test_run_20260710_065449.json:11870:        "/home/fekerr/src/irislime/llama.cppempty DRY sequence breakers list in llama_sampler_init_dry_testing",
./logs/tests/test_run_20260710_065449.json:11876:        "/home/fekerr/src/irislime/llama.cpp/tests/test-sampling.cpp:132 (test_typical)",
./logs/tests/test_run_20260710_065449.json:11882:        "/home/fekerr/src/irislime/llama.cpp/tests/test-sampling.cpp:134 (test_typical)",
./logs/tests/test_run_20260710_065449.json:11887:        "/home/fekerr/src/irislime/llama.cpp/tests/test-sampling.cpp:153 (test_penalties)",
./logs/tests/test_run_20260710_065449.json:11894:        "/home/fekerr/src/irislime/llama.cpp/tests/test-sampling.cpp:156 (test_penalties)",
./logs/tests/test_run_20260710_065449.json:11901:        "/home/fekerr/src/irislime/llama.cpp/tests/test-sampling.cpp:153 (test_penalties)",
./logs/tests/test_run_20260710_065449.json:11908:        "/home/fekerr/src/irislime/llama.cpp/tests/test-sampling.cpp:156 (test_penalties)",
./logs/tests/test_run_20260710_065449.json:11915:        "/home/fekerr/src/irislime/llama.cpp/tests/test-sampling.cpp:153 (test_penalties)",
./logs/tests/test_run_20260710_065449.json:11922:        "/home/fekerr/src/irislime/llama.cpp/tests/test-sampling.cpp:156 (test_penalties)",
./logs/tests/test_run_20260710_065449.json:11929:        "/home/fekerr/src/irislime/llama.cpp/tests/test-sampling.cpp:153 (test_penalties)",
./logs/tests/test_run_20260710_065449.json:11936:        "/home/fekerr/src/irislime/llama.cpp/tests/test-sampling.cpp:156 (test_penalties)",
./logs/tests/test_run_20260710_065449.json:11943:        "/home/fekerr/src/irislime/llama.cpp/tests/test-sampling.cpp:153 (test_penalties)",
./logs/tests/test_run_20260710_065449.json:11950:        "/home/fekerr/src/irislime/llama.cpp/tests/test-sampling.cpp:156 (test_penalties)",
./logs/tests/test_run_20260710_065449.json:11957:        "/home/fekerr/src/irislime/llama.cpp/tests/test-sampling.cpp:153 (test_penalties)",
./logs/tests/test_run_20260710_065449.json:11964:        "/home/fekerr/src/irislime/llama.cpp/tests/test-sampling.cpp:156 (test_penalties)",
./logs/tests/test_run_20260710_065449.json:11971:        "/home/fekerr/src/irislime/llama.cpp/tests/test-sampling.cpp:177 (test_dry)",
./logs/tests/test_run_20260710_065449.json:11977:        "/home/fekerr/src/irislime/llama.cpp/tests/test-sampling.cpp:180 (test_dry)",
./logs/tests/test_run_20260710_065449.json:11983:        "/home/fekerr/src/irislime/llama.cpp/tests/test-sampling.cpp:177 (test_dry)",
./logs/tests/test_run_20260710_065449.json:11989:        "/home/fekerr/src/irislime/llama.cpp/tests/test-sampling.cpp:180 (test_dry)",
./logs/tests/test_run_20260710_065449.json:11995:        "/home/fekerr/src/irislime/llama.cpp/tests/test-sampling.cpp:177 (test_dry)",
./logs/tests/test_run_20260710_065449.json:12002:        "/home/fekerr/src/irislime/llama.cpp/tests/test-sampling.cpp:180 (test_dry)",
./logs/tests/test_run_20260710_065449.json:12009:        "/home/fekerr/src/irislime/llama.cpp/tests/test-sampling.cpp:177 (test_dry)",
./logs/tests/test_run_20260710_065449.json:12017:        "/home/fekerr/src/irislime/llama.cpp/tests/test-sampling.cpp:180 (test_dry)",
./logs/tests/test_run_20260710_065449.json:12024:        "/home/fekerr/src/irislime/llama.cpp/tests/test-sampling.cpp:177 (test_dry)",
./logs/tests/test_run_20260710_065449.json:12031:        "/home/fekerr/src/irislime/llama.cpp/tests/test-sampling.cpp:180 (test_dry)",
./logs/tests/test_run_20260710_065449.json:12038:        "/home/fekerr/src/irislime/llama.cpp/tests/test-sampling.cpp:187 (test_top_n_sigma)",
./logs/tests/test_run_20260710_065449.json:12044:        "/home/fekerr/src/irislime/llama.cpp/tests/test-sampling.cpp:190 (test_top_n_sigma)",
./logs/tests/test_run_20260710_065449.json:12050:        "/home/fekerr/src/irislime/llama.cpp/tests/test-sampling.cpp:187 (test_top_n_sigma)",
./logs/tests/test_run_20260710_065449.json:12056:        "/home/fekerr/src/irislime/llama.cpp/tests/test-sampling.cpp:190 (test_top_n_sigma)",
./logs/tests/test_run_20260710_065449.json:12062:        "/home/fekerr/src/irislime/llama.cpp/tests/test-sampling.cpp:187 (test_top_n_sigma)",
./logs/tests/test_run_20260710_065449.json:12068:        "/home/fekerr/src/irislime/llama.cpp/tests/test-sampling.cpp:190 (test_top_n_sigma)",
./logs/tests/test_run_20260710_065449.json:12146:        "Usage: /home/fekerr/src/irislime/build/vulkan_debug/bin/test-tokenizer-0 vocab-file [text-file]"
./logs/tests/test_run_20260710_065449.json:12156:        "Usage: /home/fekerr/src/irislime/build/vulkan_debug/bin/test-tokenizer-1-bpe <vocab-file> [--ignore-merges]"
./logs/tests/test_run_20260710_065449.json:12166:        "Usage: /home/fekerr/src/irislime/build/vulkan_debug/bin/test-tokenizer-1-spm <vocab-file>"
./logs/test/pre_merge_snapshot_20260627_102356.md:6:## 1. Parent Workspace Context (irislime)
./logs/test/pre_merge_snapshot_20260627_164441.md:6:## 1. Parent Workspace Context (irislime)
./AI_next.md:14:* [ ] **Local Repository Synchronizations:** Update the target `irislime` remote state tracking matrices against GitHub to prepare for cross-platform context transfers.
./jules-260724/00_prompt_and_responses.md:7:Consider refactoring irislime into new anchor root irislime and "push" everything else down to ./irislime/irislime
./jules-260724/00_prompt_and_responses.md:24:Consider Makefile that can dynamically adapt depending on enabled *.me in subdirectories. Even consider supporting ./irislime/subdir/subdir_mk for "disabled" and subdir.mk for enabled sections.
./jules-260724/01_evaluations_and_decisions.md:6:**User Prompt:** Consider refactoring irislime into new anchor root irislime and "push" everything else down to `./irislime/irislime`.
./jules-260724/01_evaluations_and_decisions.md:7:**Evaluation and Refinement:** While pushing everything down to `irislime/irislime/` creates deep nesting, the repository organization *does* need to be refactored to align with the structure of the `aomaker/edge-ai` repository. The core identity of `irislime` as the repository root must be maintained.
./jules-260724/01_evaluations_and_decisions.md:9:- Maintain `irislime` as the root of the repository.
./README.md:15:* **`fekerr-dev/`** - Centralized PowerShell 7 host toolkit and container bootstrap stratum (`ps7/`, `irislime_ubu26_init/`, workspace integrity signers).
./README.md:31:* **Parameterized Heartbeat Traps:** Actively reads text pulses committed to `.irislime_heartbeat` to expand or shrink the silence counter budget on the fly.
./quick_start.md:14:cd ~/src/irislime

--- 2. Search: ~/src ---
./pr-36/pr-36-review.sh:46:    echo "--- 2. Search: ~/src ---"
./pr-36/pr-36-review.sh:47:    grep -rn "~/src" . --exclude-dir=.git || true
./pr-36/clip.exe:17:grep -rn "~/src" . --exclude-dir=.git >> ${LOGFILE}
./docs/dirs.md:5:[WORKSPACE CORE: uid1000] ~/src/irislime (Branch: agy-24-work)
./docs/dirs.md:21:[ANALYTICS ENGINE: id1003] ~/src/irislime (Branch: infra-telemetry-cleanup)
./docs/dirs.md:47:[PREFERENCE STORAGE: id1001] ~/src/irislime (Branch: 20260713_...)
./docs/gemini_20260626.md:54:cd ~/src
./docs/gemini_20260626.md:60:cd ~/src/irislime
./docs/gemini_20260626.md:66:mkdir -p ~/src/ai_models
./docs/gemini_20260626.md:67:ln -sf ~/src/ai_models models
./docs/gemini_20260626.md:76:cd ~/src/irislime
./docs/sessions/gemini_prior_0741a.md:279:`(venv) ■ [2377] | ~/src/irislime ;`
./docs/sessions/gemini_prior_0741a.md:285:3. Current working directory perspective relative to the home path (`~/src/irislime`).
./fekerr-dev/irislime_ubu26_init/bootstrap_ubu26_root.sh:97:echo "       agy --recipe ~/src/fekerr-dev/irislime_ubu26_init/provision_new_ubu26.agy"
./fekerr-dev/tools/pipe2clip.py:136:    log_dir = os.path.expanduser("~/src/fekerr-dev/logs")
./fekerr-dev/tools/rclone_finder.py:14:CACHE_FILE = os.path.expanduser("~/src/fekerr-dev/rclone_cache/gdrive_file_tree.json")
./fekerr-dev/docs/SESSION_RECONSTRUCTION.txt:45:   * Patched '.bashrc' fallback blocks to cleanly transition to '~/src/fekerr-dev'
./fekerr-dev/bootstrap_env:2:# Path:        ~/src/fekerr-dev/bootstrap_env
./fekerr-dev/bootstrap_env:109:alias files2clip="uv run python ~/src/fekerr-dev/tools/files2clip.py"
./fekerr-dev/bootstrap_env:110:alias pipe2clip="uv run python ~/src/fekerr-dev/tools/pipe2clip.py"
./fekerr-dev/bootstrap_env:111:alias sign="uv run python ~/src/fekerr-dev/tools/hash_signer.py sign"
./fekerr-dev/bootstrap_env:112:alias verify="uv run python ~/src/fekerr-dev/tools/hash_signer.py verify"
./fekerr-dev/bootstrap_env:265:# EOF:         ~/src/fekerr-dev/bootstrap_env
./scratch/traces/20260627-work-in-progress.txt:26:#### Parent Repository (`~/src/irislime`)
./scratch/traces/20260627-work-in-progress.txt:33:#### Sibling Inference Engine Fork (`~/src/llama.cpp`)
./scratch/init_md_wip/init_docs.md:97:cd ~/src
./scratch/init_md_wip/init_docs.md:104:cd ~/src/irislime
./scratch/init_md_wip/init_docs.md:131:cd ~/src
./.github/copilot-instructions.md:5:This workspace (`~/src/irislime1`) is the IrisLime hardware telemetry sandbox: a fork of
./.github/agents/senior-systems-validator.agent.md:44:~/src/irislime1/              ← PROJECT_ROOT
./.github/agents/senior-systems-validator.agent.md:147:cd ~/src/irislime1
./.github/agents/senior-systems-validator.agent.md:172:cd ~/src/irislime1
./scratch_20260717_gemini.md:9:* **Prompt String:** `fekerr@LAPTOP-AJPE53SG:[uid1000]: ~/src/irislime`
./scratch_20260717_gemini.md:14:* **Prompt String:** `fekerr@LAPTOP-AJPE53SG:[1001_ubu26]: ~/src/irislime`
./scratch_20260717_gemini.md:19:* **Prompt String:** `fekerr@LAPTOP-AJPE53SG:[id1003_...]: ~/src/irislime`
./quick_start.md:6:mkdir -p ~/src/models
./quick_start.md:7:ln -sf ~/src/models models
./quick_start.md:14:cd ~/src/irislime

--- 3. Search: /home/ ---
./tools/archive_logs_rclone.py:28:DEFAULT_RCLONE_BIN = "/home/fekerr/src/irislime/tools/bin/rclone"
./tools/provision.sh:208:    iython /home/fekerr/src/fekerr-dev/tools/pipe2clip.py'
./tools/provision.sh:209:alias br='uv run /home/fekerr/src/irislime/tools/build_runner.py'
./tools/provision.sh:210:alias tr='uv run /home/fekerr/src/irislime/tools/test_runner.py'
./tools/provision.sh:211:alias btr='uv run /home/fekerr/src/irislime/tools/bbptests_runner.py --profile vulkan_debug'
./tools/provision.sh:212:alias sign='uv run python /home/fekerr/src/fekerr-dev/tools/hash_signer.py sign'
./tools/provision.sh:213:alias verify='uv run python /home/fekerr/src/fekerr-dev/tools/hash_signer.py verify'
./tools/bazel_gated_build.sh:37:bazel --output_base="/home/fekerr/.cache/bazel_irislime" \
./tools/bazel_gated_build.sh:57:BIN_DIR="$(bazel --output_base="/home/fekerr/.cache/bazel_irislime" info bazel-bin --compilation_mode="${BAZEL_MODE}")"
./tools/files2clip:52:        # Resolve user home directory tilde paths (~/.bashrc -> /home/fekerr/.bashrc)
./pr-36/pr-36-review.sh:49:    echo "--- 3. Search: /home/ ---"
./pr-36/pr-36-review.sh:50:    grep -rn "/home/" . --exclude-dir=.git || true
./pr-36/clip.exe:18:grep -rn "/home/" . --exclude-dir=.git >> ${LOGFILE}
./docs/infra_make_matrix_telemetry_20260718.md:59:* Baseline execution telemetry report preserved at [`docs/telemetry/aggressive_telemetry_report_20260716.md`](file:///home/fekerr/src/irislime/docs/telemetry/aggressive_telemetry_report_20260716.md).
./docs/MTFDASH_USER_AND_INTEROP_GUIDE.md:55: Registry Directory: /home/fekerr/src/irislime/logs/nodes
./docs/MTFDASH_USER_AND_INTEROP_GUIDE.md:68:   Path:       /home/fekerr/src/irislime
./docs/MTFDASH_USER_AND_INTEROP_GUIDE.md:75:   Path:       /home/fekerr/src/irislime/llama.cpp
./docs/MTFDASH_USER_AND_INTEROP_GUIDE.md:93:`mtfdash` nodes communicate through shared JSON state files located in [`logs/nodes/`](file:///home/fekerr/src/irislime/logs/nodes).
./docs/MTFDASH_USER_AND_INTEROP_GUIDE.md:172:3. **Path Resolution:** The host translates Linux POSIX paths (e.g., `/home/fekerr/...`) into Windows UNC paths via `wslpath -w` ([tools/wsl_rclone_bridge.py](file:///home/fekerr/src/irislime/tools/wsl_rclone_bridge.py)).
./docs/INTERPROCESS_COMMUNICATION_TOPOLOGY.md:18:The primary `mtfdash` communication bus operates over the shared filesystem directory at [`logs/nodes/`](file:///home/fekerr/src/irislime/logs/nodes).
./docs/windows_rclone_transfer_guide.md:14:1. **WSL Ubuntu Tier (Audit & Package):** Top-down log discovery, SHA256 hashing, directory sentinels, flight ledger markdown generation ([`docs/log_archive_20260718_core12_1003.md`](file:///home/fekerr/src/irislime/docs/log_archive_20260718_core12_1003.md)), and local log file purging.
./docs/windows_rclone_transfer_guide.md:23:| [`tools/windows_rclone_manifest.json`](file:///home/fekerr/src/irislime/tools/windows_rclone_manifest.json) | JSON Data | Machine, WSL ID, package name, and rclone command strings. |
./docs/windows_rclone_transfer_guide.md:24:| [`tools/windows_rclone_sync.bat`](file:///home/fekerr/src/irislime/tools/windows_rclone_sync.bat) | Batch Script | Single-click Windows command script to copy & verify via `rclone.exe`. |
./docs/windows_rclone_transfer_guide.md:25:| [`tools/windows_rclone_sync.ps1`](file:///home/fekerr/src/irislime/tools/windows_rclone_sync.ps1) | PowerShell | Interactive PowerShell script with colored output and verification checks. |
./docs/windows_rclone_transfer_guide.md:26:| [`tools/generate_windows_rclone_manifest.py`](file:///home/fekerr/src/irislime/tools/generate_windows_rclone_manifest.py) | Python Script | Generator tool to refresh manifests for new log archival passes. |
./fekerr-dev/irislime_ubu26_init/provision_user.sh:64:USER_HOME="/home/${TARGET_USER}"
./fekerr-dev/irislime_ubu26_init/bootstrap_ubu26_root.sh:37:USER_HOME="/home/${TARGET_USER}"
./fekerr-dev/irislime_ubu26_init/bootstrap_ubu26_root.sh:58:if ! grep -q 'export PATH="/home/fekerr/.local/bin:$PATH"' "${BASHRC}"; then
./fekerr-dev/irislime_ubu26_init/bootstrap_ubu26_root.sh:59:    echo 'export PATH="/home/fekerr/.local/bin:$PATH"' >> "${BASHRC}"
./fekerr-dev/tools/idle_sync.toml:6:local_sync_source = "/home/fekerr/src/fekerr-dev/logs"
./fekerr-dev/ps7/provision_container.ps1:107:mkdir -p /home/fekerr/.ssh
./fekerr-dev/ps7/provision_container.ps1:108:chmod 0700 /home/fekerr/.ssh
./fekerr-dev/ps7/provision_container.ps1:109:touch /home/fekerr/.ssh/authorized_keys
./fekerr-dev/ps7/provision_container.ps1:110:chmod 0600 /home/fekerr/.ssh/authorized_keys
./fekerr-dev/ps7/provision_container.ps1:111:chown -R fekerr:fekerr /home/fekerr
./fekerr-dev/bootstrap_env:125:files2clip=uv run python /home/fekerr/src/fekerr-dev/tools/files2clip.py
./fekerr-dev/bootstrap_env:126:pipe2clip=uv run python /home/fekerr/src/fekerr-dev/tools/pipe2clip.py
./fekerr-dev/bootstrap_env:127:sign=uv run python /home/fekerr/src/fekerr-dev/tools/hash_signer.py sign
./fekerr-dev/bootstrap_env:128:verify=uv run python /home/fekerr/src/fekerr-dev/tools/hash_signer.py verify
./scratch/traces/strace_012.txt:101:openat(AT_FDCWD, "/home/fekerr/src/irislime/build/sycl/bin/glibc-hwcaps/x86-64-v3/libllama-completion-impl.so", O_RDONLY|O_CLOEXEC) = -1 ENOENT (No such file or directory)
./scratch/traces/strace_012.txt:102:newfstatat(AT_FDCWD, "/home/fekerr/src/irislime/build/sycl/bin/glibc-hwcaps/x86-64-v3/", 0x7ffda2a1fda0, 0) = -1 ENOENT (No such file or directory)
./scratch/traces/strace_012.txt:103:openat(AT_FDCWD, "/home/fekerr/src/irislime/build/sycl/bin/glibc-hwcaps/x86-64-v2/libllama-completion-impl.so", O_RDONLY|O_CLOEXEC) = -1 ENOENT (No such file or directory)
./scratch/traces/strace_012.txt:104:newfstatat(AT_FDCWD, "/home/fekerr/src/irislime/build/sycl/bin/glibc-hwcaps/x86-64-v2/", 0x7ffda2a1fda0, 0) = -1 ENOENT (No such file or directory)
./scratch/traces/strace_012.txt:105:openat(AT_FDCWD, "/home/fekerr/src/irislime/build/sycl/bin/libllama-completion-impl.so", O_RDONLY|O_CLOEXEC) = 3
./scratch/traces/strace_012.txt:129:openat(AT_FDCWD, "/home/fekerr/src/irislime/build/sycl/bin/libllama-common.so.0", O_RDONLY|O_CLOEXEC) = 3
./scratch/traces/strace_012.txt:154:openat(AT_FDCWD, "/home/fekerr/src/irislime/build/sycl/bin/libllama.so.0", O_RDONLY|O_CLOEXEC) = 3
./scratch/traces/strace_012.txt:178:openat(AT_FDCWD, "/home/fekerr/src/irislime/build/sycl/bin/libggml.so.0", O_RDONLY|O_CLOEXEC) = 3
./scratch/traces/strace_012.txt:203:openat(AT_FDCWD, "/home/fekerr/src/irislime/build/sycl/bin/libggml-cpu.so.0", O_RDONLY|O_CLOEXEC) = 3
./scratch/traces/strace_012.txt:228:openat(AT_FDCWD, "/home/fekerr/src/irislime/build/sycl/bin/libggml-sycl.so.0", O_RDONLY|O_CLOEXEC) = 3
./scratch/traces/strace_012.txt:253:openat(AT_FDCWD, "/home/fekerr/src/irislime/build/sycl/bin/libggml-base.so.0", O_RDONLY|O_CLOEXEC) = 3
./scratch/traces/strace_012.txt:277:openat(AT_FDCWD, "/home/fekerr/src/irislime/build/sycl/bin/libstdc++.so.6", O_RDONLY|O_CLOEXEC) = -1 ENOENT (No such file or directory)
./scratch/traces/strace_012.txt:310:openat(AT_FDCWD, "/home/fekerr/src/irislime/build/sycl/bin/libm.so.6", O_RDONLY|O_CLOEXEC) = -1 ENOENT (No such file or directory)
./scratch/traces/strace_012.txt:339:openat(AT_FDCWD, "/home/fekerr/src/irislime/build/sycl/bin/libgcc_s.so.1", O_RDONLY|O_CLOEXEC) = -1 ENOENT (No such file or directory)
./scratch/traces/strace_012.txt:367:openat(AT_FDCWD, "/home/fekerr/src/irislime/build/sycl/bin/libc.so.6", O_RDONLY|O_CLOEXEC) = -1 ENOENT (No such file or directory)
./scratch/traces/strace_012.txt:481:openat(AT_FDCWD, "/home/fekerr/src/irislime/build/sycl/bin/libssl.so.3", O_RDONLY|O_CLOEXEC) = -1 ENOENT (No such file or directory)
./scratch/traces/strace_012.txt:509:openat(AT_FDCWD, "/home/fekerr/src/irislime/build/sycl/bin/libcrypto.so.3", O_RDONLY|O_CLOEXEC) = -1 ENOENT (No such file or directory)
./scratch/traces/strace_012.txt:561:openat(AT_FDCWD, "/home/fekerr/src/irislime/build/sycl/bin/libze_loader.so.1", O_RDONLY|O_CLOEXEC) = -1 ENOENT (No such file or directory)
./scratch/traces/strace_012.txt:904:getcwd("/home/fekerr/src/irislime", 4096) = 26
./scratch/traces/strace_012.txt:905:getcwd("/home/fekerr/src/irislime", 4096) = 26
./scratch/traces/strace_012.txt:906:getcwd("/home/fekerr/src/irislime", 4096) = 26
./scratch/traces/strace_012.txt:1421:getcwd("/home/fekerr/src/irislime", 4096) = 26
./scratch/traces/strace_012.txt:1464:getcwd("/home/fekerr/src/irislime", 4096) = 26
./scratch/traces/strace_012.txt:1568:getcwd("/home/fekerr/src/irislime", 4096) = 26
./scratch/traces/run_test_003.txt:10:Current Working Path: /home/fekerr/src/irislime
./scratch/traces/run_test_003.txt:64:Engine Fork Path: /home/fekerr/src/llama.cpp
./scratch/traces/strace_260630_0119.txt:89:openat(AT_FDCWD, "/home/fekerr/src/irislime/build/sycl/bin/glibc-hwcaps/x86-64-v3/libllama-common.so.0", O_RDONLY|O_CLOEXEC) = -1 ENOENT (No such file or directory)
./scratch/traces/strace_260630_0119.txt:90:newfstatat(AT_FDCWD, "/home/fekerr/src/irislime/build/sycl/bin/glibc-hwcaps/x86-64-v3/", 0x7ffcbafe66f0, 0) = -1 ENOENT (No such file or directory)
./scratch/traces/strace_260630_0119.txt:91:openat(AT_FDCWD, "/home/fekerr/src/irislime/build/sycl/bin/glibc-hwcaps/x86-64-v2/libllama-common.so.0", O_RDONLY|O_CLOEXEC) = -1 ENOENT (No such file or directory)
./scratch/traces/strace_260630_0119.txt:92:newfstatat(AT_FDCWD, "/home/fekerr/src/irislime/build/sycl/bin/glibc-hwcaps/x86-64-v2/", 0x7ffcbafe66f0, 0) = -1 ENOENT (No such file or directory)
./scratch/traces/strace_260630_0119.txt:93:openat(AT_FDCWD, "/home/fekerr/src/irislime/build/sycl/bin/libllama-common.so.0", O_RDONLY|O_CLOEXEC) = 3
./scratch/traces/strace_260630_0119.txt:116:openat(AT_FDCWD, "/home/fekerr/src/irislime/build/sycl/bin/libllama.so.0", O_RDONLY|O_CLOEXEC) = 3
./scratch/traces/strace_260630_0119.txt:138:openat(AT_FDCWD, "/home/fekerr/src/irislime/build/sycl/bin/libggml.so.0", O_RDONLY|O_CLOEXEC) = 3
./scratch/traces/strace_260630_0119.txt:160:openat(AT_FDCWD, "/home/fekerr/src/irislime/build/sycl/bin/libggml-cpu.so.0", O_RDONLY|O_CLOEXEC) = 3
./scratch/traces/strace_260630_0119.txt:184:openat(AT_FDCWD, "/home/fekerr/src/irislime/build/sycl/bin/libggml-sycl.so.0", O_RDONLY|O_CLOEXEC) = 3
./scratch/traces/strace_260630_0119.txt:207:openat(AT_FDCWD, "/home/fekerr/src/irislime/build/sycl/bin/libggml-base.so.0", O_RDONLY|O_CLOEXEC) = 3
./scratch/traces/strace_260630_0119.txt:229:openat(AT_FDCWD, "/home/fekerr/src/irislime/build/sycl/bin/libstdc++.so.6", O_RDONLY|O_CLOEXEC) = -1 ENOENT (No such file or directory)
./scratch/traces/strace_260630_0119.txt:260:openat(AT_FDCWD, "/home/fekerr/src/irislime/build/sycl/bin/libm.so.6", O_RDONLY|O_CLOEXEC) = -1 ENOENT (No such file or directory)
./scratch/traces/strace_260630_0119.txt:286:openat(AT_FDCWD, "/home/fekerr/src/irislime/build/sycl/bin/libgcc_s.so.1", O_RDONLY|O_CLOEXEC) = -1 ENOENT (No such file or directory)
./scratch/traces/strace_260630_0119.txt:312:openat(AT_FDCWD, "/home/fekerr/src/irislime/build/sycl/bin/libc.so.6", O_RDONLY|O_CLOEXEC) = -1 ENOENT (No such file or directory)
./scratch/traces/strace_260630_0119.txt:342:openat(AT_FDCWD, "/home/fekerr/src/irislime/build/sycl/bin/libssl.so.3", O_RDONLY|O_CLOEXEC) = -1 ENOENT (No such file or directory)
./scratch/traces/strace_260630_0119.txt:368:openat(AT_FDCWD, "/home/fekerr/src/irislime/build/sycl/bin/libcrypto.so.3", O_RDONLY|O_CLOEXEC) = -1 ENOENT (No such file or directory)
./scratch/traces/strace_260630_0119.txt:501:openat(AT_FDCWD, "/home/fekerr/src/irislime/build/sycl/bin/libze_loader.so.1", O_RDONLY|O_CLOEXEC) = -1 ENOENT (No such file or directory)
./scratch/traces/strace_260630_0119.txt:811:read(3, "=LAPTOP-AJPE53SG\0PWD=/home/feker"..., 1020) = 1020
./scratch/traces/strace_260630_0119.txt:813:read(3, "XTRACT_BASE_DIR=/home/fekerr/.ca"..., 1009) = 1009
./scratch/traces/strace_260630_0119.txt:832:getcwd("/home/fekerr/src/irislime", 4096) = 26
./scratch/traces/strace_260630_0119.txt:833:getcwd("/home/fekerr/src/irislime", 4096) = 26
./scratch/traces/strace_260630_0119.txt:834:getcwd("/home/fekerr/src/irislime", 4096) = 26
./scratch/traces/strace_260630_0119.txt:846:read(3, "=LAPTOP-AJPE53SG\0PWD=/home/feker"..., 1020) = 1020
./scratch/traces/strace_260630_0119.txt:848:read(3, "XTRACT_BASE_DIR=/home/fekerr/.ca"..., 1009) = 1009
./scratch/traces/strace_260630_0119.txt:877:read(3, "=LAPTOP-AJPE53SG\0PWD=/home/feker"..., 1020) = 1020
./scratch/traces/strace_260630_0119.txt:879:read(3, "XTRACT_BASE_DIR=/home/fekerr/.ca"..., 1009) = 1009
./scratch/traces/strace_260630_0119.txt:1343:getcwd("/home/fekerr/src/irislime", 4096) = 26
./scratch/traces/strace_260630_0119.txt:1386:getcwd("/home/fekerr/src/irislime", 4096) = 26
./scratch/traces/strace_260630_0119.txt:1419:read(3, "=LAPTOP-AJPE53SG\0PWD=/home/feker"..., 1020) = 1020
./scratch/traces/strace_260630_0119.txt:1421:read(3, "XTRACT_BASE_DIR=/home/fekerr/.ca"..., 1009) = 1009
./scratch/traces/strace_260630_0119.txt:1465:getcwd("/home/fekerr/src/irislime", 4096) = 26
./scratch/traces/strace_012_001.txt:101:openat(AT_FDCWD, "/home/fekerr/src/irislime/build/sycl/bin/glibc-hwcaps/x86-64-v3/libllama-completion-impl.so", O_RDONLY|O_CLOEXEC) = -1 ENOENT (No such file or directory)
./scratch/traces/strace_012_001.txt:102:newfstatat(AT_FDCWD, "/home/fekerr/src/irislime/build/sycl/bin/glibc-hwcaps/x86-64-v3/", 0x7ffd1d1d2930, 0) = -1 ENOENT (No such file or directory)
./scratch/traces/strace_012_001.txt:103:openat(AT_FDCWD, "/home/fekerr/src/irislime/build/sycl/bin/glibc-hwcaps/x86-64-v2/libllama-completion-impl.so", O_RDONLY|O_CLOEXEC) = -1 ENOENT (No such file or directory)
./scratch/traces/strace_012_001.txt:104:newfstatat(AT_FDCWD, "/home/fekerr/src/irislime/build/sycl/bin/glibc-hwcaps/x86-64-v2/", 0x7ffd1d1d2930, 0) = -1 ENOENT (No such file or directory)
./scratch/traces/strace_012_001.txt:105:openat(AT_FDCWD, "/home/fekerr/src/irislime/build/sycl/bin/libllama-completion-impl.so", O_RDONLY|O_CLOEXEC) = 3
./scratch/traces/strace_012_001.txt:129:openat(AT_FDCWD, "/home/fekerr/src/irislime/build/sycl/bin/libllama-common.so.0", O_RDONLY|O_CLOEXEC) = 3
./scratch/traces/strace_012_001.txt:154:openat(AT_FDCWD, "/home/fekerr/src/irislime/build/sycl/bin/libllama.so.0", O_RDONLY|O_CLOEXEC) = 3
./scratch/traces/strace_012_001.txt:178:openat(AT_FDCWD, "/home/fekerr/src/irislime/build/sycl/bin/libggml.so.0", O_RDONLY|O_CLOEXEC) = 3
./scratch/traces/strace_012_001.txt:203:openat(AT_FDCWD, "/home/fekerr/src/irislime/build/sycl/bin/libggml-cpu.so.0", O_RDONLY|O_CLOEXEC) = 3
./scratch/traces/strace_012_001.txt:228:openat(AT_FDCWD, "/home/fekerr/src/irislime/build/sycl/bin/libggml-sycl.so.0", O_RDONLY|O_CLOEXEC) = 3
./scratch/traces/strace_012_001.txt:253:openat(AT_FDCWD, "/home/fekerr/src/irislime/build/sycl/bin/libggml-base.so.0", O_RDONLY|O_CLOEXEC) = 3
./scratch/traces/strace_012_001.txt:277:openat(AT_FDCWD, "/home/fekerr/src/irislime/build/sycl/bin/libstdc++.so.6", O_RDONLY|O_CLOEXEC) = -1 ENOENT (No such file or directory)
./scratch/traces/strace_012_001.txt:310:openat(AT_FDCWD, "/home/fekerr/src/irislime/build/sycl/bin/libm.so.6", O_RDONLY|O_CLOEXEC) = -1 ENOENT (No such file or directory)
./scratch/traces/strace_012_001.txt:339:openat(AT_FDCWD, "/home/fekerr/src/irislime/build/sycl/bin/libgcc_s.so.1", O_RDONLY|O_CLOEXEC) = -1 ENOENT (No such file or directory)
./scratch/traces/strace_012_001.txt:367:openat(AT_FDCWD, "/home/fekerr/src/irislime/build/sycl/bin/libc.so.6", O_RDONLY|O_CLOEXEC) = -1 ENOENT (No such file or directory)
./scratch/traces/strace_012_001.txt:481:openat(AT_FDCWD, "/home/fekerr/src/irislime/build/sycl/bin/libssl.so.3", O_RDONLY|O_CLOEXEC) = -1 ENOENT (No such file or directory)
./scratch/traces/strace_012_001.txt:509:openat(AT_FDCWD, "/home/fekerr/src/irislime/build/sycl/bin/libcrypto.so.3", O_RDONLY|O_CLOEXEC) = -1 ENOENT (No such file or directory)
./scratch/traces/strace_012_001.txt:561:openat(AT_FDCWD, "/home/fekerr/src/irislime/build/sycl/bin/libze_loader.so.1", O_RDONLY|O_CLOEXEC) = -1 ENOENT (No such file or directory)
./scratch/traces/strace_012_001.txt:907:getcwd("/home/fekerr/src/irislime", 4096) = 26
./scratch/traces/strace_012_001.txt:908:getcwd("/home/fekerr/src/irislime", 4096) = 26
./scratch/traces/strace_012_001.txt:909:getcwd("/home/fekerr/src/irislime", 4096) = 26
./scratch/traces/strace_012_001.txt:1430:getcwd("/home/fekerr/src/irislime", 4096) = 26
./scratch/traces/strace_012_001.txt:1473:getcwd("/home/fekerr/src/irislime", 4096) = 26
./scratch/traces/strace_012_001.txt:1580:getcwd("/home/fekerr/src/irislime", 4096) = 26
./scratch/traces/strace_012_001.txt:2133:readlink("/proc/self/exe", "/home/fekerr/src/irislime/build/"..., 511) = 57
./scratch/traces/strace_012_001.txt:2156:newfstatat(AT_FDCWD, "/home/fekerr/.cache/", {st_mode=S_IFDIR|0700, st_size=4096, ...}, 0) = 0
./scratch/traces/strace_012_001.txt:2157:newfstatat(AT_FDCWD, "/home/fekerr/.cache/", {st_mode=S_IFDIR|0700, st_size=4096, ...}, 0) = 0
./scratch/traces/strace_012_001.txt:2158:newfstatat(AT_FDCWD, "/home/fekerr/.cache/neo_compiler_cache", {st_mode=S_IFDIR|0755, st_size=4096, ...}, 0) = 0
./scratch/traces/strace_012_001.txt:13567:openat(AT_FDCWD, "/home/fekerr/.cache/neo_compiler_cache/5782ef8b5611eee1.cl_cache", O_RDONLY) = 4
./scratch/traces/strace_012_001.txt:14077:openat(AT_FDCWD, "/home/fekerr/.cache/neo_compiler_cache/f5abd7029796b9a8.cl_cache", O_RDONLY) = 4
./scratch/traces/strace_012_001.txt:14159:openat(AT_FDCWD, "/home/fekerr/.cache/neo_compiler_cache/1f32d8a3ea03f034.cl_cache", O_RDONLY) = 4
./scratch/traces/strace_012_001.txt:14192:openat(AT_FDCWD, "/home/fekerr/.cache/neo_compiler_cache/6a21e05a2e35f500.cl_cache", O_RDONLY) = 4
./scratch/traces/strace_012_001.txt:14762:openat(AT_FDCWD, "/home/fekerr/.cache/neo_compiler_cache/d6ff21d65592aec8.cl_cache", O_RDONLY) = 4
./scratch/traces/strace_012_001.txt:14878:openat(AT_FDCWD, "/home/fekerr/.cache/neo_compiler_cache/4f99f821de886331.cl_cache", O_RDONLY) = 4
./scratch/traces/strace_012_001.txt:14901:openat(AT_FDCWD, "/home/fekerr/.cache/neo_compiler_cache/64dbf188bf5d2603.cl_cache", O_RDONLY) = 4
./scratch/traces/strace_012_001.txt:15126:openat(AT_FDCWD, "/home/fekerr/.cache/neo_compiler_cache/a2fd20c03df5bb74.cl_cache", O_RDONLY) = 4
./scratch/test_gen/Makefile:60:CMAKE_SOURCE_DIR = /home/fekerr/src/irislime/scratch/test_gen
./scratch/test_gen/Makefile:63:CMAKE_BINARY_DIR = /home/fekerr/src/irislime/scratch/test_gen
./scratch/test_gen/Makefile:90:	$(CMAKE_COMMAND) -E cmake_progress_start /home/fekerr/src/irislime/scratch/test_gen/CMakeFiles /home/fekerr/src/irislime/scratch/test_gen//CMakeFiles/progress.marks
./scratch/test_gen/Makefile:92:	$(CMAKE_COMMAND) -E cmake_progress_start /home/fekerr/src/irislime/scratch/test_gen/CMakeFiles 0
./.github/agents/senior-systems-validator.agent.md:97:- Check OpenVINO version drift between `/home/fekerr/src/openvino/build/` and the
./rclone_20260714_1240p_metadata.sh:42:"${RCLONE_CMD[@]}" copy /home/fekerr/src/irislime \
./logs/tests/smoke_help_20260710_071328.json:751:        "    /home/fekerr/src/irislime/build/openvino_debug/bin/llama-batched -m model.gguf -p \"Hello my name is\" -n 32 -np 4",
./logs/tests/smoke_help_20260710_071328.json:1073:        "    /home/fekerr/src/irislime/build/openvino_debug/bin/llama-batched-bench -m model.gguf -c 2048 -b 2048 -ub 512 -npp 128,256,512 -ntg 128,256 -npl 1,2,4,8,16,32 [-pps]",
./logs/tests/smoke_help_20260710_071328.json:1088:        "load_backend: failed to find ggml_backend_init in /home/fekerr/src/irislime/build/openvino_debug/bin/libggml-cpu.so",
./logs/tests/smoke_help_20260710_071328.json:1089:        "usage: /home/fekerr/src/irislime/build/openvino_debug/bin/llama-bench [options]",
./logs/tests/smoke_help_20260710_071328.json:2080:        "  text generation:     /home/fekerr/src/irislime/build/openvino_debug/bin/llama-completion -m your_model.gguf -p \"I believe the meaning of life is\" -n 128 -no-cnv",
./logs/tests/smoke_help_20260710_071328.json:2082:        "  chat (conversation): /home/fekerr/src/irislime/build/openvino_debug/bin/llama-completion -m your_model.gguf -sys \"You are a helpful assistant\"",
./logs/tests/smoke_help_20260710_071328.json:2093:        "usage: /home/fekerr/src/irislime/build/openvino_debug/bin/llama-convert-llama2c-to-ggml [options]",
./logs/tests/smoke_help_20260710_071328.json:2419:        "    CPU only:   /home/fekerr/src/irislime/build/openvino_debug/bin/llama-cvector-generator -m ./llama-3.Q4_K_M.gguf",
./logs/tests/smoke_help_20260710_071328.json:2421:        "    with GPU:   /home/fekerr/src/irislime/build/openvino_debug/bin/llama-cvector-generator -m ./llama-3.Q4_K_M.gguf -ngl 99",
./logs/tests/smoke_help_20260710_071328.json:2423:        "    advanced:   /home/fekerr/src/irislime/build/openvino_debug/bin/llama-cvector-generator -m ./llama-3.Q4_K_M.gguf -ngl 99 --pca-iter 2000 --pca-batch 100",
./logs/tests/smoke_help_20260710_071328.json:2425:        "    using mean: /home/fekerr/src/irislime/build/openvino_debug/bin/llama-cvector-generator -m ./llama-3.Q4_K_M.gguf --method mean",
./logs/tests/smoke_help_20260710_071328.json:2750:        "  /home/fekerr/src/irislime/build/openvino_debug/bin/llama-debug -m model.gguf -p \"Hello my name is\" --verbose",
./logs/tests/smoke_help_20260710_071328.json:2756:        "  /home/fekerr/src/irislime/build/openvino_debug/bin/llama-debug -m model.gguf -p \"Hello my name is\" --save-logits",
./logs/tests/smoke_help_20260710_071328.json:4024:        "  /home/fekerr/src/irislime/build/openvino_debug/bin/llama-export-lora -m base-model.gguf --lora lora-file.gguf -o merged-model-f16.gguf",
./logs/tests/smoke_help_20260710_071328.json:4688:        "usage: /home/fekerr/src/irislime/build/openvino_debug/bin/llama-gguf data.gguf r|w [n]",
./logs/tests/smoke_help_20260710_071328.json:4713:        "usage: /home/fekerr/src/irislime/build/openvino_debug/bin/llama-gguf-split [options] GGUF_IN GGUF_OUT",
./logs/tests/smoke_help_20260710_071328.json:5031:        "    /home/fekerr/src/irislime/build/openvino_debug/bin/llama-idle -m model.gguf [-ngl n_gpu_layers]",
./logs/tests/smoke_help_20260710_071328.json:5356:        "    /home/fekerr/src/irislime/build/openvino_debug/bin/llama-imatrix \\",
./logs/tests/smoke_help_20260710_071328.json:6343:        "Usage: /home/fekerr/src/irislime/build/openvino_debug/bin/llama-lookup-merge [--help] lookup_part_1.bin lookup_part_2.bin ... lookup_merged.bin"
./logs/tests/smoke_help_20260710_071328.json:7034:        "Usage: /home/fekerr/src/irislime/build/openvino_debug/bin/llama-mtmd-cli [options] -m <model> --mmproj <mmproj> --image <image> --audio <audio> -p <prompt>",
./logs/tests/smoke_help_20260710_071328.json:7390:        "Usage: /home/fekerr/src/irislime/build/openvino_debug/bin/llama-mtmd-debug -m <model> --mmproj <mmproj> -p <mode> -n <size> --image <image> --audio <audio>",
./logs/tests/smoke_help_20260710_071328.json:8040:        "    /home/fekerr/src/irislime/build/openvino_debug/bin/llama-passkey -m model.gguf --junk 250 --pos 90 --keep 32 --grp-attn-n 2 [--seed 1234]",
./logs/tests/smoke_help_20260710_071328.json:8394:        "usage: /home/fekerr/src/irislime/build/openvino_debug/bin/llama-quantize [--help] [--allow-requantize] [--leave-output-tensor] [--pure] [--imatrix] [--include-weights]",
./logs/tests/smoke_help_20260710_071328.json:9122:        "    /home/fekerr/src/irislime/build/openvino_debug/bin/llama-retrieval --model ./models/bge-base-en-v1.5-f16.gguf --top-k 3 --context-file README.md --context-file License --chunk-size 100 --chunk-separator .",
./logs/tests/smoke_help_20260710_071328.json:9784:        "    /home/fekerr/src/irislime/build/openvino_debug/bin/llama-simple -m model.gguf [-n n_predict] [-ngl n_gpu_layers] [prompt]",
./logs/tests/smoke_help_20260710_071328.json:9798:        "    /home/fekerr/src/irislime/build/openvino_debug/bin/llama-simple-chat -m model.gguf [-c context_size] [-ngl n_gpu_layers]",
./logs/tests/smoke_help_20260710_071328.json:10630:        "Usage: /home/fekerr/src/irislime/build/openvino_debug/bin/llama-template-analysis [options]",
./logs/tests/smoke_help_20260710_071328.json:10638:        "  /home/fekerr/src/irislime/build/openvino_debug/bin/llama-template-analysis --all",
./logs/tests/smoke_help_20260710_071328.json:10639:        "  /home/fekerr/src/irislime/build/openvino_debug/bin/llama-template-analysis --template deepseek",
./logs/tests/smoke_help_20260710_071328.json:10640:        "  /home/fekerr/src/irislime/build/openvino_debug/bin/llama-template-analysis --template-file my-template.jinja"
./logs/tests/smoke_help_20260710_071328.json:10650:        "usage: /home/fekerr/src/irislime/build/openvino_debug/bin/llama-tokenize [options]",
./logs/tests/smoke_help_20260710_071328.json:10985:        "    /home/fekerr/src/irislime/build/openvino_debug/bin/llama-tts -m model.gguf -p \"Hello!\"",
./logs/tests/smoke_help_20260710_071328.json:11143:        "Usage: /home/fekerr/src/irislime/build/openvino_debug/bin/test-backend-ops [mode] [-o <op,..>] [-b <backend>] [-p <params regex>] [--output <console|sql|csv>] [--list-ops] [--show-coverage] [--test-file <path>] [-j <n>]",
./logs/tests/smoke_help_20260710_071328.json:11176:        "test-barrier: /home/fekerr/src/irislime/llama.cpp/ggml/src/ggml-cpu/ggml-cpu.c:2457: ggml_get_n_tasks: Assertion `n_tasks > 0' failed."
./logs/tests/smoke_help_20260710_071328.json:11203:        "/home/fekerr/src/irislime/build/openvino_debug/bin/libggml-base.so.0(+0x848e4) [0x74583549c8e4]",
./logs/tests/smoke_help_20260710_071328.json:11204:        "/home/fekerr/src/irislime/build/openvino_debug/bin/libggml-base.so.0(ggml_print_backtrace+0x272) [0x74583549cb8f]",
./logs/tests/smoke_help_20260710_071328.json:11205:        "/home/fekerr/src/irislime/build/openvino_debug/bin/libggml-base.so.0(+0x9bef0) [0x7458354b3ef0]",
./logs/tests/smoke_help_20260710_071328.json:11209:        "/home/fekerr/src/irislime/build/openvino_debug/bin/test-chat(+0x120f83) [0x5bb939e89f83]",
./logs/tests/smoke_help_20260710_071328.json:11210:        "/home/fekerr/src/irislime/build/openvino_debug/bin/test-chat(+0x1211df) [0x5bb939e8a1df]",
./logs/tests/smoke_help_20260710_071328.json:11211:        "/home/fekerr/src/irislime/build/openvino_debug/bin/test-chat(+0x174841) [0x5bb939edd841]",
./logs/tests/smoke_help_20260710_071328.json:11212:        "/home/fekerr/src/irislime/build/openvino_debug/bin/test-chat(+0x17948b) [0x5bb939ee248b]",
./logs/tests/smoke_help_20260710_071328.json:11215:        "/home/fekerr/src/irislime/build/openvino_debug/bin/test-chat(+0x11e635) [0x5bb939e87635]",
./logs/tests/smoke_help_20260710_071328.json:11298:        "Usage: /home/fekerr/src/irislime/build/openvino_debug/bin/test-gbnf-validator <grammar_filename> <input_filename>"
./logs/tests/smoke_help_20260710_071328.json:11308:        "/home/fekerr/src/irislime/build/openvino_debug/bin/libggml-base.so.0(+0x848e4) [0x7eb8b685a8e4]",
./logs/tests/smoke_help_20260710_071328.json:11309:        "/home/fekerr/src/irislime/build/openvino_debug/bin/libggml-base.so.0(ggml_print_backtrace+0x272) [0x7eb8b685ab8f]",
./logs/tests/smoke_help_20260710_071328.json:11310:        "/home/fekerr/src/irislime/build/openvino_debug/bin/libggml-base.so.0(+0x9bef0) [0x7eb8b6871ef0]",
./logs/tests/smoke_help_20260710_071328.json:11315:        "/home/fekerr/src/irislime/build/openvino_debug/bin/test-gguf(+0x12591) [0x5c267995f591]",
./logs/tests/smoke_help_20260710_071328.json:11316:        "/home/fekerr/src/irislime/build/openvino_debug/bin/test-gguf(+0x11e65) [0x5c267995ee65]",
./logs/tests/smoke_help_20260710_071328.json:11317:        "/home/fekerr/src/irislime/build/openvino_debug/bin/test-gguf(+0x11661) [0x5c267995e661]",
./logs/tests/smoke_help_20260710_071328.json:11320:        "/home/fekerr/src/irislime/build/openvino_debug/bin/test-gguf(+0x9ce5) [0x5c2679956ce5]",
./logs/tests/smoke_help_20260710_071328.json:11333:        "gguf_fetch: loaded from cache: /home/fekerr/.cache/llama.cpp/gguf-headers//ggml-org_Qwen3-0.6B-GGUF--Qwen3-0.6B-Q8_0.gguf.partial",
./logs/tests/smoke_help_20260710_071328.json:11345:        "gguf_fetch: loaded from cache: /home/fekerr/.cache/llama.cpp/gguf-headers//ggml-org_Qwen3-0.6B-GGUF--Qwen3-0.6B-Q8_0.gguf.partial",
./logs/tests/smoke_help_20260710_071328.json:11346:        "gguf_fetch: loaded from cache: /home/fekerr/.cache/llama.cpp/gguf-headers//ggml-org_GLM-4.6V-GGUF--GLM-4.6V-Q8_0-00001-of-00003.gguf.partial",
./logs/tests/smoke_help_20260710_071328.json:11348:        "gguf_fetch: loaded from cache: /home/fekerr/.cache/llama.cpp/gguf-headers//ggml-org_GLM-4.6V-GGUF--GLM-4.6V-Q8_0-00002-of-00003.gguf.partial",
./logs/tests/smoke_help_20260710_071328.json:11349:        "gguf_fetch: loaded from cache: /home/fekerr/.cache/llama.cpp/gguf-headers//ggml-org_GLM-4.6V-GGUF--GLM-4.6V-Q8_0-00003-of-00003.gguf.partial",
./logs/tests/smoke_help_20260710_071328.json:11361:        "gguf_fetch: loaded from cache: /home/fekerr/.cache/llama.cpp/gguf-headers//ggml-org_Step-3.5-Flash-GGUF--Step-3.5-Flash-Q4_K.gguf.partial",
./logs/tests/smoke_help_20260710_071328.json:12662:        "python: can't open file '/home/fekerr/src/irislime/build/openvino_debug/bin/./examples/json_schema_to_grammar.py': [Errno 2] No such file or directory",
./logs/tests/smoke_help_20260710_071328.json:12672:        "test-json-schema-to-grammar: /home/fekerr/src/irislime/llama.cpp/tests/test-json-schema-to-grammar.cpp:62: void TestCase::verify_status(TestCaseStatus) const: Assertion `false' failed."
./logs/tests/smoke_help_20260710_071328.json:18965:        "load_backend: failed to find ggml_backend_init in /home/fekerr/src/irislime/build/openvino_debug/bin/libggml-cpu.so",
./logs/tests/smoke_help_20260710_071328.json:19553:        "  /home/fekerr/src/irislime/build/openvino_debug/bin/test-quant-type-selection --generate"
./logs/tests/smoke_help_20260710_071328.json:19575:        "usage: /home/fekerr/src/irislime/build/openvino_debug/bin/test-quantize-perf [options]",
./logs/tests/smoke_help_20260710_071328.json:19598:        "usage: /home/fekerr/src/irislime/build/openvino_debug/bin/test-quantize-stats [options]",
./logs/tests/smoke_help_20260710_071328.json:20146:        "/home/fekerr/src/irislime/llama.cpp/tests/test-sampling.cpp:67 (test_temp)",
./logs/tests/smoke_help_20260710_071328.json:20152:        "/home/fekerr/src/irislime/llama.cpp/tests/test-sampling.cpp:70 (test_temp)",
./logs/tests/smoke_help_20260710_071328.json:20158:        "/home/fekerr/src/irislime/llama.cpp/tests/test-sampling.cpp:67 (test_temp)",
./logs/tests/smoke_help_20260710_071328.json:20164:        "/home/fekerr/src/irislime/llama.cpp/tests/test-sampling.cpp:70 (test_temp)",
./logs/tests/smoke_help_20260710_071328.json:20170:        "/home/fekerr/src/irislime/llama.cpp/tests/test-sampling.cpp:78 (test_temp_ext)",
./logs/tests/smoke_help_20260710_071328.json:20176:        "/home/fekerr/src/irislime/llama.cpp/tests/test-sampling.cpp:81 (test_temp_ext)",
./logs/tests/smoke_help_20260710_071328.json:20182:        "/home/fekerr/src/irislime/llama.cpp/tests/test-sampling.cpp:78 (test_temp_ext)",
./logs/tests/smoke_help_20260710_071328.json:20188:        "/home/fekerr/src/irislime/llama.cpp/tests/test-sampling.cpp:81 (test_temp_ext)",
./logs/tests/smoke_help_20260710_071328.json:20194:        "/home/fekerr/src/irislime/llama.cpp/tests/test-sampling.cpp:89 (test_top_k)",
./logs/tests/smoke_help_20260710_071328.json:20200:        "/home/fekerr/src/irislime/llama.cpp/tests/test-sampling.cpp:92 (test_top_k)",
./logs/tests/smoke_help_20260710_071328.json:20203:        "/home/fekerr/src/irislime/llama.cpp/tests/test-sampling.cpp:89 (test_top_k)",
./logs/tests/smoke_help_20260710_071328.json:20209:        "/home/fekerr/src/irislime/llama.cpp/tests/test-sampling.cpp:92 (test_top_k)",
./logs/tests/smoke_help_20260710_071328.json:20214:        "/home/fekerr/src/irislime/llama.cpp/tests/test-sampling.cpp:89 (test_top_k)",
./logs/tests/smoke_help_20260710_071328.json:20220:        "/home/fekerr/src/irislime/llama.cpp/tests/test-sampling.cpp:92 (test_top_k)",
./logs/tests/smoke_help_20260710_071328.json:20226:        "/home/fekerr/src/irislime/llama.cpp/tests/test-sampling.cpp:89 (test_top_k)",
./logs/tests/smoke_help_20260710_071328.json:20232:        "/home/fekerr/src/irislime/llama.cpp/tests/test-sampling.cpp:92 (test_top_k)",
./logs/tests/smoke_help_20260710_071328.json:20238:        "/home/fekerr/src/irislime/llama.cpp/tests/test-sampling.cpp:100 (test_top_p)",
./logs/tests/smoke_help_20260710_071328.json:20244:        "/home/fekerr/src/irislime/llama.cpp/tests/test-sampling.cpp:103 (test_top_p)",
./logs/tests/smoke_help_20260710_071328.json:20247:        "/home/fekerr/src/irislime/llama.cpp/tests/test-sampling.cpp:100 (test_top_p)",
./logs/tests/smoke_help_20260710_071328.json:20253:        "/home/fekerr/src/irislime/llama.cpp/tests/test-sampling.cpp:103 (test_top_p)",
./logs/tests/smoke_help_20260710_071328.json:20257:        "/home/fekerr/src/irislime/llama.cpp/tests/test-sampling.cpp:100 (test_top_p)",
./logs/tests/smoke_help_20260710_071328.json:20263:        "/home/fekerr/src/irislime/llama.cpp/tests/test-sampling.cpp:103 (test_top_p)",
./logs/tests/smoke_help_20260710_071328.json:20268:        "/home/fekerr/src/irislime/llama.cpp/tests/test-sampling.cpp:100 (test_top_p)",
./logs/tests/smoke_help_20260710_071328.json:20274:        "/home/fekerr/src/irislime/llama.cpp/tests/test-sampling.cpp:103 (test_top_p)",
./logs/tests/smoke_help_20260710_071328.json:20280:        "/home/fekerr/src/irislime/llama.cpp/tests/test-sampling.cpp:111 (test_min_p)",
./logs/tests/smoke_help_20260710_071328.json:20286:        "/home/fekerr/src/irislime/llama.cpp/tests/test-sampling.cpp:114 (test_min_p)",
./logs/tests/smoke_help_20260710_071328.json:20292:        "/home/fekerr/src/irislime/llama.cpp/tests/test-sampling.cpp:111 (test_min_p)",
./logs/tests/smoke_help_20260710_071328.json:20298:        "/home/fekerr/src/irislime/llama.cpp/tests/test-sampling.cpp:114 (test_min_p)",
./logs/tests/smoke_help_20260710_071328.json:20304:        "/home/fekerr/src/irislime/llama.cpp/tests/test-sampling.cpp:111 (test_min_p)",
./logs/tests/smoke_help_20260710_071328.json:20310:        "/home/fekerr/src/irislime/llama.cpp/tests/test-sampling.cpp:114 (test_min_p)",
./logs/tests/smoke_help_20260710_071328.json:20315:        "/home/fekerr/src/irislime/llama.cpp/tests/test-sampling.cpp:111 (test_min_p)",
./logs/tests/smoke_help_20260710_071328.json:20321:        "/home/fekerr/src/irislime/llama.cpp/tests/test-sampling.cpp:114 (test_min_p)",
./logs/tests/smoke_help_20260710_071328.json:20326:        "/home/fekerr/src/irislime/llama.cpp/tests/test-sampling.cpp:111 (test_min_p)",
./logs/tests/smoke_help_20260710_071328.json:20332:        "/home/fekerr/src/irislime/llama.cpp/tests/test-sampling.cpp:114 (test_min_p)",
./logs/tests/smoke_help_20260710_071328.json:20336:        "/home/fekerr/src/irislime/llama.cpp/tests/test-sampling.cpp:111 (test_min_p)",
./logs/tests/smoke_help_20260710_071328.json:20342:        "/home/fekerr/src/irislime/llama.cpp/tests/test-sampling.cpp:114 (test_min_p)",
./logs/tests/smoke_help_20260710_071328.json:20346:        "/home/fekerr/src/irislime/llama.cpp/tests/test-sampling.cpp:111 (test_min_p)",
./logs/tests/smoke_help_20260710_071328.json:20352:        "/home/fekerr/src/irislime/llama.cpp/tests/test-sampling.cpp:114 (test_min_p)",
./logs/tests/smoke_help_20260710_071328.json:20355:        "/home/fekerr/src/irislime/llama.cpp/tests/test-sampling.cpp:111 (test_min_p)",
./logs/tests/smoke_help_20260710_071328.json:20361:        "/home/fekerr/src/irislime/llama.cpp/tests/test-sampling.cpp:114 (test_min_p)",
./logs/tests/smoke_help_20260710_071328.json:20364:        "/home/fekerr/src/irislime/llama.cpp/tests/test-sampling.cpp:111 (test_min_p)",
./logs/tests/smoke_help_20260710_071328.json:20370:        "/home/fekerr/src/irislime/llama.cpp/tests/test-sampling.cpp:114 (test_min_p)",
./logs/tests/smoke_help_20260710_071328.json:20374:        "/home/fekerr/src/irislime/llama.cpp/tests/test-sampling.cpp:122 (test_xtc)",
./logs/tests/smoke_help_20260710_071328.json:20380:        "/home/fekerr/src/irislime/llama.cpp/tests/test-sampling.cpp:124 (test_xtc)",
./logs/tests/smoke_help_20260710_071328.json:20383:        "/home/fekerr/src/irislime/llama.cpp/tests/test-sampling.cpp:122 (test_xtc)",
./logs/tests/smoke_help_20260710_071328.json:20389:        "/home/fekerr/src/irislime/llama.cpp/tests/test-sampling.cpp:124 (test_xtc)",
./logs/tests/smoke_help_20260710_071328.json:20393:        "/home/fekerr/src/irislime/llama.cpp/tests/test-sampling.cpp:122 (test_xtc)",
./logs/tests/smoke_help_20260710_071328.json:20399:        "/home/fekerr/src/irislime/llama.cpp/tests/test-sampling.cpp:124 (test_xtc)",
./logs/tests/smoke_help_20260710_071328.json:20405:        "/home/fekerr/src/irislime/llama.cpp/tests/test-sampling.cpp:122 (test_xtc)",
./logs/tests/smoke_help_20260710_071328.json:20411:        "/home/fekerr/src/irislime/llama.cpp/tests/test-sampling.cpp:124 (test_xtc)",
./logs/tests/smoke_help_20260710_071328.json:20417:        "/home/fekerr/src/irislime/llama.cpp/tests/test-sampling.cpp:132 (test_typical)",
./logs/tests/smoke_help_20260710_071328.json:20423:        "/home/fekerr/src/irislime/llama.cppempty DRY sequence breakers list in llama_sampler_init_dry_testing",
./logs/tests/smoke_help_20260710_071328.json:20429:        "/home/fekerr/src/irislime/llama.cpp/tests/test-sampling.cpp:132 (test_typical)",
./logs/tests/smoke_help_20260710_071328.json:20435:        "/home/fekerr/src/irislime/llama.cpp/tests/test-sampling.cpp:134 (test_typical)",
./logs/tests/smoke_help_20260710_071328.json:20440:        "/home/fekerr/src/irislime/llama.cpp/tests/test-sampling.cpp:153 (test_penalties)",
./logs/tests/smoke_help_20260710_071328.json:20447:        "/home/fekerr/src/irislime/llama.cpp/tests/test-sampling.cpp:156 (test_penalties)",
./logs/tests/smoke_help_20260710_071328.json:20454:        "/home/fekerr/src/irislime/llama.cpp/tests/test-sampling.cpp:153 (test_penalties)",
./logs/tests/smoke_help_20260710_071328.json:20461:        "/home/fekerr/src/irislime/llama.cpp/tests/test-sampling.cpp:156 (test_penalties)",
./logs/tests/smoke_help_20260710_071328.json:20468:        "/home/fekerr/src/irislime/llama.cpp/tests/test-sampling.cpp:153 (test_penalties)",
./logs/tests/smoke_help_20260710_071328.json:20475:        "/home/fekerr/src/irislime/llama.cpp/tests/test-sampling.cpp:156 (test_penalties)",
./logs/tests/smoke_help_20260710_071328.json:20482:        "/home/fekerr/src/irislime/llama.cpp/tests/test-sampling.cpp:153 (test_penalties)",
./logs/tests/smoke_help_20260710_071328.json:20489:        "/home/fekerr/src/irislime/llama.cpp/tests/test-sampling.cpp:156 (test_penalties)",
./logs/tests/smoke_help_20260710_071328.json:20496:        "/home/fekerr/src/irislime/llama.cpp/tests/test-sampling.cpp:153 (test_penalties)",
./logs/tests/smoke_help_20260710_071328.json:20503:        "/home/fekerr/src/irislime/llama.cpp/tests/test-sampling.cpp:156 (test_penalties)",
./logs/tests/smoke_help_20260710_071328.json:20510:        "/home/fekerr/src/irislime/llama.cpp/tests/test-sampling.cpp:153 (test_penalties)",
./logs/tests/smoke_help_20260710_071328.json:20517:        "/home/fekerr/src/irislime/llama.cpp/tests/test-sampling.cpp:156 (test_penalties)",
./logs/tests/smoke_help_20260710_071328.json:20524:        "/home/fekerr/src/irislime/llama.cpp/tests/test-sampling.cpp:177 (test_dry)",
./logs/tests/smoke_help_20260710_071328.json:20530:        "/home/fekerr/src/irislime/llama.cpp/tests/test-sampling.cpp:180 (test_dry)",
./logs/tests/smoke_help_20260710_071328.json:20536:        "/home/fekerr/src/irislime/llama.cpp/tests/test-sampling.cpp:177 (test_dry)",
./logs/tests/smoke_help_20260710_071328.json:20542:        "/home/fekerr/src/irislime/llama.cpp/tests/test-sampling.cpp:180 (test_dry)",
./logs/tests/smoke_help_20260710_071328.json:20548:        "/home/fekerr/src/irislime/llama.cpp/tests/test-sampling.cpp:177 (test_dry)",
./logs/tests/smoke_help_20260710_071328.json:20555:        "/home/fekerr/src/irislime/llama.cpp/tests/test-sampling.cpp:180 (test_dry)",
./logs/tests/smoke_help_20260710_071328.json:20562:        "/home/fekerr/src/irislime/llama.cpp/tests/test-sampling.cpp:177 (test_dry)",
./logs/tests/smoke_help_20260710_071328.json:20570:        "/home/fekerr/src/irislime/llama.cpp/tests/test-sampling.cpp:180 (test_dry)",
./logs/tests/smoke_help_20260710_071328.json:20577:        "/home/fekerr/src/irislime/llama.cpp/tests/test-sampling.cpp:177 (test_dry)",
./logs/tests/smoke_help_20260710_071328.json:20584:        "/home/fekerr/src/irislime/llama.cpp/tests/test-sampling.cpp:180 (test_dry)",
./logs/tests/smoke_help_20260710_071328.json:20591:        "/home/fekerr/src/irislime/llama.cpp/tests/test-sampling.cpp:187 (test_top_n_sigma)",
./logs/tests/smoke_help_20260710_071328.json:20597:        "/home/fekerr/src/irislime/llama.cpp/tests/test-sampling.cpp:190 (test_top_n_sigma)",
./logs/tests/smoke_help_20260710_071328.json:20603:        "/home/fekerr/src/irislime/llama.cpp/tests/test-sampling.cpp:187 (test_top_n_sigma)",
./logs/tests/smoke_help_20260710_071328.json:20609:        "/home/fekerr/src/irislime/llama.cpp/tests/test-sampling.cpp:190 (test_top_n_sigma)",
./logs/tests/smoke_help_20260710_071328.json:20615:        "/home/fekerr/src/irislime/llama.cpp/tests/test-sampling.cpp:187 (test_top_n_sigma)",
./logs/tests/smoke_help_20260710_071328.json:20621:        "/home/fekerr/src/irislime/llama.cpp/tests/test-sampling.cpp:190 (test_top_n_sigma)",
./logs/tests/smoke_help_20260710_071328.json:22353:        "    /home/fekerr/src/irislime/build/openvino_release/bin/llama-batched -m model.gguf -p \"Hello my name is\" -n 32 -np 4",
./logs/tests/smoke_help_20260710_071328.json:22675:        "    /home/fekerr/src/irislime/build/openvino_release/bin/llama-batched-bench -m model.gguf -c 2048 -b 2048 -ub 512 -npp 128,256,512 -ntg 128,256 -npl 1,2,4,8,16,32 [-pps]",
./logs/tests/smoke_help_20260710_071328.json:22686:        "usage: /home/fekerr/src/irislime/build/openvino_release/bin/llama-bench [options]",
./logs/tests/smoke_help_20260710_071328.json:23683:        "usage: /home/fekerr/src/irislime/build/openvino_release/bin/llama-convert-llama2c-to-ggml [options]",
./logs/tests/smoke_help_20260710_071328.json:24009:        "    CPU only:   /home/fekerr/src/irislime/build/openvino_release/bin/llama-cvector-generator -m ./llama-3.Q4_K_M.gguf",
./logs/tests/smoke_help_20260710_071328.json:24011:        "    with GPU:   /home/fekerr/src/irislime/build/openvino_release/bin/llama-cvector-generator -m ./llama-3.Q4_K_M.gguf -ngl 99",
./logs/tests/smoke_help_20260710_071328.json:24013:        "    advanced:   /home/fekerr/src/irislime/build/openvino_release/bin/llama-cvector-generator -m ./llama-3.Q4_K_M.gguf -ngl 99 --pca-iter 2000 --pca-batch 100",
./logs/tests/smoke_help_20260710_071328.json:24015:        "    using mean: /home/fekerr/src/irislime/build/openvino_release/bin/llama-cvector-generator -m ./llama-3.Q4_K_M.gguf --method mean",
./logs/tests/smoke_help_20260710_071328.json:25599:        "  /home/fekerr/src/irislime/build/openvino_release/bin/llama-export-lora -m base-model.gguf --lora lora-file.gguf -o merged-model-f16.gguf",
./logs/tests/smoke_help_20260710_071328.json:26263:        "usage: /home/fekerr/src/irislime/build/openvino_release/bin/llama-gguf data.gguf r|w [n]",
./logs/tests/smoke_help_20260710_071328.json:26288:        "usage: /home/fekerr/src/irislime/build/openvino_release/bin/llama-gguf-split [options] GGUF_IN GGUF_OUT",
./logs/tests/smoke_help_20260710_071328.json:26606:        "    /home/fekerr/src/irislime/build/openvino_release/bin/llama-idle -m model.gguf [-ngl n_gpu_layers]",
./logs/tests/smoke_help_20260710_071328.json:26931:        "    /home/fekerr/src/irislime/build/openvino_release/bin/llama-imatrix \\",
./logs/tests/smoke_help_20260710_071328.json:27918:        "Usage: /home/fekerr/src/irislime/build/openvino_release/bin/llama-lookup-merge [--help] lookup_part_1.bin lookup_part_2.bin ... lookup_merged.bin"
./logs/tests/smoke_help_20260710_071328.json:28609:        "Usage: /home/fekerr/src/irislime/build/openvino_release/bin/llama-mtmd-cli [options] -m <model> --mmproj <mmproj> --image <image> --audio <audio> -p <prompt>",
./logs/tests/smoke_help_20260710_071328.json:28965:        "Usage: /home/fekerr/src/irislime/build/openvino_release/bin/llama-mtmd-debug -m <model> --mmproj <mmproj> -p <mode> -n <size> --image <image> --audio <audio>",
./logs/tests/smoke_help_20260710_071328.json:29964:        "usage: /home/fekerr/src/irislime/build/openvino_release/bin/llama-quantize [--help] [--allow-requantize] [--leave-output-tensor] [--pure] [--imatrix] [--include-weights]",
./logs/tests/smoke_help_20260710_071328.json:31349:        "    /home/fekerr/src/irislime/build/openvino_release/bin/llama-simple -m model.gguf [-n n_predict] [-ngl n_gpu_layers] [prompt]",
./logs/tests/smoke_help_20260710_071328.json:31363:        "    /home/fekerr/src/irislime/build/openvino_release/bin/llama-simple-chat -m model.gguf [-c context_size] [-ngl n_gpu_layers]",
./logs/tests/smoke_help_20260710_071328.json:32195:        "Usage: /home/fekerr/src/irislime/build/openvino_release/bin/llama-template-analysis [options]",
./logs/tests/smoke_help_20260710_071328.json:32203:        "  /home/fekerr/src/irislime/build/openvino_release/bin/llama-template-analysis --all",
./logs/tests/smoke_help_20260710_071328.json:32204:        "  /home/fekerr/src/irislime/build/openvino_release/bin/llama-template-analysis --template deepseek",
./logs/tests/smoke_help_20260710_071328.json:32205:        "  /home/fekerr/src/irislime/build/openvino_release/bin/llama-template-analysis --template-file my-template.jinja"
./logs/tests/smoke_help_20260710_071328.json:32215:        "usage: /home/fekerr/src/irislime/build/openvino_release/bin/llama-tokenize [options]",
./logs/tests/smoke_help_20260710_071328.json:32674:        "Usage: /home/fekerr/src/irislime/build/openvino_release/bin/test-backend-ops [mode] [-o <op,..>] [-b <backend>] [-p <params regex>] [--output <console|sql|csv>] [--list-ops] [--show-coverage] [--test-file <path>] [-j <n>]",
./logs/tests/smoke_help_20260710_071328.json:32711:        "/home/fekerr/src/irislime/llama.cpp/ggml/src/ggml-cpu/ggml-cpu.c:3312: GGML_ASSERT(cplan->n_threads > 0) failed",
./logs/tests/smoke_help_20260710_071328.json:32712:        "/home/fekerr/src/irislime/build/openvino_release/bin/libggml-base.so.0(+0x1b036) [0x71aa87d52036]",
./logs/tests/smoke_help_20260710_071328.json:32713:        "/home/fekerr/src/irislime/build/openvino_release/bin/libggml-base.so.0(ggml_print_backtrace+0x20d) [0x71aa87d524bd]",
./logs/tests/smoke_help_20260710_071328.json:32714:        "/home/fekerr/src/irislime/build/openvino_release/bin/libggml-base.so.0(ggml_abort+0x166) [0x71aa87d526a6]",
./logs/tests/smoke_help_20260710_071328.json:32715:        "/home/fekerr/src/irislime/build/openvino_release/bin/libggml-cpu.so.0(ggml_graph_compute+0x292) [0x71aa87e28202]",
./logs/tests/smoke_help_20260710_071328.json:32716:        "/home/fekerr/src/irislime/build/openvino_release/bin/test-barrier(+0x2d7b) [0x557fbfecdd7b]",
./logs/tests/smoke_help_20260710_071328.json:32717:        "/home/fekerr/src/irislime/build/openvino_release/bin/test-barrier(+0x2573) [0x557fbfecd573]",
./logs/tests/smoke_help_20260710_071328.json:32720:        "/home/fekerr/src/irislime/build/openvino_release/bin/test-barrier(+0x25f5) [0x557fbfecd5f5]"
./logs/tests/smoke_help_20260710_071328.json:32747:        "/home/fekerr/src/irislime/build/openvino_release/bin/libggml-base.so.0(+0x1b036) [0x792d3c4d1036]",
./logs/tests/smoke_help_20260710_071328.json:32748:        "/home/fekerr/src/irislime/build/openvino_release/bin/libggml-base.so.0(ggml_print_backtrace+0x20d) [0x792d3c4d14bd]",
./logs/tests/smoke_help_20260710_071328.json:32749:        "/home/fekerr/src/irislime/build/openvino_release/bin/libggml-base.so.0(+0x2f19f) [0x792d3c4e519f]",
./logs/tests/smoke_help_20260710_071328.json:32753:        "/home/fekerr/src/irislime/build/openvino_release/bin/test-chat(+0x1e6fa) [0x59b925adf6fa]",
./logs/tests/smoke_help_20260710_071328.json:32754:        "/home/fekerr/src/irislime/build/openvino_release/bin/test-chat(+0x40f37) [0x59b925b01f37]",
./logs/tests/smoke_help_20260710_071328.json:32755:        "/home/fekerr/src/irislime/build/openvino_release/bin/test-chat(+0x456e7) [0x59b925b066e7]",
./logs/tests/smoke_help_20260710_071328.json:32756:        "/home/fekerr/src/irislime/build/openvino_release/bin/test-chat(+0x3ba4f) [0x59b925afca4f]",
./logs/tests/smoke_help_20260710_071328.json:32759:        "/home/fekerr/src/irislime/build/openvino_release/bin/test-chat(+0x3bfc5) [0x59b925afcfc5]",
./logs/tests/smoke_help_20260710_071328.json:32842:        "Usage: /home/fekerr/src/irislime/build/openvino_release/bin/test-gbnf-validator <grammar_filename> <input_filename>"
./logs/tests/smoke_help_20260710_071328.json:32852:        "/home/fekerr/src/irislime/build/openvino_release/bin/libggml-base.so.0(+0x1b036) [0x73e0d79c7036]",
./logs/tests/smoke_help_20260710_071328.json:32853:        "/home/fekerr/src/irislime/build/openvino_release/bin/libggml-base.so.0(ggml_print_backtrace+0x20d) [0x73e0d79c74bd]",
./logs/tests/smoke_help_20260710_071328.json:32854:        "/home/fekerr/src/irislime/build/openvino_release/bin/libggml-base.so.0(+0x2f19f) [0x73e0d79db19f]",
./logs/tests/smoke_help_20260710_071328.json:32859:        "/home/fekerr/src/irislime/build/openvino_release/bin/test-gguf(+0x4241) [0x596e700f1241]",
./logs/tests/smoke_help_20260710_071328.json:32862:        "/home/fekerr/src/irislime/build/openvino_release/bin/test-gguf(+0x7995) [0x596e700f4995]",
./logs/tests/smoke_help_20260710_071328.json:32875:        "gguf_fetch: loaded from cache: /home/fekerr/.cache/llama.cpp/gguf-headers//ggml-org_Qwen3-0.6B-GGUF--Qwen3-0.6B-Q8_0.gguf.partial",
./logs/tests/smoke_help_20260710_071328.json:32887:        "gguf_fetch: loaded from cache: /home/fekerr/.cache/llama.cpp/gguf-headers//ggml-org_Qwen3-0.6B-GGUF--Qwen3-0.6B-Q8_0.gguf.partial",
./logs/tests/smoke_help_20260710_071328.json:32888:        "gguf_fetch: loaded from cache: /home/fekerr/.cache/llama.cpp/gguf-headers//ggml-org_GLM-4.6V-GGUF--GLM-4.6V-Q8_0-00001-of-00003.gguf.partial",
./logs/tests/smoke_help_20260710_071328.json:32890:        "gguf_fetch: loaded from cache: /home/fekerr/.cache/llama.cpp/gguf-headers//ggml-org_GLM-4.6V-GGUF--GLM-4.6V-Q8_0-00002-of-00003.gguf.partial",
./logs/tests/smoke_help_20260710_071328.json:32891:        "gguf_fetch: loaded from cache: /home/fekerr/.cache/llama.cpp/gguf-headers//ggml-org_GLM-4.6V-GGUF--GLM-4.6V-Q8_0-00003-of-00003.gguf.partial",
./logs/tests/smoke_help_20260710_071328.json:32903:        "gguf_fetch: loaded from cache: /home/fekerr/.cache/llama.cpp/gguf-headers//ggml-org_Step-3.5-Flash-GGUF--Step-3.5-Flash-Q4_K.gguf.partial",
./logs/tests/smoke_help_20260710_071328.json:34204:        "python: can't open file '/home/fekerr/src/irislime/build/openvino_release/bin/./examples/json_schema_to_grammar.py': [Errno 2] No such file or directory",
./logs/tests/smoke_help_20260710_071328.json:34214:        "test-json-schema-to-grammar: /home/fekerr/src/irislime/llama.cpp/tests/test-json-schema-to-grammar.cpp:62: void TestCase::verify_status(TestCaseStatus) const: Assertion `false' failed."
./logs/tests/smoke_help_20260710_071328.json:40976:        "  /home/fekerr/src/irislime/build/openvino_release/bin/test-quant-type-selection --generate"
./logs/tests/smoke_help_20260710_071328.json:40998:        "usage: /home/fekerr/src/irislime/build/openvino_release/bin/test-quantize-perf [options]",
./logs/tests/smoke_help_20260710_071328.json:41021:        "usage: /home/fekerr/src/irislime/build/openvino_release/bin/test-quantize-stats [options]",
./logs/tests/smoke_help_20260710_071328.json:41554:        "/home/fekerr/src/irislime/llama.cpp/tests/test-sampling.cpp:67 (test_temp)",
./logs/tests/smoke_help_20260710_071328.json:41560:        "/home/fekerr/src/irislime/llama.cpp/tests/test-sampling.cpp:70 (test_temp)",
./logs/tests/smoke_help_20260710_071328.json:41566:        "/home/fekerr/src/irislime/llama.cpp/tests/test-sampling.cpp:67 (test_temp)",
./logs/tests/smoke_help_20260710_071328.json:41572:        "/home/fekerr/src/irislime/llama.cpp/tests/test-sampling.cpp:70 (test_temp)",
./logs/tests/smoke_help_20260710_071328.json:41578:        "/home/fekerr/src/irislime/llama.cpp/tests/test-sampling.cpp:78 (test_temp_ext)",
./logs/tests/smoke_help_20260710_071328.json:41584:        "/home/fekerr/src/irislime/llama.cpp/tests/test-sampling.cpp:81 (test_temp_ext)",
./logs/tests/smoke_help_20260710_071328.json:41590:        "/home/fekerr/src/irislime/llama.cpp/tests/test-sampling.cpp:78 (test_temp_ext)",
./logs/tests/smoke_help_20260710_071328.json:41596:        "/home/fekerr/src/irislime/llama.cpp/tests/test-sampling.cpp:81 (test_temp_ext)",
./logs/tests/smoke_help_20260710_071328.json:41602:        "/home/fekerr/src/irislime/llama.cpp/tests/test-sampling.cpp:89 (test_top_k)",
./logs/tests/smoke_help_20260710_071328.json:41608:        "/home/fekerr/src/irislime/llama.cpp/tests/test-sampling.cpp:92 (test_top_k)",
./logs/tests/smoke_help_20260710_071328.json:41611:        "/home/fekerr/src/irislime/llama.cpp/tests/test-sampling.cpp:89 (test_top_k)",
./logs/tests/smoke_help_20260710_071328.json:41617:        "/home/fekerr/src/irislime/llama.cpp/tests/test-sampling.cpp:92 (test_top_k)",
./logs/tests/smoke_help_20260710_071328.json:41622:        "/home/fekerr/src/irislime/llama.cpp/tests/test-sampling.cpp:89 (test_top_k)",
./logs/tests/smoke_help_20260710_071328.json:41628:        "/home/fekerr/src/irislime/llama.cpp/tests/test-sampling.cpp:92 (test_top_k)",
./logs/tests/smoke_help_20260710_071328.json:41634:        "/home/fekerr/src/irislime/llama.cpp/tests/test-sampling.cpp:89 (test_top_k)",
./logs/tests/smoke_help_20260710_071328.json:41640:        "/home/fekerr/src/irislime/llama.cpp/tests/test-sampling.cpp:92 (test_top_k)",
./logs/tests/smoke_help_20260710_071328.json:41646:        "/home/fekerr/src/irislime/llama.cpp/tests/test-sampling.cpp:100 (test_top_p)",
./logs/tests/smoke_help_20260710_071328.json:41652:        "/home/fekerr/src/irislime/llama.cpp/tests/test-sampling.cpp:103 (test_top_p)",
./logs/tests/smoke_help_20260710_071328.json:41655:        "/home/fekerr/src/irislime/llama.cpp/tests/test-sampling.cpp:100 (test_top_p)",
./logs/tests/smoke_help_20260710_071328.json:41661:        "/home/fekerr/src/irislime/llama.cpp/tests/test-sampling.cpp:103 (test_top_p)",
./logs/tests/smoke_help_20260710_071328.json:41665:        "/home/fekerr/src/irislime/llama.cpp/tests/test-sampling.cpp:100 (test_top_p)",
./logs/tests/smoke_help_20260710_071328.json:41671:        "/home/fekerr/src/irislime/llama.cpp/tests/test-sampling.cpp:103 (test_top_p)",
./logs/tests/smoke_help_20260710_071328.json:41676:        "/home/fekerr/src/irislime/llama.cpp/tests/test-sampling.cpp:100 (test_top_p)",
./logs/tests/smoke_help_20260710_071328.json:41682:        "/home/fekerr/src/irislime/llama.cpp/tests/test-sampling.cpp:103 (test_top_p)",
./logs/tests/smoke_help_20260710_071328.json:41688:        "/home/fekerr/src/irislime/llama.cpp/tests/test-sampling.cpp:111 (test_min_p)",
./logs/tests/smoke_help_20260710_071328.json:41694:        "/home/fekerr/src/irislime/llama.cpp/tests/test-sampling.cpp:114 (test_min_p)",
./logs/tests/smoke_help_20260710_071328.json:41700:        "/home/fekerr/src/irislime/llama.cpp/tests/test-sampling.cpp:111 (test_min_p)",
./logs/tests/smoke_help_20260710_071328.json:41706:        "/home/fekerr/src/irislime/llama.cpp/tests/test-sampling.cpp:114 (test_min_p)",
./logs/tests/smoke_help_20260710_071328.json:41712:        "/home/fekerr/src/irislime/llama.cpp/tests/test-sampling.cpp:111 (test_min_p)",
./logs/tests/smoke_help_20260710_071328.json:41718:        "/home/fekerr/src/irislime/llama.cpp/tests/test-sampling.cpp:114 (test_min_p)",
./logs/tests/smoke_help_20260710_071328.json:41723:        "/home/fekerr/src/irislime/llama.cpp/tests/test-sampling.cpp:111 (test_min_p)",
./logs/tests/smoke_help_20260710_071328.json:41729:        "/home/fekerr/src/irislime/llama.cpp/tests/test-sampling.cpp:114 (test_min_p)",
./logs/tests/smoke_help_20260710_071328.json:41734:        "/home/fekerr/src/irislime/llama.cpp/tests/test-sampling.cpp:111 (test_min_p)",
./logs/tests/smoke_help_20260710_071328.json:41740:        "/home/fekerr/src/irislime/llama.cpp/tests/test-sampling.cpp:114 (test_min_p)",
./logs/tests/smoke_help_20260710_071328.json:41744:        "/home/fekerr/src/irislime/llama.cpp/tests/test-sampling.cpp:111 (test_min_p)",
./logs/tests/smoke_help_20260710_071328.json:41750:        "/home/fekerr/src/irislime/llama.cpp/tests/test-sampling.cpp:114 (test_min_p)",
./logs/tests/smoke_help_20260710_071328.json:41754:        "/home/fekerr/src/irislime/llama.cpp/tests/test-sampling.cpp:111 (test_min_p)",
./logs/tests/smoke_help_20260710_071328.json:41760:        "/home/fekerr/src/irislime/llama.cpp/tests/test-sampling.cpp:114 (test_min_p)",
./logs/tests/smoke_help_20260710_071328.json:41763:        "/home/fekerr/src/irislime/llama.cpp/tests/test-sampling.cpp:111 (test_min_p)",
./logs/tests/smoke_help_20260710_071328.json:41769:        "/home/fekerr/src/irislime/llama.cpp/tests/test-sampling.cpp:114 (test_min_p)",
./logs/tests/smoke_help_20260710_071328.json:41772:        "/home/fekerr/src/irislime/llama.cpp/tests/test-sampling.cpp:111 (test_min_p)",
./logs/tests/smoke_help_20260710_071328.json:41778:        "/home/fekerr/src/irislime/llama.cpp/tests/test-sampling.cpp:114 (test_min_p)",
./logs/tests/smoke_help_20260710_071328.json:41782:        "/home/fekerr/src/irislime/llama.cpp/tests/test-sampling.cpp:122 (test_xtc)",
./logs/tests/smoke_help_20260710_071328.json:41788:        "/home/fekerr/src/irislime/llama.cpp/tests/test-sampling.cpp:124 (test_xtc)",
./logs/tests/smoke_help_20260710_071328.json:41791:        "/home/fekerr/src/irislime/llama.cpp/tests/test-sampling.cpp:122 (test_xtc)",
./logs/tests/smoke_help_20260710_071328.json:41797:        "/home/fekerr/src/irislime/llama.cpp/tests/test-sampling.cpp:124 (test_xtc)",
./logs/tests/smoke_help_20260710_071328.json:41801:        "/home/fekerr/src/irislime/llama.cpp/tests/test-sampling.cpp:122 (test_xtc)",
./logs/tests/smoke_help_20260710_071328.json:41807:        "/home/fekerr/src/irislime/llama.cpp/tests/test-sampling.cpp:124 (test_xtc)",
./logs/tests/smoke_help_20260710_071328.json:41813:        "/home/fekerr/src/irislime/llama.cpp/tests/test-sampling.cpp:122 (test_xtc)",
./logs/tests/smoke_help_20260710_071328.json:41819:        "/home/fekerr/src/irislime/llama.cpp/tests/test-sampling.cpp:124 (test_xtc)",
./logs/tests/smoke_help_20260710_071328.json:41825:        "/home/fekerr/src/irislime/llama.cpp/tests/test-sampling.cpp:132 (test_typical)",
./logs/tests/smoke_help_20260710_071328.json:41831:        "/home/fekerr/src/irislime/llama.cppempty DRY sequence breakers list in llama_sampler_init_dry_testing",
./logs/tests/smoke_help_20260710_071328.json:41837:        "/home/fekerr/src/irislime/llama.cpp/tests/test-sampling.cpp:132 (test_typical)",
./logs/tests/smoke_help_20260710_071328.json:41843:        "/home/fekerr/src/irislime/llama.cpp/tests/test-sampling.cpp:134 (test_typical)",
./logs/tests/smoke_help_20260710_071328.json:41848:        "/home/fekerr/src/irislime/llama.cpp/tests/test-sampling.cpp:153 (test_penalties)",
./logs/tests/smoke_help_20260710_071328.json:41855:        "/home/fekerr/src/irislime/llama.cpp/tests/test-sampling.cpp:156 (test_penalties)",
./logs/tests/smoke_help_20260710_071328.json:41862:        "/home/fekerr/src/irislime/llama.cpp/tests/test-sampling.cpp:153 (test_penalties)",
./logs/tests/smoke_help_20260710_071328.json:41869:        "/home/fekerr/src/irislime/llama.cpp/tests/test-sampling.cpp:156 (test_penalties)",
./logs/tests/smoke_help_20260710_071328.json:41876:        "/home/fekerr/src/irislime/llama.cpp/tests/test-sampling.cpp:153 (test_penalties)",
./logs/tests/smoke_help_20260710_071328.json:41883:        "/home/fekerr/src/irislime/llama.cpp/tests/test-sampling.cpp:156 (test_penalties)",
./logs/tests/smoke_help_20260710_071328.json:41890:        "/home/fekerr/src/irislime/llama.cpp/tests/test-sampling.cpp:153 (test_penalties)",
./logs/tests/smoke_help_20260710_071328.json:41897:        "/home/fekerr/src/irislime/llama.cpp/tests/test-sampling.cpp:156 (test_penalties)",
./logs/tests/smoke_help_20260710_071328.json:41904:        "/home/fekerr/src/irislime/llama.cpp/tests/test-sampling.cpp:153 (test_penalties)",
./logs/tests/smoke_help_20260710_071328.json:41911:        "/home/fekerr/src/irislime/llama.cpp/tests/test-sampling.cpp:156 (test_penalties)",
./logs/tests/smoke_help_20260710_071328.json:41918:        "/home/fekerr/src/irislime/llama.cpp/tests/test-sampling.cpp:153 (test_penalties)",
./logs/tests/smoke_help_20260710_071328.json:41925:        "/home/fekerr/src/irislime/llama.cpp/tests/test-sampling.cpp:156 (test_penalties)",
./logs/tests/smoke_help_20260710_071328.json:41932:        "/home/fekerr/src/irislime/llama.cpp/tests/test-sampling.cpp:177 (test_dry)",
./logs/tests/smoke_help_20260710_071328.json:41938:        "/home/fekerr/src/irislime/llama.cpp/tests/test-sampling.cpp:180 (test_dry)",
./logs/tests/smoke_help_20260710_071328.json:41944:        "/home/fekerr/src/irislime/llama.cpp/tests/test-sampling.cpp:177 (test_dry)",
./logs/tests/smoke_help_20260710_071328.json:41950:        "/home/fekerr/src/irislime/llama.cpp/tests/test-sampling.cpp:180 (test_dry)",
./logs/tests/smoke_help_20260710_071328.json:41956:        "/home/fekerr/src/irislime/llama.cpp/tests/test-sampling.cpp:177 (test_dry)",
./logs/tests/smoke_help_20260710_071328.json:41963:        "/home/fekerr/src/irislime/llama.cpp/tests/test-sampling.cpp:180 (test_dry)",
./logs/tests/smoke_help_20260710_071328.json:41970:        "/home/fekerr/src/irislime/llama.cpp/tests/test-sampling.cpp:177 (test_dry)",
./logs/tests/smoke_help_20260710_071328.json:41978:        "/home/fekerr/src/irislime/llama.cpp/tests/test-sampling.cpp:180 (test_dry)",
./logs/tests/smoke_help_20260710_071328.json:41985:        "/home/fekerr/src/irislime/llama.cpp/tests/test-sampling.cpp:177 (test_dry)",
./logs/tests/smoke_help_20260710_071328.json:41992:        "/home/fekerr/src/irislime/llama.cpp/tests/test-sampling.cpp:180 (test_dry)",
./logs/tests/smoke_help_20260710_071328.json:41999:        "/home/fekerr/src/irislime/llama.cpp/tests/test-sampling.cpp:187 (test_top_n_sigma)",
./logs/tests/smoke_help_20260710_071328.json:42005:        "/home/fekerr/src/irislime/llama.cpp/tests/test-sampling.cpp:190 (test_top_n_sigma)",
./logs/tests/smoke_help_20260710_071328.json:42011:        "/home/fekerr/src/irislime/llama.cpp/tests/test-sampling.cpp:187 (test_top_n_sigma)",
./logs/tests/smoke_help_20260710_071328.json:42017:        "/home/fekerr/src/irislime/llama.cpp/tests/test-sampling.cpp:190 (test_top_n_sigma)",
./logs/tests/smoke_help_20260710_071328.json:42023:        "/home/fekerr/src/irislime/llama.cpp/tests/test-sampling.cpp:187 (test_top_n_sigma)",
./logs/tests/smoke_help_20260710_071328.json:42029:        "/home/fekerr/src/irislime/llama.cpp/tests/test-sampling.cpp:190 (test_top_n_sigma)",
./logs/tests/smoke_help_20260710_071328.json:43755:        "    /home/fekerr/src/irislime/build/openvino_relwithdebinfo/bin/llama-batched -m model.gguf -p \"Hello my name is\" -n 32 -np 4",
./logs/tests/smoke_help_20260710_071328.json:44083:        "usage: /home/fekerr/src/irislime/build/openvino_relwithdebinfo/bin/llama-bench [options]",
./logs/tests/smoke_help_20260710_071328.json:45074:        "  text generation:     /home/fekerr/src/irislime/build/openvino_relwithdebinfo/bin/llama-completion -m your_model.gguf -p \"I believe the meaning of life is\" -n 128 -no-cnv",
./logs/tests/smoke_help_20260710_071328.json:45076:        "  chat (conversation): /home/fekerr/src/irislime/build/openvino_relwithdebinfo/bin/llama-completion -m your_model.gguf -sys \"You are a helpful assistant\"",
./logs/tests/smoke_help_20260710_071328.json:45087:        "usage: /home/fekerr/src/irislime/build/openvino_relwithdebinfo/bin/llama-convert-llama2c-to-ggml [options]",
./logs/tests/smoke_help_20260710_071328.json:45413:        "    CPU only:   /home/fekerr/src/irislime/build/openvino_relwithdebinfo/bin/llama-cvector-generator -m ./llama-3.Q4_K_M.gguf",
./logs/tests/smoke_help_20260710_071328.json:45415:        "    with GPU:   /home/fekerr/src/irislime/build/openvino_relwithdebinfo/bin/llama-cvector-generator -m ./llama-3.Q4_K_M.gguf -ngl 99",
./logs/tests/smoke_help_20260710_071328.json:45417:        "    advanced:   /home/fekerr/src/irislime/build/openvino_relwithdebinfo/bin/llama-cvector-generator -m ./llama-3.Q4_K_M.gguf -ngl 99 --pca-iter 2000 --pca-batch 100",
./logs/tests/smoke_help_20260710_071328.json:45419:        "    using mean: /home/fekerr/src/irislime/build/openvino_relwithdebinfo/bin/llama-cvector-generator -m ./llama-3.Q4_K_M.gguf --method mean",
./logs/tests/smoke_help_20260710_071328.json:47003:        "  /home/fekerr/src/irislime/build/openvino_relwithdebinfo/bin/llama-export-lora -m base-model.gguf --lora lora-file.gguf -o merged-model-f16.gguf",
./logs/tests/smoke_help_20260710_071328.json:47667:        "usage: /home/fekerr/src/irislime/build/openvino_relwithdebinfo/bin/llama-gguf data.gguf r|w [n]",
./logs/tests/smoke_help_20260710_071328.json:47692:        "usage: /home/fekerr/src/irislime/build/openvino_relwithdebinfo/bin/llama-gguf-split [options] GGUF_IN GGUF_OUT",
./logs/tests/smoke_help_20260710_071328.json:48010:        "    /home/fekerr/src/irislime/build/openvino_relwithdebinfo/bin/llama-idle -m model.gguf [-ngl n_gpu_layers]",
./logs/tests/smoke_help_20260710_071328.json:49313:        "Usage: /home/fekerr/src/irislime/build/openvino_relwithdebinfo/bin/llama-lookup-merge [--help] lookup_part_1.bin lookup_part_2.bin ... lookup_merged.bin"
./logs/tests/smoke_help_20260710_071328.json:50004:        "Usage: /home/fekerr/src/irislime/build/openvino_relwithdebinfo/bin/llama-mtmd-cli [options] -m <model> --mmproj <mmproj> --image <image> --audio <audio> -p <prompt>",
./logs/tests/smoke_help_20260710_071328.json:50360:        "Usage: /home/fekerr/src/irislime/build/openvino_relwithdebinfo/bin/llama-mtmd-debug -m <model> --mmproj <mmproj> -p <mode> -n <size> --image <image> --audio <audio>",
./logs/tests/smoke_help_20260710_071328.json:51010:        "    /home/fekerr/src/irislime/build/openvino_relwithdebinfo/bin/llama-passkey -m model.gguf --junk 250 --pos 90 --keep 32 --grp-attn-n 2 [--seed 1234]",
./logs/tests/smoke_help_20260710_071328.json:51364:        "usage: /home/fekerr/src/irislime/build/openvino_relwithdebinfo/bin/llama-quantize [--help] [--allow-requantize] [--leave-output-tensor] [--pure] [--imatrix] [--include-weights]",
./logs/tests/smoke_help_20260710_071328.json:52092:        "    /home/fekerr/src/irislime/build/openvino_relwithdebinfo/bin/llama-retrieval --model ./models/bge-base-en-v1.5-f16.gguf --top-k 3 --context-file README.md --context-file License --chunk-size 100 --chunk-separator ."
./logs/tests/smoke_help_20260710_071328.json:52753:        "    /home/fekerr/src/irislime/build/openvino_relwithdebinfo/bin/llama-simple -m model.gguf [-n n_predict] [-ngl n_gpu_layers] [prompt]",
./logs/tests/smoke_help_20260710_071328.json:52767:        "    /home/fekerr/src/irislime/build/openvino_relwithdebinfo/bin/llama-simple-chat -m model.gguf [-c context_size] [-ngl n_gpu_layers]",
./logs/tests/smoke_help_20260710_071328.json:53599:        "Usage: /home/fekerr/src/irislime/build/openvino_relwithdebinfo/bin/llama-template-analysis [options]",
./logs/tests/smoke_help_20260710_071328.json:53607:        "  /home/fekerr/src/irislime/build/openvino_relwithdebinfo/bin/llama-template-analysis --all",
./logs/tests/smoke_help_20260710_071328.json:53608:        "  /home/fekerr/src/irislime/build/openvino_relwithdebinfo/bin/llama-template-analysis --template deepseek",
./logs/tests/smoke_help_20260710_071328.json:53609:        "  /home/fekerr/src/irislime/build/openvino_relwithdebinfo/bin/llama-template-analysis --template-file my-template.jinja"
./logs/tests/smoke_help_20260710_071328.json:53619:        "usage: /home/fekerr/src/irislime/build/openvino_relwithdebinfo/bin/llama-tokenize [options]",
./logs/tests/smoke_help_20260710_071328.json:54078:        "Usage: /home/fekerr/src/irislime/build/openvino_relwithdebinfo/bin/test-backend-ops [mode] [-o <op,..>] [-b <backend>] [-p <params regex>] [--output <console|sql|csv>] [--list-ops] [--show-coverage] [--test-file <path>] [-j <n>]",
./logs/tests/smoke_help_20260710_071328.json:54115:        "/home/fekerr/src/irislime/llama.cpp/ggml/src/ggml-cpu/ggml-cpu.c:3312: GGML_ASSERT(cplan->n_threads > 0) failed",
./logs/tests/smoke_help_20260710_071328.json:54116:        "/home/fekerr/src/irislime/build/openvino_relwithdebinfo/bin/libggml-base.so.0(+0x1a606) [0x77c7b4536606]",
./logs/tests/smoke_help_20260710_071328.json:54117:        "/home/fekerr/src/irislime/build/openvino_relwithdebinfo/bin/libggml-base.so.0(ggml_print_backtrace+0x20d) [0x77c7b4536cbd]",
./logs/tests/smoke_help_20260710_071328.json:54118:        "/home/fekerr/src/irislime/build/openvino_relwithdebinfo/bin/libggml-base.so.0(ggml_abort+0x166) [0x77c7b4536ea6]",
./logs/tests/smoke_help_20260710_071328.json:54119:        "/home/fekerr/src/irislime/build/openvino_relwithdebinfo/bin/libggml-cpu.so.0(ggml_graph_compute+0x272) [0x77c7b45d4382]",
./logs/tests/smoke_help_20260710_071328.json:54120:        "/home/fekerr/src/irislime/build/openvino_relwithdebinfo/bin/test-barrier(+0x2899) [0x59eab2d1a899]",
./logs/tests/smoke_help_20260710_071328.json:54121:        "/home/fekerr/src/irislime/build/openvino_relwithdebinfo/bin/test-barrier(+0x2553) [0x59eab2d1a553]",
./logs/tests/smoke_help_20260710_071328.json:54124:        "/home/fekerr/src/irislime/build/openvino_relwithdebinfo/bin/test-barrier(+0x25d5) [0x59eab2d1a5d5]"
./logs/tests/smoke_help_20260710_071328.json:54151:        "/home/fekerr/src/irislime/build/openvino_relwithdebinfo/bin/libggml-base.so.0(+0x1a606) [0x77229d4d2606]",
./logs/tests/smoke_help_20260710_071328.json:54152:        "/home/fekerr/src/irislime/build/openvino_relwithdebinfo/bin/libggml-base.so.0(ggml_print_backtrace+0x20d) [0x77229d4d2cbd]",
./logs/tests/smoke_help_20260710_071328.json:54153:        "/home/fekerr/src/irislime/build/openvino_relwithdebinfo/bin/libggml-base.so.0(+0x2a60f) [0x77229d4e260f]",
./logs/tests/smoke_help_20260710_071328.json:54157:        "/home/fekerr/src/irislime/build/openvino_relwithdebinfo/bin/test-chat(+0x1f2f5) [0x60880e4892f5]",
./logs/tests/smoke_help_20260710_071328.json:54158:        "/home/fekerr/src/irislime/build/openvino_relwithdebinfo/bin/test-chat(+0x3eef7) [0x60880e4a8ef7]",
./logs/tests/smoke_help_20260710_071328.json:54159:        "/home/fekerr/src/irislime/build/openvino_relwithdebinfo/bin/test-chat(+0x43557) [0x60880e4ad557]",
./logs/tests/smoke_help_20260710_071328.json:54160:        "/home/fekerr/src/irislime/build/openvino_relwithdebinfo/bin/test-chat(+0x3ad83) [0x60880e4a4d83]",
./logs/tests/smoke_help_20260710_071328.json:54163:        "/home/fekerr/src/irislime/build/openvino_relwithdebinfo/bin/test-chat(+0x3b6f5) [0x60880e4a56f5]",
./logs/tests/smoke_help_20260710_071328.json:54246:        "Usage: /home/fekerr/src/irislime/build/openvino_relwithdebinfo/bin/test-gbnf-validator <grammar_filename> <input_filename>"
./logs/tests/smoke_help_20260710_071328.json:54256:        "/home/fekerr/src/irislime/build/openvino_relwithdebinfo/bin/libggml-base.so.0(+0x1a606) [0x7097bfd95606]",
./logs/tests/smoke_help_20260710_071328.json:54257:        "/home/fekerr/src/irislime/build/openvino_relwithdebinfo/bin/libggml-base.so.0(ggml_print_backtrace+0x20d) [0x7097bfd95cbd]",
./logs/tests/smoke_help_20260710_071328.json:54258:        "/home/fekerr/src/irislime/build/openvino_relwithdebinfo/bin/libggml-base.so.0(+0x2a60f) [0x7097bfda560f]",
./logs/tests/smoke_help_20260710_071328.json:54263:        "/home/fekerr/src/irislime/build/openvino_relwithdebinfo/bin/test-gguf(+0x434c) [0x5a66d455234c]",
./logs/tests/smoke_help_20260710_071328.json:54266:        "/home/fekerr/src/irislime/build/openvino_relwithdebinfo/bin/test-gguf(+0x7d65) [0x5a66d4555d65]",
./logs/tests/smoke_help_20260710_071328.json:54279:        "gguf_fetch: loaded from cache: /home/fekerr/.cache/llama.cpp/gguf-headers//ggml-org_Qwen3-0.6B-GGUF--Qwen3-0.6B-Q8_0.gguf.partial",
./logs/tests/smoke_help_20260710_071328.json:54291:        "gguf_fetch: loaded from cache: /home/fekerr/.cache/llama.cpp/gguf-headers//ggml-org_Qwen3-0.6B-GGUF--Qwen3-0.6B-Q8_0.gguf.partial",
./logs/tests/smoke_help_20260710_071328.json:54292:        "gguf_fetch: loaded from cache: /home/fekerr/.cache/llama.cpp/gguf-headers//ggml-org_GLM-4.6V-GGUF--GLM-4.6V-Q8_0-00001-of-00003.gguf.partial",
./logs/tests/smoke_help_20260710_071328.json:54294:        "gguf_fetch: loaded from cache: /home/fekerr/.cache/llama.cpp/gguf-headers//ggml-org_GLM-4.6V-GGUF--GLM-4.6V-Q8_0-00002-of-00003.gguf.partial",
./logs/tests/smoke_help_20260710_071328.json:54295:        "gguf_fetch: loaded from cache: /home/fekerr/.cache/llama.cpp/gguf-headers//ggml-org_GLM-4.6V-GGUF--GLM-4.6V-Q8_0-00003-of-00003.gguf.partial",
./logs/tests/smoke_help_20260710_071328.json:54307:        "gguf_fetch: loaded from cache: /home/fekerr/.cache/llama.cpp/gguf-headers//ggml-org_Step-3.5-Flash-GGUF--Step-3.5-Flash-Q4_K.gguf.partial",
./logs/tests/smoke_help_20260710_071328.json:55608:        "python: can't open file '/home/fekerr/src/irislime/build/openvino_relwithdebinfo/bin/./examples/json_schema_to_grammar.py': [Errno 2] No such file or directory",
./logs/tests/smoke_help_20260710_071328.json:55618:        "test-json-schema-to-grammar: /home/fekerr/src/irislime/llama.cpp/tests/test-json-schema-to-grammar.cpp:62: void TestCase::verify_status(TestCaseStatus) const: Assertion `false' failed."
./logs/tests/smoke_help_20260710_071328.json:62378:        "  /home/fekerr/src/irislime/build/openvino_relwithdebinfo/bin/test-quant-type-selection --generate"
./logs/tests/smoke_help_20260710_071328.json:62400:        "usage: /home/fekerr/src/irislime/build/openvino_relwithdebinfo/bin/test-quantize-perf [options]",
./logs/tests/smoke_help_20260710_071328.json:62423:        "usage: /home/fekerr/src/irislime/build/openvino_relwithdebinfo/bin/test-quantize-stats [options]",
./logs/tests/smoke_help_20260710_071328.json:62971:        "/home/fekerr/src/irislime/llama.cpp/tests/test-sampling.cpp:67 (test_temp)",
./logs/tests/smoke_help_20260710_071328.json:62977:        "/home/fekerr/src/irislime/llama.cpp/tests/test-sampling.cpp:70 (test_temp)",
./logs/tests/smoke_help_20260710_071328.json:62983:        "/home/fekerr/src/irislime/llama.cpp/tests/test-sampling.cpp:67 (test_temp)",
./logs/tests/smoke_help_20260710_071328.json:62989:        "/home/fekerr/src/irislime/llama.cpp/tests/test-sampling.cpp:70 (test_temp)",
./logs/tests/smoke_help_20260710_071328.json:62995:        "/home/fekerr/src/irislime/llama.cpp/tests/test-sampling.cpp:78 (test_temp_ext)",
./logs/tests/smoke_help_20260710_071328.json:63001:        "/home/fekerr/src/irislime/llama.cpp/tests/test-sampling.cpp:81 (test_temp_ext)",
./logs/tests/smoke_help_20260710_071328.json:63007:        "/home/fekerr/src/irislime/llama.cpp/tests/test-sampling.cpp:78 (test_temp_ext)",
./logs/tests/smoke_help_20260710_071328.json:63013:        "/home/fekerr/src/irislime/llama.cpp/tests/test-sampling.cpp:81 (test_temp_ext)",
./logs/tests/smoke_help_20260710_071328.json:63019:        "/home/fekerr/src/irislime/llama.cpp/tests/test-sampling.cpp:89 (test_top_k)",
./logs/tests/smoke_help_20260710_071328.json:63025:        "/home/fekerr/src/irislime/llama.cpp/tests/test-sampling.cpp:92 (test_top_k)",
./logs/tests/smoke_help_20260710_071328.json:63028:        "/home/fekerr/src/irislime/llama.cpp/tests/test-sampling.cpp:89 (test_top_k)",
./logs/tests/smoke_help_20260710_071328.json:63034:        "/home/fekerr/src/irislime/llama.cpp/tests/test-sampling.cpp:92 (test_top_k)",
./logs/tests/smoke_help_20260710_071328.json:63039:        "/home/fekerr/src/irislime/llama.cpp/tests/test-sampling.cpp:89 (test_top_k)",
./logs/tests/smoke_help_20260710_071328.json:63045:        "/home/fekerr/src/irislime/llama.cpp/tests/test-sampling.cpp:92 (test_top_k)",
./logs/tests/smoke_help_20260710_071328.json:63051:        "/home/fekerr/src/irislime/llama.cpp/tests/test-sampling.cpp:89 (test_top_k)",
./logs/tests/smoke_help_20260710_071328.json:63057:        "/home/fekerr/src/irislime/llama.cpp/tests/test-sampling.cpp:92 (test_top_k)",
./logs/tests/smoke_help_20260710_071328.json:63063:        "/home/fekerr/src/irislime/llama.cpp/tests/test-sampling.cpp:100 (test_top_p)",
./logs/tests/smoke_help_20260710_071328.json:63069:        "/home/fekerr/src/irislime/llama.cpp/tests/test-sampling.cpp:103 (test_top_p)",
./logs/tests/smoke_help_20260710_071328.json:63072:        "/home/fekerr/src/irislime/llama.cpp/tests/test-sampling.cpp:100 (test_top_p)",
./logs/tests/smoke_help_20260710_071328.json:63078:        "/home/fekerr/src/irislime/llama.cpp/tests/test-sampling.cpp:103 (test_top_p)",
./logs/tests/smoke_help_20260710_071328.json:63082:        "/home/fekerr/src/irislime/llama.cpp/tests/test-sampling.cpp:100 (test_top_p)",
./logs/tests/smoke_help_20260710_071328.json:63088:        "/home/fekerr/src/irislime/llama.cpp/tests/test-sampling.cpp:103 (test_top_p)",
./logs/tests/smoke_help_20260710_071328.json:63093:        "/home/fekerr/src/irislime/llama.cpp/tests/test-sampling.cpp:100 (test_top_p)",
./logs/tests/smoke_help_20260710_071328.json:63099:        "/home/fekerr/src/irislime/llama.cpp/tests/test-sampling.cpp:103 (test_top_p)",
./logs/tests/smoke_help_20260710_071328.json:63105:        "/home/fekerr/src/irislime/llama.cpp/tests/test-sampling.cpp:111 (test_min_p)",
./logs/tests/smoke_help_20260710_071328.json:63111:        "/home/fekerr/src/irislime/llama.cpp/tests/test-sampling.cpp:114 (test_min_p)",
./logs/tests/smoke_help_20260710_071328.json:63117:        "/home/fekerr/src/irislime/llama.cpp/tests/test-sampling.cpp:111 (test_min_p)",
./logs/tests/smoke_help_20260710_071328.json:63123:        "/home/fekerr/src/irislime/llama.cpp/tests/test-sampling.cpp:114 (test_min_p)",
./logs/tests/smoke_help_20260710_071328.json:63129:        "/home/fekerr/src/irislime/llama.cpp/tests/test-sampling.cpp:111 (test_min_p)",
./logs/tests/smoke_help_20260710_071328.json:63135:        "/home/fekerr/src/irislime/llama.cpp/tests/test-sampling.cpp:114 (test_min_p)",
./logs/tests/smoke_help_20260710_071328.json:63140:        "/home/fekerr/src/irislime/llama.cpp/tests/test-sampling.cpp:111 (test_min_p)",
./logs/tests/smoke_help_20260710_071328.json:63146:        "/home/fekerr/src/irislime/llama.cpp/tests/test-sampling.cpp:114 (test_min_p)",
./logs/tests/smoke_help_20260710_071328.json:63151:        "/home/fekerr/src/irislime/llama.cpp/tests/test-sampling.cpp:111 (test_min_p)",
./logs/tests/smoke_help_20260710_071328.json:63157:        "/home/fekerr/src/irislime/llama.cpp/tests/test-sampling.cpp:114 (test_min_p)",
./logs/tests/smoke_help_20260710_071328.json:63161:        "/home/fekerr/src/irislime/llama.cpp/tests/test-sampling.cpp:111 (test_min_p)",
./logs/tests/smoke_help_20260710_071328.json:63167:        "/home/fekerr/src/irislime/llama.cpp/tests/test-sampling.cpp:114 (test_min_p)",
./logs/tests/smoke_help_20260710_071328.json:63171:        "/home/fekerr/src/irislime/llama.cpp/tests/test-sampling.cpp:111 (test_min_p)",
./logs/tests/smoke_help_20260710_071328.json:63177:        "/home/fekerr/src/irislime/llama.cpp/tests/test-sampling.cpp:114 (test_min_p)",
./logs/tests/smoke_help_20260710_071328.json:63180:        "/home/fekerr/src/irislime/llama.cpp/tests/test-sampling.cpp:111 (test_min_p)",
./logs/tests/smoke_help_20260710_071328.json:63186:        "/home/fekerr/src/irislime/llama.cpp/tests/test-sampling.cpp:114 (test_min_p)",
./logs/tests/smoke_help_20260710_071328.json:63189:        "/home/fekerr/src/irislime/llama.cpp/tests/test-sampling.cpp:111 (test_min_p)",
./logs/tests/smoke_help_20260710_071328.json:63195:        "/home/fekerr/src/irislime/llama.cpp/tests/test-sampling.cpp:114 (test_min_p)",
./logs/tests/smoke_help_20260710_071328.json:63199:        "/home/fekerr/src/irislime/llama.cpp/tests/test-sampling.cpp:122 (test_xtc)",
./logs/tests/smoke_help_20260710_071328.json:63205:        "/home/fekerr/src/irislime/llama.cpp/tests/test-sampling.cpp:124 (test_xtc)",
./logs/tests/smoke_help_20260710_071328.json:63208:        "/home/fekerr/src/irislime/llama.cpp/tests/test-sampling.cpp:122 (test_xtc)",
./logs/tests/smoke_help_20260710_071328.json:63214:        "/home/fekerr/src/irislime/llama.cpp/tests/test-sampling.cpp:124 (test_xtc)",
./logs/tests/smoke_help_20260710_071328.json:63218:        "/home/fekerr/src/irislime/llama.cpp/tests/test-sampling.cpp:122 (test_xtc)",
./logs/tests/smoke_help_20260710_071328.json:63224:        "/home/fekerr/src/irislime/llama.cpp/tests/test-sampling.cpp:124 (test_xtc)",
./logs/tests/smoke_help_20260710_071328.json:63230:        "/home/fekerr/src/irislime/llama.cpp/tests/test-sampling.cpp:122 (test_xtc)",
./logs/tests/smoke_help_20260710_071328.json:63236:        "/home/fekerr/src/irislime/llama.cpp/tests/test-sampling.cpp:124 (test_xtc)",
./logs/tests/smoke_help_20260710_071328.json:63242:        "/home/fekerr/src/irislime/llama.cpp/tests/test-sampling.cpp:132 (test_typical)",
./logs/tests/smoke_help_20260710_071328.json:63248:        "/home/fekerr/src/irislime/llama.cppempty DRY sequence breakers list in llama_sampler_init_dry_testing",
./logs/tests/smoke_help_20260710_071328.json:63254:        "/home/fekerr/src/irislime/llama.cpp/tests/test-sampling.cpp:132 (test_typical)",
./logs/tests/smoke_help_20260710_071328.json:63260:        "/home/fekerr/src/irislime/llama.cpp/tests/test-sampling.cpp:134 (test_typical)",
./logs/tests/smoke_help_20260710_071328.json:63265:        "/home/fekerr/src/irislime/llama.cpp/tests/test-sampling.cpp:153 (test_penalties)",
./logs/tests/smoke_help_20260710_071328.json:63272:        "/home/fekerr/src/irislime/llama.cpp/tests/test-sampling.cpp:156 (test_penalties)",
./logs/tests/smoke_help_20260710_071328.json:63279:        "/home/fekerr/src/irislime/llama.cpp/tests/test-sampling.cpp:153 (test_penalties)",
./logs/tests/smoke_help_20260710_071328.json:63286:        "/home/fekerr/src/irislime/llama.cpp/tests/test-sampling.cpp:156 (test_penalties)",
./logs/tests/smoke_help_20260710_071328.json:63293:        "/home/fekerr/src/irislime/llama.cpp/tests/test-sampling.cpp:153 (test_penalties)",
./logs/tests/smoke_help_20260710_071328.json:63300:        "/home/fekerr/src/irislime/llama.cpp/tests/test-sampling.cpp:156 (test_penalties)",
./logs/tests/smoke_help_20260710_071328.json:63307:        "/home/fekerr/src/irislime/llama.cpp/tests/test-sampling.cpp:153 (test_penalties)",
./logs/tests/smoke_help_20260710_071328.json:63314:        "/home/fekerr/src/irislime/llama.cpp/tests/test-sampling.cpp:156 (test_penalties)",
./logs/tests/smoke_help_20260710_071328.json:63321:        "/home/fekerr/src/irislime/llama.cpp/tests/test-sampling.cpp:153 (test_penalties)",
./logs/tests/smoke_help_20260710_071328.json:63328:        "/home/fekerr/src/irislime/llama.cpp/tests/test-sampling.cpp:156 (test_penalties)",
./logs/tests/smoke_help_20260710_071328.json:63335:        "/home/fekerr/src/irislime/llama.cpp/tests/test-sampling.cpp:153 (test_penalties)",
./logs/tests/smoke_help_20260710_071328.json:63342:        "/home/fekerr/src/irislime/llama.cpp/tests/test-sampling.cpp:156 (test_penalties)",
./logs/tests/smoke_help_20260710_071328.json:63349:        "/home/fekerr/src/irislime/llama.cpp/tests/test-sampling.cpp:177 (test_dry)",
./logs/tests/smoke_help_20260710_071328.json:63355:        "/home/fekerr/src/irislime/llama.cpp/tests/test-sampling.cpp:180 (test_dry)",
./logs/tests/smoke_help_20260710_071328.json:63361:        "/home/fekerr/src/irislime/llama.cpp/tests/test-sampling.cpp:177 (test_dry)",
./logs/tests/smoke_help_20260710_071328.json:63367:        "/home/fekerr/src/irislime/llama.cpp/tests/test-sampling.cpp:180 (test_dry)",
./logs/tests/smoke_help_20260710_071328.json:63373:        "/home/fekerr/src/irislime/llama.cpp/tests/test-sampling.cpp:177 (test_dry)",
./logs/tests/smoke_help_20260710_071328.json:63380:        "/home/fekerr/src/irislime/llama.cpp/tests/test-sampling.cpp:180 (test_dry)",
./logs/tests/smoke_help_20260710_071328.json:63387:        "/home/fekerr/src/irislime/llama.cpp/tests/test-sampling.cpp:177 (test_dry)",
./logs/tests/smoke_help_20260710_071328.json:63395:        "/home/fekerr/src/irislime/llama.cpp/tests/test-sampling.cpp:180 (test_dry)",
./logs/tests/smoke_help_20260710_071328.json:63402:        "/home/fekerr/src/irislime/llama.cpp/tests/test-sampling.cpp:177 (test_dry)",
./logs/tests/smoke_help_20260710_071328.json:63409:        "/home/fekerr/src/irislime/llama.cpp/tests/test-sampling.cpp:180 (test_dry)",
./logs/tests/smoke_help_20260710_071328.json:63416:        "/home/fekerr/src/irislime/llama.cpp/tests/test-sampling.cpp:187 (test_top_n_sigma)",
./logs/tests/smoke_help_20260710_071328.json:63422:        "/home/fekerr/src/irislime/llama.cpp/tests/test-sampling.cpp:190 (test_top_n_sigma)",
./logs/tests/smoke_help_20260710_071328.json:63428:        "/home/fekerr/src/irislime/llama.cpp/tests/test-sampling.cpp:187 (test_top_n_sigma)",
./logs/tests/smoke_help_20260710_071328.json:63434:        "/home/fekerr/src/irislime/llama.cpp/tests/test-sampling.cpp:190 (test_top_n_sigma)",
./logs/tests/smoke_help_20260710_071328.json:63440:        "/home/fekerr/src/irislime/llama.cpp/tests/test-sampling.cpp:187 (test_top_n_sigma)",
./logs/tests/smoke_help_20260710_071328.json:63446:        "/home/fekerr/src/irislime/llama.cpp/tests/test-sampling.cpp:190 (test_top_n_sigma)",
./logs/tests/smoke_help_20260710_071328.json:65182:        "    /home/fekerr/src/irislime/build/sycl_debug/bin/llama-batched -m model.gguf -p \"Hello my name is\" -n 32 -np 4",
./logs/tests/smoke_help_20260710_071328.json:65505:        "    /home/fekerr/src/irislime/build/sycl_debug/bin/llama-batched-bench -m model.gguf -c 2048 -b 2048 -ub 512 -npp 128,256,512 -ntg 128,256 -npl 1,2,4,8,16,32 [-pps]",
./logs/tests/smoke_help_20260710_071328.json:65517:        "usage: /home/fekerr/src/irislime/build/sycl_debug/bin/llama-bench [options]",
./logs/tests/smoke_help_20260710_071328.json:66510:        "  text generation:     /home/fekerr/src/irislime/build/sycl_debug/bin/llama-completion -m your_model.gguf -p \"I believe the meaning of life is\" -n 128 -no-cnv",
./logs/tests/smoke_help_20260710_071328.json:66512:        "  chat (conversation): /home/fekerr/src/irislime/build/sycl_debug/bin/llama-completion -m your_model.gguf -sys \"You are a helpful assistant\"",
./logs/tests/smoke_help_20260710_071328.json:66523:        "usage: /home/fekerr/src/irislime/build/sycl_debug/bin/llama-convert-llama2c-to-ggml [options]",
./logs/tests/smoke_help_20260710_071328.json:66850:        "    CPU only:   /home/fekerr/src/irislime/build/sycl_debug/bin/llama-cvector-generator -m ./llama-3.Q4_K_M.gguf",
./logs/tests/smoke_help_20260710_071328.json:66852:        "    with GPU:   /home/fekerr/src/irislime/build/sycl_debug/bin/llama-cvector-generator -m ./llama-3.Q4_K_M.gguf -ngl 99",
./logs/tests/smoke_help_20260710_071328.json:66854:        "    advanced:   /home/fekerr/src/irislime/build/sycl_debug/bin/llama-cvector-generator -m ./llama-3.Q4_K_M.gguf -ngl 99 --pca-iter 2000 --pca-batch 100",
./logs/tests/smoke_help_20260710_071328.json:66856:        "    using mean: /home/fekerr/src/irislime/build/sycl_debug/bin/llama-cvector-generator -m ./llama-3.Q4_K_M.gguf --method mean",
./logs/tests/smoke_help_20260710_071328.json:67182:        "  /home/fekerr/src/irislime/build/sycl_debug/bin/llama-debug -m model.gguf -p \"Hello my name is\" --verbose",
./logs/tests/smoke_help_20260710_071328.json:67188:        "  /home/fekerr/src/irislime/build/sycl_debug/bin/llama-debug -m model.gguf -p \"Hello my name is\" --save-logits",
./logs/tests/smoke_help_20260710_071328.json:68460:        "  /home/fekerr/src/irislime/build/sycl_debug/bin/llama-export-lora -m base-model.gguf --lora lora-file.gguf -o merged-model-f16.gguf",
./logs/tests/smoke_help_20260710_071328.json:69126:        "usage: /home/fekerr/src/irislime/build/sycl_debug/bin/llama-gguf data.gguf r|w [n]",
./logs/tests/smoke_help_20260710_071328.json:69151:        "usage: /home/fekerr/src/irislime/build/sycl_debug/bin/llama-gguf-split [options] GGUF_IN GGUF_OUT",
./logs/tests/smoke_help_20260710_071328.json:69470:        "    /home/fekerr/src/irislime/build/sycl_debug/bin/llama-idle -m model.gguf [-ngl n_gpu_layers]",
./logs/tests/smoke_help_20260710_071328.json:69796:        "    /home/fekerr/src/irislime/build/sycl_debug/bin/llama-imatrix \\",
./logs/tests/smoke_help_20260710_071328.json:70786:        "Usage: /home/fekerr/src/irislime/build/sycl_debug/bin/llama-lookup-merge [--help] lookup_part_1.bin lookup_part_2.bin ... lookup_merged.bin"
./logs/tests/smoke_help_20260710_071328.json:71499:        "Usage: /home/fekerr/src/irislime/build/sycl_debug/bin/llama-mtmd-cli [options] -m <model> --mmproj <mmproj> --image <image> --audio <audio> -p <prompt>",
./logs/tests/smoke_help_20260710_071328.json:71856:        "Usage: /home/fekerr/src/irislime/build/sycl_debug/bin/llama-mtmd-debug -m <model> --mmproj <mmproj> -p <mode> -n <size> --image <image> --audio <audio>",
./logs/tests/smoke_help_20260710_071328.json:72508:        "    /home/fekerr/src/irislime/build/sycl_debug/bin/llama-passkey -m model.gguf --junk 250 --pos 90 --keep 32 --grp-attn-n 2 [--seed 1234]",
./logs/tests/smoke_help_20260710_071328.json:72863:        "usage: /home/fekerr/src/irislime/build/sycl_debug/bin/llama-quantize [--help] [--allow-requantize] [--leave-output-tensor] [--pure] [--imatrix] [--include-weights]",
./logs/tests/smoke_help_20260710_071328.json:73593:        "    /home/fekerr/src/irislime/build/sycl_debug/bin/llama-retrieval --model ./models/bge-base-en-v1.5-f16.gguf --top-k 3 --context-file README.md --context-file License --chunk-size 100 --chunk-separator .",
./logs/tests/smoke_help_20260710_071328.json:74256:        "    /home/fekerr/src/irislime/build/sycl_debug/bin/llama-simple -m model.gguf [-n n_predict] [-ngl n_gpu_layers] [prompt]",
./logs/tests/smoke_help_20260710_071328.json:74270:        "    /home/fekerr/src/irislime/build/sycl_debug/bin/llama-simple-chat -m model.gguf [-c context_size] [-ngl n_gpu_layers]",
./logs/tests/smoke_help_20260710_071328.json:75104:        "Usage: /home/fekerr/src/irislime/build/sycl_debug/bin/llama-template-analysis [options]",
./logs/tests/smoke_help_20260710_071328.json:75112:        "  /home/fekerr/src/irislime/build/sycl_debug/bin/llama-template-analysis --all",
./logs/tests/smoke_help_20260710_071328.json:75113:        "  /home/fekerr/src/irislime/build/sycl_debug/bin/llama-template-analysis --template deepseek",
./logs/tests/smoke_help_20260710_071328.json:75114:        "  /home/fekerr/src/irislime/build/sycl_debug/bin/llama-template-analysis --template-file my-template.jinja"
./logs/tests/smoke_help_20260710_071328.json:75124:        "usage: /home/fekerr/src/irislime/build/sycl_debug/bin/llama-tokenize [options]",
./logs/tests/smoke_help_20260710_071328.json:75460:        "    /home/fekerr/src/irislime/build/sycl_debug/bin/llama-tts -m model.gguf -p \"Hello!\"",
./logs/tests/smoke_help_20260710_071328.json:75591:        "Usage: /home/fekerr/src/irislime/build/sycl_debug/bin/test-backend-ops [mode] [-o <op,..>] [-b <backend>] [-p <params regex>] [--output <console|sql|csv>] [--list-ops] [--show-coverage] [--test-file <path>] [-j <n>]",
./logs/tests/smoke_help_20260710_071328.json:75628:        "/home/fekerr/src/irislime/llama.cpp/ggml/src/ggml-cpu/ggml-cpu.c:3312: GGML_ASSERT(cplan->n_threads > 0) failed",
./logs/tests/smoke_help_20260710_071328.json:75629:        "/home/fekerr/src/irislime/build/sycl_debug/bin/libggml-base.so.0(+0x16c78) [0x75978ef46c78]",
./logs/tests/smoke_help_20260710_071328.json:75630:        "/home/fekerr/src/irislime/build/sycl_debug/bin/libggml-base.so.0(ggml_print_backtrace+0x231) [0x75978ef46c51]",
./logs/tests/smoke_help_20260710_071328.json:75631:        "/home/fekerr/src/irislime/build/sycl_debug/bin/libggml-base.so.0(ggml_abort+0x109) [0x75978ef45d29]",
./logs/tests/smoke_help_20260710_071328.json:75632:        "/home/fekerr/src/irislime/build/sycl_debug/bin/libggml-cpu.so.0(ggml_graph_compute+0x2b9) [0x75978f43f099]",
./logs/tests/smoke_help_20260710_071328.json:75633:        "/home/fekerr/src/irislime/build/sycl_debug/bin/test-barrier() [0x4068fc]",
./logs/tests/smoke_help_20260710_071328.json:75636:        "/home/fekerr/src/irislime/build/sycl_debug/bin/test-barrier() [0x4065b5]"
./logs/tests/smoke_help_20260710_071328.json:75663:        "/home/fekerr/src/irislime/build/sycl_debug/bin/libggml-base.so.0(+0x16c78) [0x775c44946c78]",
./logs/tests/smoke_help_20260710_071328.json:75664:        "/home/fekerr/src/irislime/build/sycl_debug/bin/libggml-base.so.0(ggml_print_backtrace+0x231) [0x775c44946c51]",
./logs/tests/smoke_help_20260710_071328.json:75665:        "/home/fekerr/src/irislime/build/sycl_debug/bin/libggml-base.so.0(+0x2d9f6) [0x775c4495d9f6]",
./logs/tests/smoke_help_20260710_071328.json:75669:        "/home/fekerr/src/irislime/build/sycl_debug/bin/test-chat() [0x48f81e]",
./logs/tests/smoke_help_20260710_071328.json:75670:        "/home/fekerr/src/irislime/build/sycl_debug/bin/test-chat() [0x48984b]",
./logs/tests/smoke_help_20260710_071328.json:75671:        "/home/fekerr/src/irislime/build/sycl_debug/bin/test-chat() [0x48bf85]",
./logs/tests/smoke_help_20260710_071328.json:75672:        "/home/fekerr/src/irislime/build/sycl_debug/bin/test-chat() [0x42f5d1]",
./logs/tests/smoke_help_20260710_071328.json:75675:        "/home/fekerr/src/irislime/build/sycl_debug/bin/test-chat() [0x429cf5]",
./logs/tests/smoke_help_20260710_071328.json:75758:        "Usage: /home/fekerr/src/irislime/build/sycl_debug/bin/test-gbnf-validator <grammar_filename> <input_filename>"
./logs/tests/smoke_help_20260710_071328.json:75768:        "/home/fekerr/src/irislime/build/sycl_debug/bin/libggml-base.so.0(+0x16c78) [0x7990d891ac78]",
./logs/tests/smoke_help_20260710_071328.json:75769:        "/home/fekerr/src/irislime/build/sycl_debug/bin/libggml-base.so.0(ggml_print_backtrace+0x231) [0x7990d891ac51]",
./logs/tests/smoke_help_20260710_071328.json:75770:        "/home/fekerr/src/irislime/build/sycl_debug/bin/libggml-base.so.0(+0x2d9f6) [0x7990d89319f6]",
./logs/tests/smoke_help_20260710_071328.json:75775:        "/home/fekerr/src/irislime/build/sycl_debug/bin/test-gguf() [0x408078]",
./logs/tests/smoke_help_20260710_071328.json:75778:        "/home/fekerr/src/irislime/build/sycl_debug/bin/test-gguf() [0x4079f5]",
./logs/tests/smoke_help_20260710_071328.json:75791:        "gguf_fetch: loaded from cache: /home/fekerr/.cache/llama.cpp/gguf-headers//ggml-org_Qwen3-0.6B-GGUF--Qwen3-0.6B-Q8_0.gguf.partial",
./logs/tests/smoke_help_20260710_071328.json:75803:        "gguf_fetch: loaded from cache: /home/fekerr/.cache/llama.cpp/gguf-headers//ggml-org_Qwen3-0.6B-GGUF--Qwen3-0.6B-Q8_0.gguf.partial",
./logs/tests/smoke_help_20260710_071328.json:75804:        "gguf_fetch: loaded from cache: /home/fekerr/.cache/llama.cpp/gguf-headers//ggml-org_GLM-4.6V-GGUF--GLM-4.6V-Q8_0-00001-of-00003.gguf.partial",
./logs/tests/smoke_help_20260710_071328.json:75806:        "gguf_fetch: loaded from cache: /home/fekerr/.cache/llama.cpp/gguf-headers//ggml-org_GLM-4.6V-GGUF--GLM-4.6V-Q8_0-00002-of-00003.gguf.partial",
./logs/tests/smoke_help_20260710_071328.json:75807:        "gguf_fetch: loaded from cache: /home/fekerr/.cache/llama.cpp/gguf-headers//ggml-org_GLM-4.6V-GGUF--GLM-4.6V-Q8_0-00003-of-00003.gguf.partial",
./logs/tests/smoke_help_20260710_071328.json:75819:        "gguf_fetch: loaded from cache: /home/fekerr/.cache/llama.cpp/gguf-headers//ggml-org_Step-3.5-Flash-GGUF--Step-3.5-Flash-Q4_K.gguf.partial",
./logs/tests/smoke_help_20260710_071328.json:77120:        "python: can't open file '/home/fekerr/src/irislime/build/sycl_debug/bin/./examples/json_schema_to_grammar.py': [Errno 2] No such file or directory",
./logs/tests/smoke_help_20260710_071328.json:83685:        "  /home/fekerr/src/irislime/build/sycl_debug/bin/test-quant-type-selection --generate"
./logs/tests/smoke_help_20260710_071328.json:83707:        "usage: /home/fekerr/src/irislime/build/sycl_debug/bin/test-quantize-perf [options]",
./logs/tests/smoke_help_20260710_071328.json:83730:        "usage: /home/fekerr/src/irislime/build/sycl_debug/bin/test-quantize-stats [options]",
./logs/tests/smoke_help_20260710_071328.json:84279:        "/home/fekerr/src/irislime/llama.cpp/tests/test-sampling.cpp:67 (test_temp)",
./logs/tests/smoke_help_20260710_071328.json:84285:        "/home/fekerr/src/irislime/llama.cpp/tests/test-sampling.cpp:70 (test_temp)",
./logs/tests/smoke_help_20260710_071328.json:84291:        "/home/fekerr/src/irislime/llama.cpp/tests/test-sampling.cpp:67 (test_temp)",
./logs/tests/smoke_help_20260710_071328.json:84297:        "/home/fekerr/src/irislime/llama.cpp/tests/test-sampling.cpp:70 (test_temp)",
./logs/tests/smoke_help_20260710_071328.json:84303:        "/home/fekerr/src/irislime/llama.cpp/tests/test-sampling.cpp:78 (test_temp_ext)",
./logs/tests/smoke_help_20260710_071328.json:84309:        "/home/fekerr/src/irislime/llama.cpp/tests/test-sampling.cpp:81 (test_temp_ext)",
./logs/tests/smoke_help_20260710_071328.json:84315:        "/home/fekerr/src/irislime/llama.cpp/tests/test-sampling.cpp:78 (test_temp_ext)",
./logs/tests/smoke_help_20260710_071328.json:84321:        "/home/fekerr/src/irislime/llama.cpp/tests/test-sampling.cpp:81 (test_temp_ext)",
./logs/tests/smoke_help_20260710_071328.json:84327:        "/home/fekerr/src/irislime/llama.cpp/tests/test-sampling.cpp:89 (test_top_k)",
./logs/tests/smoke_help_20260710_071328.json:84333:        "/home/fekerr/src/irislime/llama.cpp/tests/test-sampling.cpp:92 (test_top_k)",
./logs/tests/smoke_help_20260710_071328.json:84336:        "/home/fekerr/src/irislime/llama.cpp/tests/test-sampling.cpp:89 (test_top_k)",
./logs/tests/smoke_help_20260710_071328.json:84342:        "/home/fekerr/src/irislime/llama.cpp/tests/test-sampling.cpp:92 (test_top_k)",
./logs/tests/smoke_help_20260710_071328.json:84347:        "/home/fekerr/src/irislime/llama.cpp/tests/test-sampling.cpp:89 (test_top_k)",
./logs/tests/smoke_help_20260710_071328.json:84353:        "/home/fekerr/src/irislime/llama.cpp/tests/test-sampling.cpp:92 (test_top_k)",
./logs/tests/smoke_help_20260710_071328.json:84359:        "/home/fekerr/src/irislime/llama.cpp/tests/test-sampling.cpp:89 (test_top_k)",
./logs/tests/smoke_help_20260710_071328.json:84365:        "/home/fekerr/src/irislime/llama.cpp/tests/test-sampling.cpp:92 (test_top_k)",
./logs/tests/smoke_help_20260710_071328.json:84371:        "/home/fekerr/src/irislime/llama.cpp/tests/test-sampling.cpp:100 (test_top_p)",
./logs/tests/smoke_help_20260710_071328.json:84377:        "/home/fekerr/src/irislime/llama.cpp/tests/test-sampling.cpp:103 (test_top_p)",
./logs/tests/smoke_help_20260710_071328.json:84380:        "/home/fekerr/src/irislime/llama.cpp/tests/test-sampling.cpp:100 (test_top_p)",
./logs/tests/smoke_help_20260710_071328.json:84386:        "/home/fekerr/src/irislime/llama.cpp/tests/test-sampling.cpp:103 (test_top_p)",
./logs/tests/smoke_help_20260710_071328.json:84390:        "/home/fekerr/src/irislime/llama.cpp/tests/test-sampling.cpp:100 (test_top_p)",
./logs/tests/smoke_help_20260710_071328.json:84396:        "/home/fekerr/src/irislime/llama.cpp/tests/test-sampling.cpp:103 (test_top_p)",
./logs/tests/smoke_help_20260710_071328.json:84401:        "/home/fekerr/src/irislime/llama.cpp/tests/test-sampling.cpp:100 (test_top_p)",
./logs/tests/smoke_help_20260710_071328.json:84407:        "/home/fekerr/src/irislime/llama.cpp/tests/test-sampling.cpp:103 (test_top_p)",
./logs/tests/smoke_help_20260710_071328.json:84413:        "/home/fekerr/src/irislime/llama.cpp/tests/test-sampling.cpp:111 (test_min_p)",
./logs/tests/smoke_help_20260710_071328.json:84419:        "/home/fekerr/src/irislime/llama.cpp/tests/test-sampling.cpp:114 (test_min_p)",
./logs/tests/smoke_help_20260710_071328.json:84425:        "/home/fekerr/src/irislime/llama.cpp/tests/test-sampling.cpp:111 (test_min_p)",
./logs/tests/smoke_help_20260710_071328.json:84431:        "/home/fekerr/src/irislime/llama.cpp/tests/test-sampling.cpp:114 (test_min_p)",
./logs/tests/smoke_help_20260710_071328.json:84437:        "/home/fekerr/src/irislime/llama.cpp/tests/test-sampling.cpp:111 (test_min_p)",
./logs/tests/smoke_help_20260710_071328.json:84443:        "/home/fekerr/src/irislime/llama.cpp/tests/test-sampling.cpp:114 (test_min_p)",
./logs/tests/smoke_help_20260710_071328.json:84448:        "/home/fekerr/src/irislime/llama.cpp/tests/test-sampling.cpp:111 (test_min_p)",
./logs/tests/smoke_help_20260710_071328.json:84454:        "/home/fekerr/src/irislime/llama.cpp/tests/test-sampling.cpp:114 (test_min_p)",
./logs/tests/smoke_help_20260710_071328.json:84459:        "/home/fekerr/src/irislime/llama.cpp/tests/test-sampling.cpp:111 (test_min_p)",
./logs/tests/smoke_help_20260710_071328.json:84465:        "/home/fekerr/src/irislime/llama.cpp/tests/test-sampling.cpp:114 (test_min_p)",
./logs/tests/smoke_help_20260710_071328.json:84469:        "/home/fekerr/src/irislime/llama.cpp/tests/test-sampling.cpp:111 (test_min_p)",
./logs/tests/smoke_help_20260710_071328.json:84475:        "/home/fekerr/src/irislime/llama.cpp/tests/test-sampling.cpp:114 (test_min_p)",
./logs/tests/smoke_help_20260710_071328.json:84479:        "/home/fekerr/src/irislime/llama.cpp/tests/test-sampling.cpp:111 (test_min_p)",
./logs/tests/smoke_help_20260710_071328.json:84485:        "/home/fekerr/src/irislime/llama.cpp/tests/test-sampling.cpp:114 (test_min_p)",
./logs/tests/smoke_help_20260710_071328.json:84488:        "/home/fekerr/src/irislime/llama.cpp/tests/test-sampling.cpp:111 (test_min_p)",
./logs/tests/smoke_help_20260710_071328.json:84494:        "/home/fekerr/src/irislime/llama.cpp/tests/test-sampling.cpp:114 (test_min_p)",
./logs/tests/smoke_help_20260710_071328.json:84497:        "/home/fekerr/src/irislime/llama.cpp/tests/test-sampling.cpp:111 (test_min_p)",
./logs/tests/smoke_help_20260710_071328.json:84503:        "/home/fekerr/src/irislime/llama.cpp/tests/test-sampling.cpp:114 (test_min_p)",
./logs/tests/smoke_help_20260710_071328.json:84507:        "/home/fekerr/src/irislime/llama.cpp/tests/test-sampling.cpp:122 (test_xtc)",
./logs/tests/smoke_help_20260710_071328.json:84513:        "/home/fekerr/src/irislime/llama.cpp/tests/test-sampling.cpp:124 (test_xtc)",
./logs/tests/smoke_help_20260710_071328.json:84516:        "/home/fekerr/src/irislime/llama.cpp/tests/test-sampling.cpp:122 (test_xtc)",
./logs/tests/smoke_help_20260710_071328.json:84522:        "/home/fekerr/src/irislime/llama.cpp/tests/test-sampling.cpp:124 (test_xtc)",
./logs/tests/smoke_help_20260710_071328.json:84526:        "/home/fekerr/src/irislime/llama.cpp/tests/test-sampling.cpp:122 (test_xtc)",
./logs/tests/smoke_help_20260710_071328.json:84532:        "/home/fekerr/src/irislime/llama.cpp/tests/test-sampling.cpp:124 (test_xtc)",
./logs/tests/smoke_help_20260710_071328.json:84538:        "/home/fekerr/src/irislime/llama.cpp/tests/test-sampling.cpp:122 (test_xtc)",
./logs/tests/smoke_help_20260710_071328.json:84544:        "/home/fekerr/src/irislime/llama.cpp/tests/test-sampling.cpp:124 (test_xtc)",
./logs/tests/smoke_help_20260710_071328.json:84550:        "/home/fekerr/src/irislime/llama.cpp/tests/test-sampling.cpp:132 (test_typical)",
./logs/tests/smoke_help_20260710_071328.json:84556:        "/home/fekerr/src/irislime/llama.cppempty DRY sequence breakers list in llama_sampler_init_dry_testing",
./logs/tests/smoke_help_20260710_071328.json:84562:        "/home/fekerr/src/irislime/llama.cpp/tests/test-sampling.cpp:132 (test_typical)",
./logs/tests/smoke_help_20260710_071328.json:84568:        "/home/fekerr/src/irislime/llama.cpp/tests/test-sampling.cpp:134 (test_typical)",
./logs/tests/smoke_help_20260710_071328.json:84573:        "/home/fekerr/src/irislime/llama.cpp/tests/test-sampling.cpp:153 (test_penalties)",
./logs/tests/smoke_help_20260710_071328.json:84580:        "/home/fekerr/src/irislime/llama.cpp/tests/test-sampling.cpp:156 (test_penalties)",
./logs/tests/smoke_help_20260710_071328.json:84587:        "/home/fekerr/src/irislime/llama.cpp/tests/test-sampling.cpp:153 (test_penalties)",
./logs/tests/smoke_help_20260710_071328.json:84594:        "/home/fekerr/src/irislime/llama.cpp/tests/test-sampling.cpp:156 (test_penalties)",
./logs/tests/smoke_help_20260710_071328.json:84601:        "/home/fekerr/src/irislime/llama.cpp/tests/test-sampling.cpp:153 (test_penalties)",
./logs/tests/smoke_help_20260710_071328.json:84608:        "/home/fekerr/src/irislime/llama.cpp/tests/test-sampling.cpp:156 (test_penalties)",
./logs/tests/smoke_help_20260710_071328.json:84615:        "/home/fekerr/src/irislime/llama.cpp/tests/test-sampling.cpp:153 (test_penalties)",
./logs/tests/smoke_help_20260710_071328.json:84622:        "/home/fekerr/src/irislime/llama.cpp/tests/test-sampling.cpp:156 (test_penalties)",
./logs/tests/smoke_help_20260710_071328.json:84629:        "/home/fekerr/src/irislime/llama.cpp/tests/test-sampling.cpp:153 (test_penalties)",
./logs/tests/smoke_help_20260710_071328.json:84636:        "/home/fekerr/src/irislime/llama.cpp/tests/test-sampling.cpp:156 (test_penalties)",
./logs/tests/smoke_help_20260710_071328.json:84643:        "/home/fekerr/src/irislime/llama.cpp/tests/test-sampling.cpp:153 (test_penalties)",
./logs/tests/smoke_help_20260710_071328.json:84650:        "/home/fekerr/src/irislime/llama.cpp/tests/test-sampling.cpp:156 (test_penalties)",
./logs/tests/smoke_help_20260710_071328.json:84657:        "/home/fekerr/src/irislime/llama.cpp/tests/test-sampling.cpp:177 (test_dry)",
./logs/tests/smoke_help_20260710_071328.json:84663:        "/home/fekerr/src/irislime/llama.cpp/tests/test-sampling.cpp:180 (test_dry)",
./logs/tests/smoke_help_20260710_071328.json:84669:        "/home/fekerr/src/irislime/llama.cpp/tests/test-sampling.cpp:177 (test_dry)",
./logs/tests/smoke_help_20260710_071328.json:84675:        "/home/fekerr/src/irislime/llama.cpp/tests/test-sampling.cpp:180 (test_dry)",
./logs/tests/smoke_help_20260710_071328.json:84681:        "/home/fekerr/src/irislime/llama.cpp/tests/test-sampling.cpp:177 (test_dry)",
./logs/tests/smoke_help_20260710_071328.json:84688:        "/home/fekerr/src/irislime/llama.cpp/tests/test-sampling.cpp:180 (test_dry)",
./logs/tests/smoke_help_20260710_071328.json:84695:        "/home/fekerr/src/irislime/llama.cpp/tests/test-sampling.cpp:177 (test_dry)",
./logs/tests/smoke_help_20260710_071328.json:84703:        "/home/fekerr/src/irislime/llama.cpp/tests/test-sampling.cpp:180 (test_dry)",
./logs/tests/smoke_help_20260710_071328.json:84710:        "/home/fekerr/src/irislime/llama.cpp/tests/test-sampling.cpp:177 (test_dry)",
./logs/tests/smoke_help_20260710_071328.json:84717:        "/home/fekerr/src/irislime/llama.cpp/tests/test-sampling.cpp:180 (test_dry)",
./logs/tests/smoke_help_20260710_071328.json:84724:        "/home/fekerr/src/irislime/llama.cpp/tests/test-sampling.cpp:187 (test_top_n_sigma)",
./logs/tests/smoke_help_20260710_071328.json:84730:        "/home/fekerr/src/irislime/llama.cpp/tests/test-sampling.cpp:190 (test_top_n_sigma)",
./logs/tests/smoke_help_20260710_071328.json:84736:        "/home/fekerr/src/irislime/llama.cpp/tests/test-sampling.cpp:187 (test_top_n_sigma)",
./logs/tests/smoke_help_20260710_071328.json:84742:        "/home/fekerr/src/irislime/llama.cpp/tests/test-sampling.cpp:190 (test_top_n_sigma)",
./logs/tests/smoke_help_20260710_071328.json:84748:        "/home/fekerr/src/irislime/llama.cpp/tests/test-sampling.cpp:187 (test_top_n_sigma)",
./logs/tests/smoke_help_20260710_071328.json:84754:        "/home/fekerr/src/irislime/llama.cpp/tests/test-sampling.cpp:190 (test_top_n_sigma)",
./logs/tests/smoke_help_20260710_071328.json:86496:        "    /home/fekerr/src/irislime/build/sycl_release/bin/llama-batched -m model.gguf -p \"Hello my name is\" -n 32 -np 4",
./logs/tests/smoke_help_20260710_071328.json:86819:        "    /home/fekerr/src/irislime/build/sycl_release/bin/llama-batched-bench -m model.gguf -c 2048 -b 2048 -ub 512 -npp 128,256,512 -ntg 128,256 -npl 1,2,4,8,16,32 [-pps]",
./logs/tests/smoke_help_20260710_071328.json:86831:        "usage: /home/fekerr/src/irislime/build/sycl_release/bin/llama-bench [options]",
./logs/tests/smoke_help_20260710_071328.json:87824:        "  text generation:     /home/fekerr/src/irislime/build/sycl_release/bin/llama-completion -m your_model.gguf -p \"I believe the meaning of life is\" -n 128 -no-cnv",
./logs/tests/smoke_help_20260710_071328.json:87826:        "  chat (conversation): /home/fekerr/src/irislime/build/sycl_release/bin/llama-completion -m your_model.gguf -sys \"You are a helpful assistant\"",
./logs/tests/smoke_help_20260710_071328.json:87837:        "usage: /home/fekerr/src/irislime/build/sycl_release/bin/llama-convert-llama2c-to-ggml [options]",
./logs/tests/smoke_help_20260710_071328.json:88164:        "    CPU only:   /home/fekerr/src/irislime/build/sycl_release/bin/llama-cvector-generator -m ./llama-3.Q4_K_M.gguf",
./logs/tests/smoke_help_20260710_071328.json:88166:        "    with GPU:   /home/fekerr/src/irislime/build/sycl_release/bin/llama-cvector-generator -m ./llama-3.Q4_K_M.gguf -ngl 99",
./logs/tests/smoke_help_20260710_071328.json:88168:        "    advanced:   /home/fekerr/src/irislime/build/sycl_release/bin/llama-cvector-generator -m ./llama-3.Q4_K_M.gguf -ngl 99 --pca-iter 2000 --pca-batch 100",
./logs/tests/smoke_help_20260710_071328.json:88170:        "    using mean: /home/fekerr/src/irislime/build/sycl_release/bin/llama-cvector-generator -m ./llama-3.Q4_K_M.gguf --method mean",
./logs/tests/smoke_help_20260710_071328.json:88496:        "  /home/fekerr/src/irislime/build/sycl_release/bin/llama-debug -m model.gguf -p \"Hello my name is\" --verbose",
./logs/tests/smoke_help_20260710_071328.json:88502:        "  /home/fekerr/src/irislime/build/sycl_release/bin/llama-debug -m model.gguf -p \"Hello my name is\" --save-logits",
./logs/tests/smoke_help_20260710_071328.json:89774:        "  /home/fekerr/src/irislime/build/sycl_release/bin/llama-export-lora -m base-model.gguf --lora lora-file.gguf -o merged-model-f16.gguf",
./logs/tests/smoke_help_20260710_071328.json:90440:        "usage: /home/fekerr/src/irislime/build/sycl_release/bin/llama-gguf data.gguf r|w [n]",
./logs/tests/smoke_help_20260710_071328.json:90465:        "usage: /home/fekerr/src/irislime/build/sycl_release/bin/llama-gguf-split [options] GGUF_IN GGUF_OUT",
./logs/tests/smoke_help_20260710_071328.json:90784:        "    /home/fekerr/src/irislime/build/sycl_release/bin/llama-idle -m model.gguf [-ngl n_gpu_layers]",
./logs/tests/smoke_help_20260710_071328.json:91110:        "    /home/fekerr/src/irislime/build/sycl_release/bin/llama-imatrix \\",
./logs/tests/smoke_help_20260710_071328.json:92100:        "Usage: /home/fekerr/src/irislime/build/sycl_release/bin/llama-lookup-merge [--help] lookup_part_1.bin lookup_part_2.bin ... lookup_merged.bin"
./logs/tests/smoke_help_20260710_071328.json:92813:        "Usage: /home/fekerr/src/irislime/build/sycl_release/bin/llama-mtmd-cli [options] -m <model> --mmproj <mmproj> --image <image> --audio <audio> -p <prompt>",
./logs/tests/smoke_help_20260710_071328.json:93170:        "Usage: /home/fekerr/src/irislime/build/sycl_release/bin/llama-mtmd-debug -m <model> --mmproj <mmproj> -p <mode> -n <size> --image <image> --audio <audio>",
./logs/tests/smoke_help_20260710_071328.json:93822:        "    /home/fekerr/src/irislime/build/sycl_release/bin/llama-passkey -m model.gguf --junk 250 --pos 90 --keep 32 --grp-attn-n 2 [--seed 1234]",
./logs/tests/smoke_help_20260710_071328.json:94177:        "usage: /home/fekerr/src/irislime/build/sycl_release/bin/llama-quantize [--help] [--allow-requantize] [--leave-output-tensor] [--pure] [--imatrix] [--include-weights]",
./logs/tests/smoke_help_20260710_071328.json:94907:        "    /home/fekerr/src/irislime/build/sycl_release/bin/llama-retrieval --model ./models/bge-base-en-v1.5-f16.gguf --top-k 3 --context-file README.md --context-file License --chunk-size 100 --chunk-separator .",
./logs/tests/smoke_help_20260710_071328.json:95570:        "    /home/fekerr/src/irislime/build/sycl_release/bin/llama-simple -m model.gguf [-n n_predict] [-ngl n_gpu_layers] [prompt]",
./logs/tests/smoke_help_20260710_071328.json:95584:        "    /home/fekerr/src/irislime/build/sycl_release/bin/llama-simple-chat -m model.gguf [-c context_size] [-ngl n_gpu_layers]",
./logs/tests/smoke_help_20260710_071328.json:96418:        "Usage: /home/fekerr/src/irislime/build/sycl_release/bin/llama-template-analysis [options]",
./logs/tests/smoke_help_20260710_071328.json:96426:        "  /home/fekerr/src/irislime/build/sycl_release/bin/llama-template-analysis --all",
./logs/tests/smoke_help_20260710_071328.json:96427:        "  /home/fekerr/src/irislime/build/sycl_release/bin/llama-template-analysis --template deepseek",
./logs/tests/smoke_help_20260710_071328.json:96428:        "  /home/fekerr/src/irislime/build/sycl_release/bin/llama-template-analysis --template-file my-template.jinja"
./logs/tests/smoke_help_20260710_071328.json:96438:        "usage: /home/fekerr/src/irislime/build/sycl_release/bin/llama-tokenize [options]",
./logs/tests/smoke_help_20260710_071328.json:96774:        "    /home/fekerr/src/irislime/build/sycl_release/bin/llama-tts -m model.gguf -p \"Hello!\"",
./logs/tests/smoke_help_20260710_071328.json:96905:        "Usage: /home/fekerr/src/irislime/build/sycl_release/bin/test-backend-ops [mode] [-o <op,..>] [-b <backend>] [-p <params regex>] [--output <console|sql|csv>] [--list-ops] [--show-coverage] [--test-file <path>] [-j <n>]",
./logs/tests/smoke_help_20260710_071328.json:96942:        "/home/fekerr/src/irislime/llama.cpp/ggml/src/ggml-cpu/ggml-cpu.c:3312: GGML_ASSERT(cplan->n_threads > 0) failed",
./logs/tests/smoke_help_20260710_071328.json:96943:        "/home/fekerr/src/irislime/build/sycl_release/bin/libggml-base.so.0(+0x16c78) [0x748ded6b6c78]",
./logs/tests/smoke_help_20260710_071328.json:96944:        "/home/fekerr/src/irislime/build/sycl_release/bin/libggml-base.so.0(ggml_print_backtrace+0x231) [0x748ded6b6c51]",
./logs/tests/smoke_help_20260710_071328.json:96945:        "/home/fekerr/src/irislime/build/sycl_release/bin/libggml-base.so.0(ggml_abort+0x109) [0x748ded6b5d29]",
./logs/tests/smoke_help_20260710_071328.json:96946:        "/home/fekerr/src/irislime/build/sycl_release/bin/libggml-cpu.so.0(ggml_graph_compute+0x2b9) [0x748decc3f099]",
./logs/tests/smoke_help_20260710_071328.json:96947:        "/home/fekerr/src/irislime/build/sycl_release/bin/test-barrier() [0x4068fc]",
./logs/tests/smoke_help_20260710_071328.json:96950:        "/home/fekerr/src/irislime/build/sycl_release/bin/test-barrier() [0x4065b5]"
./logs/tests/smoke_help_20260710_071328.json:96977:        "/home/fekerr/src/irislime/build/sycl_release/bin/libggml-base.so.0(+0x16c78) [0x7a6ce6436c78]",
./logs/tests/smoke_help_20260710_071328.json:96978:        "/home/fekerr/src/irislime/build/sycl_release/bin/libggml-base.so.0(ggml_print_backtrace+0x231) [0x7a6ce6436c51]",
./logs/tests/smoke_help_20260710_071328.json:96979:        "/home/fekerr/src/irislime/build/sycl_release/bin/libggml-base.so.0(+0x2d9f6) [0x7a6ce644d9f6]",
./logs/tests/smoke_help_20260710_071328.json:96983:        "/home/fekerr/src/irislime/build/sycl_release/bin/test-chat() [0x48f81e]",
./logs/tests/smoke_help_20260710_071328.json:96984:        "/home/fekerr/src/irislime/build/sycl_release/bin/test-chat() [0x48984b]",
./logs/tests/smoke_help_20260710_071328.json:96985:        "/home/fekerr/src/irislime/build/sycl_release/bin/test-chat() [0x48bf85]",
./logs/tests/smoke_help_20260710_071328.json:96986:        "/home/fekerr/src/irislime/build/sycl_release/bin/test-chat() [0x42f5d1]",
./logs/tests/smoke_help_20260710_071328.json:96989:        "/home/fekerr/src/irislime/build/sycl_release/bin/test-chat() [0x429cf5]",
./logs/tests/smoke_help_20260710_071328.json:97072:        "Usage: /home/fekerr/src/irislime/build/sycl_release/bin/test-gbnf-validator <grammar_filename> <input_filename>"
./logs/tests/smoke_help_20260710_071328.json:97082:        "/home/fekerr/src/irislime/build/sycl_release/bin/libggml-base.so.0(+0x16c78) [0x7f5f20266c78]",
./logs/tests/smoke_help_20260710_071328.json:97083:        "/home/fekerr/src/irislime/build/sycl_release/bin/libggml-base.so.0(ggml_print_backtrace+0x231) [0x7f5f20266c51]",
./logs/tests/smoke_help_20260710_071328.json:97084:        "/home/fekerr/src/irislime/build/sycl_release/bin/libggml-base.so.0(+0x2d9f6) [0x7f5f2027d9f6]",
./logs/tests/smoke_help_20260710_071328.json:97089:        "/home/fekerr/src/irislime/build/sycl_release/bin/test-gguf() [0x408078]",
./logs/tests/smoke_help_20260710_071328.json:97092:        "/home/fekerr/src/irislime/build/sycl_release/bin/test-gguf() [0x4079f5]",
./logs/tests/smoke_help_20260710_071328.json:97105:        "gguf_fetch: loaded from cache: /home/fekerr/.cache/llama.cpp/gguf-headers//ggml-org_Qwen3-0.6B-GGUF--Qwen3-0.6B-Q8_0.gguf.partial",
./logs/tests/smoke_help_20260710_071328.json:97117:        "gguf_fetch: loaded from cache: /home/fekerr/.cache/llama.cpp/gguf-headers//ggml-org_Qwen3-0.6B-GGUF--Qwen3-0.6B-Q8_0.gguf.partial",
./logs/tests/smoke_help_20260710_071328.json:97118:        "gguf_fetch: loaded from cache: /home/fekerr/.cache/llama.cpp/gguf-headers//ggml-org_GLM-4.6V-GGUF--GLM-4.6V-Q8_0-00001-of-00003.gguf.partial",
./logs/tests/smoke_help_20260710_071328.json:97120:        "gguf_fetch: loaded from cache: /home/fekerr/.cache/llama.cpp/gguf-headers//ggml-org_GLM-4.6V-GGUF--GLM-4.6V-Q8_0-00002-of-00003.gguf.partial",
./logs/tests/smoke_help_20260710_071328.json:97121:        "gguf_fetch: loaded from cache: /home/fekerr/.cache/llama.cpp/gguf-headers//ggml-org_GLM-4.6V-GGUF--GLM-4.6V-Q8_0-00003-of-00003.gguf.partial",
./logs/tests/smoke_help_20260710_071328.json:97133:        "gguf_fetch: loaded from cache: /home/fekerr/.cache/llama.cpp/gguf-headers//ggml-org_Step-3.5-Flash-GGUF--Step-3.5-Flash-Q4_K.gguf.partial",
./logs/tests/smoke_help_20260710_071328.json:98434:        "python: can't open file '/home/fekerr/src/irislime/build/sycl_release/bin/./examples/json_schema_to_grammar.py': [Errno 2] No such file or directory",
./logs/tests/smoke_help_20260710_071328.json:105035:        "  /home/fekerr/src/irislime/build/sycl_release/bin/test-quant-type-selection --generate"
./logs/tests/smoke_help_20260710_071328.json:105057:        "usage: /home/fekerr/src/irislime/build/sycl_release/bin/test-quantize-perf [options]",
./logs/tests/smoke_help_20260710_071328.json:105080:        "usage: /home/fekerr/src/irislime/build/sycl_release/bin/test-quantize-stats [options]",
./logs/tests/smoke_help_20260710_071328.json:105629:        "/home/fekerr/src/irislime/llama.cpp/tests/test-sampling.cpp:67 (test_temp)",
./logs/tests/smoke_help_20260710_071328.json:105635:        "/home/fekerr/src/irislime/llama.cpp/tests/test-sampling.cpp:70 (test_temp)",
./logs/tests/smoke_help_20260710_071328.json:105641:        "/home/fekerr/src/irislime/llama.cpp/tests/test-sampling.cpp:67 (test_temp)",
./logs/tests/smoke_help_20260710_071328.json:105647:        "/home/fekerr/src/irislime/llama.cpp/tests/test-sampling.cpp:70 (test_temp)",
./logs/tests/smoke_help_20260710_071328.json:105653:        "/home/fekerr/src/irislime/llama.cpp/tests/test-sampling.cpp:78 (test_temp_ext)",
./logs/tests/smoke_help_20260710_071328.json:105659:        "/home/fekerr/src/irislime/llama.cpp/tests/test-sampling.cpp:81 (test_temp_ext)",
./logs/tests/smoke_help_20260710_071328.json:105665:        "/home/fekerr/src/irislime/llama.cpp/tests/test-sampling.cpp:78 (test_temp_ext)",
./logs/tests/smoke_help_20260710_071328.json:105671:        "/home/fekerr/src/irislime/llama.cpp/tests/test-sampling.cpp:81 (test_temp_ext)",
./logs/tests/smoke_help_20260710_071328.json:105677:        "/home/fekerr/src/irislime/llama.cpp/tests/test-sampling.cpp:89 (test_top_k)",
./logs/tests/smoke_help_20260710_071328.json:105683:        "/home/fekerr/src/irislime/llama.cpp/tests/test-sampling.cpp:92 (test_top_k)",
./logs/tests/smoke_help_20260710_071328.json:105686:        "/home/fekerr/src/irislime/llama.cpp/tests/test-sampling.cpp:89 (test_top_k)",
./logs/tests/smoke_help_20260710_071328.json:105692:        "/home/fekerr/src/irislime/llama.cpp/tests/test-sampling.cpp:92 (test_top_k)",
./logs/tests/smoke_help_20260710_071328.json:105697:        "/home/fekerr/src/irislime/llama.cpp/tests/test-sampling.cpp:89 (test_top_k)",
./logs/tests/smoke_help_20260710_071328.json:105703:        "/home/fekerr/src/irislime/llama.cpp/tests/test-sampling.cpp:92 (test_top_k)",
./logs/tests/smoke_help_20260710_071328.json:105709:        "/home/fekerr/src/irislime/llama.cpp/tests/test-sampling.cpp:89 (test_top_k)",
./logs/tests/smoke_help_20260710_071328.json:105715:        "/home/fekerr/src/irislime/llama.cpp/tests/test-sampling.cpp:92 (test_top_k)",
./logs/tests/smoke_help_20260710_071328.json:105721:        "/home/fekerr/src/irislime/llama.cpp/tests/test-sampling.cpp:100 (test_top_p)",
./logs/tests/smoke_help_20260710_071328.json:105727:        "/home/fekerr/src/irislime/llama.cpp/tests/test-sampling.cpp:103 (test_top_p)",
./logs/tests/smoke_help_20260710_071328.json:105730:        "/home/fekerr/src/irislime/llama.cpp/tests/test-sampling.cpp:100 (test_top_p)",
./logs/tests/smoke_help_20260710_071328.json:105736:        "/home/fekerr/src/irislime/llama.cpp/tests/test-sampling.cpp:103 (test_top_p)",
./logs/tests/smoke_help_20260710_071328.json:105740:        "/home/fekerr/src/irislime/llama.cpp/tests/test-sampling.cpp:100 (test_top_p)",
./logs/tests/smoke_help_20260710_071328.json:105746:        "/home/fekerr/src/irislime/llama.cpp/tests/test-sampling.cpp:103 (test_top_p)",
./logs/tests/smoke_help_20260710_071328.json:105751:        "/home/fekerr/src/irislime/llama.cpp/tests/test-sampling.cpp:100 (test_top_p)",
./logs/tests/smoke_help_20260710_071328.json:105757:        "/home/fekerr/src/irislime/llama.cpp/tests/test-sampling.cpp:103 (test_top_p)",
./logs/tests/smoke_help_20260710_071328.json:105763:        "/home/fekerr/src/irislime/llama.cpp/tests/test-sampling.cpp:111 (test_min_p)",
./logs/tests/smoke_help_20260710_071328.json:105769:        "/home/fekerr/src/irislime/llama.cpp/tests/test-sampling.cpp:114 (test_min_p)",
./logs/tests/smoke_help_20260710_071328.json:105775:        "/home/fekerr/src/irislime/llama.cpp/tests/test-sampling.cpp:111 (test_min_p)",
./logs/tests/smoke_help_20260710_071328.json:105781:        "/home/fekerr/src/irislime/llama.cpp/tests/test-sampling.cpp:114 (test_min_p)",
./logs/tests/smoke_help_20260710_071328.json:105787:        "/home/fekerr/src/irislime/llama.cpp/tests/test-sampling.cpp:111 (test_min_p)",
./logs/tests/smoke_help_20260710_071328.json:105793:        "/home/fekerr/src/irislime/llama.cpp/tests/test-sampling.cpp:114 (test_min_p)",
./logs/tests/smoke_help_20260710_071328.json:105798:        "/home/fekerr/src/irislime/llama.cpp/tests/test-sampling.cpp:111 (test_min_p)",
./logs/tests/smoke_help_20260710_071328.json:105804:        "/home/fekerr/src/irislime/llama.cpp/tests/test-sampling.cpp:114 (test_min_p)",
./logs/tests/smoke_help_20260710_071328.json:105809:        "/home/fekerr/src/irislime/llama.cpp/tests/test-sampling.cpp:111 (test_min_p)",
./logs/tests/smoke_help_20260710_071328.json:105815:        "/home/fekerr/src/irislime/llama.cpp/tests/test-sampling.cpp:114 (test_min_p)",
./logs/tests/smoke_help_20260710_071328.json:105819:        "/home/fekerr/src/irislime/llama.cpp/tests/test-sampling.cpp:111 (test_min_p)",
./logs/tests/smoke_help_20260710_071328.json:105825:        "/home/fekerr/src/irislime/llama.cpp/tests/test-sampling.cpp:114 (test_min_p)",
./logs/tests/smoke_help_20260710_071328.json:105829:        "/home/fekerr/src/irislime/llama.cpp/tests/test-sampling.cpp:111 (test_min_p)",
./logs/tests/smoke_help_20260710_071328.json:105835:        "/home/fekerr/src/irislime/llama.cpp/tests/test-sampling.cpp:114 (test_min_p)",
./logs/tests/smoke_help_20260710_071328.json:105838:        "/home/fekerr/src/irislime/llama.cpp/tests/test-sampling.cpp:111 (test_min_p)",
./logs/tests/smoke_help_20260710_071328.json:105844:        "/home/fekerr/src/irislime/llama.cpp/tests/test-sampling.cpp:114 (test_min_p)",
./logs/tests/smoke_help_20260710_071328.json:105847:        "/home/fekerr/src/irislime/llama.cpp/tests/test-sampling.cpp:111 (test_min_p)",
./logs/tests/smoke_help_20260710_071328.json:105853:        "/home/fekerr/src/irislime/llama.cpp/tests/test-sampling.cpp:114 (test_min_p)",
./logs/tests/smoke_help_20260710_071328.json:105857:        "/home/fekerr/src/irislime/llama.cpp/tests/test-sampling.cpp:122 (test_xtc)",
./logs/tests/smoke_help_20260710_071328.json:105863:        "/home/fekerr/src/irislime/llama.cpp/tests/test-sampling.cpp:124 (test_xtc)",
./logs/tests/smoke_help_20260710_071328.json:105866:        "/home/fekerr/src/irislime/llama.cpp/tests/test-sampling.cpp:122 (test_xtc)",
./logs/tests/smoke_help_20260710_071328.json:105872:        "/home/fekerr/src/irislime/llama.cpp/tests/test-sampling.cpp:124 (test_xtc)",
./logs/tests/smoke_help_20260710_071328.json:105876:        "/home/fekerr/src/irislime/llama.cpp/tests/test-sampling.cpp:122 (test_xtc)",
./logs/tests/smoke_help_20260710_071328.json:105882:        "/home/fekerr/src/irislime/llama.cpp/tests/test-sampling.cpp:124 (test_xtc)",
./logs/tests/smoke_help_20260710_071328.json:105888:        "/home/fekerr/src/irislime/llama.cpp/tests/test-sampling.cpp:122 (test_xtc)",
./logs/tests/smoke_help_20260710_071328.json:105894:        "/home/fekerr/src/irislime/llama.cpp/tests/test-sampling.cpp:124 (test_xtc)",
./logs/tests/smoke_help_20260710_071328.json:105900:        "/home/fekerr/src/irislime/llama.cpp/tests/test-sampling.cpp:132 (test_typical)",
./logs/tests/smoke_help_20260710_071328.json:105906:        "/home/fekerr/src/irislime/llama.cppempty DRY sequence breakers list in llama_sampler_init_dry_testing",
./logs/tests/smoke_help_20260710_071328.json:105912:        "/home/fekerr/src/irislime/llama.cpp/tests/test-sampling.cpp:132 (test_typical)",
./logs/tests/smoke_help_20260710_071328.json:105918:        "/home/fekerr/src/irislime/llama.cpp/tests/test-sampling.cpp:134 (test_typical)",
./logs/tests/smoke_help_20260710_071328.json:105923:        "/home/fekerr/src/irislime/llama.cpp/tests/test-sampling.cpp:153 (test_penalties)",
./logs/tests/smoke_help_20260710_071328.json:105930:        "/home/fekerr/src/irislime/llama.cpp/tests/test-sampling.cpp:156 (test_penalties)",
./logs/tests/smoke_help_20260710_071328.json:105937:        "/home/fekerr/src/irislime/llama.cpp/tests/test-sampling.cpp:153 (test_penalties)",
./logs/tests/smoke_help_20260710_071328.json:105944:        "/home/fekerr/src/irislime/llama.cpp/tests/test-sampling.cpp:156 (test_penalties)",
./logs/tests/smoke_help_20260710_071328.json:105951:        "/home/fekerr/src/irislime/llama.cpp/tests/test-sampling.cpp:153 (test_penalties)",
./logs/tests/smoke_help_20260710_071328.json:105958:        "/home/fekerr/src/irislime/llama.cpp/tests/test-sampling.cpp:156 (test_penalties)",
./logs/tests/smoke_help_20260710_071328.json:105965:        "/home/fekerr/src/irislime/llama.cpp/tests/test-sampling.cpp:153 (test_penalties)",
./logs/tests/smoke_help_20260710_071328.json:105972:        "/home/fekerr/src/irislime/llama.cpp/tests/test-sampling.cpp:156 (test_penalties)",
./logs/tests/smoke_help_20260710_071328.json:105979:        "/home/fekerr/src/irislime/llama.cpp/tests/test-sampling.cpp:153 (test_penalties)",
./logs/tests/smoke_help_20260710_071328.json:105986:        "/home/fekerr/src/irislime/llama.cpp/tests/test-sampling.cpp:156 (test_penalties)",
./logs/tests/smoke_help_20260710_071328.json:105993:        "/home/fekerr/src/irislime/llama.cpp/tests/test-sampling.cpp:153 (test_penalties)",
./logs/tests/smoke_help_20260710_071328.json:106000:        "/home/fekerr/src/irislime/llama.cpp/tests/test-sampling.cpp:156 (test_penalties)",
./logs/tests/smoke_help_20260710_071328.json:106007:        "/home/fekerr/src/irislime/llama.cpp/tests/test-sampling.cpp:177 (test_dry)",
./logs/tests/smoke_help_20260710_071328.json:106013:        "/home/fekerr/src/irislime/llama.cpp/tests/test-sampling.cpp:180 (test_dry)",
./logs/tests/smoke_help_20260710_071328.json:106019:        "/home/fekerr/src/irislime/llama.cpp/tests/test-sampling.cpp:177 (test_dry)",
./logs/tests/smoke_help_20260710_071328.json:106025:        "/home/fekerr/src/irislime/llama.cpp/tests/test-sampling.cpp:180 (test_dry)",
./logs/tests/smoke_help_20260710_071328.json:106031:        "/home/fekerr/src/irislime/llama.cpp/tests/test-sampling.cpp:177 (test_dry)",
./logs/tests/smoke_help_20260710_071328.json:106038:        "/home/fekerr/src/irislime/llama.cpp/tests/test-sampling.cpp:180 (test_dry)",
./logs/tests/smoke_help_20260710_071328.json:106045:        "/home/fekerr/src/irislime/llama.cpp/tests/test-sampling.cpp:177 (test_dry)",
./logs/tests/smoke_help_20260710_071328.json:106053:        "/home/fekerr/src/irislime/llama.cpp/tests/test-sampling.cpp:180 (test_dry)",
./logs/tests/smoke_help_20260710_071328.json:106060:        "/home/fekerr/src/irislime/llama.cpp/tests/test-sampling.cpp:177 (test_dry)",
./logs/tests/smoke_help_20260710_071328.json:106067:        "/home/fekerr/src/irislime/llama.cpp/tests/test-sampling.cpp:180 (test_dry)",
./logs/tests/smoke_help_20260710_071328.json:106074:        "/home/fekerr/src/irislime/llama.cpp/tests/test-sampling.cpp:187 (test_top_n_sigma)",
./logs/tests/smoke_help_20260710_071328.json:106080:        "/home/fekerr/src/irislime/llama.cpp/tests/test-sampling.cpp:190 (test_top_n_sigma)",
./logs/tests/smoke_help_20260710_071328.json:106086:        "/home/fekerr/src/irislime/llama.cpp/tests/test-sampling.cpp:187 (test_top_n_sigma)",
./logs/tests/smoke_help_20260710_071328.json:106092:        "/home/fekerr/src/irislime/llama.cpp/tests/test-sampling.cpp:190 (test_top_n_sigma)",
./logs/tests/smoke_help_20260710_071328.json:106098:        "/home/fekerr/src/irislime/llama.cpp/tests/test-sampling.cpp:187 (test_top_n_sigma)",
./logs/tests/smoke_help_20260710_071328.json:106104:        "/home/fekerr/src/irislime/llama.cpp/tests/test-sampling.cpp:190 (test_top_n_sigma)",
./logs/tests/smoke_help_20260710_071328.json:107854:        "    /home/fekerr/src/irislime/build/sycl_relwithdebinfo/bin/llama-batched -m model.gguf -p \"Hello my name is\" -n 32 -np 4",
./logs/tests/smoke_help_20260710_071328.json:108177:        "    /home/fekerr/src/irislime/build/sycl_relwithdebinfo/bin/llama-batched-bench -m model.gguf -c 2048 -b 2048 -ub 512 -npp 128,256,512 -ntg 128,256 -npl 1,2,4,8,16,32 [-pps]",
./logs/tests/smoke_help_20260710_071328.json:108190:        "usage: /home/fekerr/src/irislime/build/sycl_relwithdebinfo/bin/llama-bench [options]",
./logs/tests/smoke_help_20260710_071328.json:109183:        "  text generation:     /home/fekerr/src/irislime/build/sycl_relwithdebinfo/bin/llama-completion -m your_model.gguf -p \"I believe the meaning of life is\" -n 128 -no-cnv",
./logs/tests/smoke_help_20260710_071328.json:109185:        "  chat (conversation): /home/fekerr/src/irislime/build/sycl_relwithdebinfo/bin/llama-completion -m your_model.gguf -sys \"You are a helpful assistant\"",
./logs/tests/smoke_help_20260710_071328.json:109196:        "usage: /home/fekerr/src/irislime/build/sycl_relwithdebinfo/bin/llama-convert-llama2c-to-ggml [options]",
./logs/tests/smoke_help_20260710_071328.json:109523:        "    CPU only:   /home/fekerr/src/irislime/build/sycl_relwithdebinfo/bin/llama-cvector-generator -m ./llama-3.Q4_K_M.gguf",
./logs/tests/smoke_help_20260710_071328.json:109525:        "    with GPU:   /home/fekerr/src/irislime/build/sycl_relwithdebinfo/bin/llama-cvector-generator -m ./llama-3.Q4_K_M.gguf -ngl 99",
./logs/tests/smoke_help_20260710_071328.json:109527:        "    advanced:   /home/fekerr/src/irislime/build/sycl_relwithdebinfo/bin/llama-cvector-generator -m ./llama-3.Q4_K_M.gguf -ngl 99 --pca-iter 2000 --pca-batch 100",
./logs/tests/smoke_help_20260710_071328.json:109529:        "    using mean: /home/fekerr/src/irislime/build/sycl_relwithdebinfo/bin/llama-cvector-generator -m ./llama-3.Q4_K_M.gguf --method mean",
./logs/tests/smoke_help_20260710_071328.json:109855:        "  /home/fekerr/src/irislime/build/sycl_relwithdebinfo/bin/llama-debug -m model.gguf -p \"Hello my name is\" --verbose",
./logs/tests/smoke_help_20260710_071328.json:109861:        "  /home/fekerr/src/irislime/build/sycl_relwithdebinfo/bin/llama-debug -m model.gguf -p \"Hello my name is\" --save-logits",
./logs/tests/smoke_help_20260710_071328.json:111133:        "  /home/fekerr/src/irislime/build/sycl_relwithdebinfo/bin/llama-export-lora -m base-model.gguf --lora lora-file.gguf -o merged-model-f16.gguf",
./logs/tests/smoke_help_20260710_071328.json:111799:        "usage: /home/fekerr/src/irislime/build/sycl_relwithdebinfo/bin/llama-gguf data.gguf r|w [n]",
./logs/tests/smoke_help_20260710_071328.json:111824:        "usage: /home/fekerr/src/irislime/build/sycl_relwithdebinfo/bin/llama-gguf-split [options] GGUF_IN GGUF_OUT",
./logs/tests/smoke_help_20260710_071328.json:112143:        "    /home/fekerr/src/irislime/build/sycl_relwithdebinfo/bin/llama-idle -m model.gguf [-ngl n_gpu_layers]",
./logs/tests/smoke_help_20260710_071328.json:112469:        "    /home/fekerr/src/irislime/build/sycl_relwithdebinfo/bin/llama-imatrix \\",
./logs/tests/smoke_help_20260710_071328.json:113459:        "Usage: /home/fekerr/src/irislime/build/sycl_relwithdebinfo/bin/llama-lookup-merge [--help] lookup_part_1.bin lookup_part_2.bin ... lookup_merged.bin"
./logs/tests/smoke_help_20260710_071328.json:114172:        "Usage: /home/fekerr/src/irislime/build/sycl_relwithdebinfo/bin/llama-mtmd-cli [options] -m <model> --mmproj <mmproj> --image <image> --audio <audio> -p <prompt>",
./logs/tests/smoke_help_20260710_071328.json:114529:        "Usage: /home/fekerr/src/irislime/build/sycl_relwithdebinfo/bin/llama-mtmd-debug -m <model> --mmproj <mmproj> -p <mode> -n <size> --image <image> --audio <audio>",
./logs/tests/smoke_help_20260710_071328.json:115181:        "    /home/fekerr/src/irislime/build/sycl_relwithdebinfo/bin/llama-passkey -m model.gguf --junk 250 --pos 90 --keep 32 --grp-attn-n 2 [--seed 1234]",
./logs/tests/smoke_help_20260710_071328.json:115536:        "usage: /home/fekerr/src/irislime/build/sycl_relwithdebinfo/bin/llama-quantize [--help] [--allow-requantize] [--leave-output-tensor] [--pure] [--imatrix] [--include-weights]",
./logs/tests/smoke_help_20260710_071328.json:116266:        "    /home/fekerr/src/irislime/build/sycl_relwithdebinfo/bin/llama-retrieval --model ./models/bge-base-en-v1.5-f16.gguf --top-k 3 --context-file README.md --context-file License --chunk-size 100 --chunk-separator .",
./logs/tests/smoke_help_20260710_071328.json:116929:        "    /home/fekerr/src/irislime/build/sycl_relwithdebinfo/bin/llama-simple -m model.gguf [-n n_predict] [-ngl n_gpu_layers] [prompt]",
./logs/tests/smoke_help_20260710_071328.json:116943:        "    /home/fekerr/src/irislime/build/sycl_relwithdebinfo/bin/llama-simple-chat -m model.gguf [-c context_size] [-ngl n_gpu_layers]",
./logs/tests/smoke_help_20260710_071328.json:117777:        "Usage: /home/fekerr/src/irislime/build/sycl_relwithdebinfo/bin/llama-template-analysis [options]",
./logs/tests/smoke_help_20260710_071328.json:117785:        "  /home/fekerr/src/irislime/build/sycl_relwithdebinfo/bin/llama-template-analysis --all",
./logs/tests/smoke_help_20260710_071328.json:117786:        "  /home/fekerr/src/irislime/build/sycl_relwithdebinfo/bin/llama-template-analysis --template deepseek",
./logs/tests/smoke_help_20260710_071328.json:117787:        "  /home/fekerr/src/irislime/build/sycl_relwithdebinfo/bin/llama-template-analysis --template-file my-template.jinja"
./logs/tests/smoke_help_20260710_071328.json:117797:        "usage: /home/fekerr/src/irislime/build/sycl_relwithdebinfo/bin/llama-tokenize [options]",
./logs/tests/smoke_help_20260710_071328.json:118133:        "    /home/fekerr/src/irislime/build/sycl_relwithdebinfo/bin/llama-tts -m model.gguf -p \"Hello!\"",
./logs/tests/smoke_help_20260710_071328.json:118266:        "Usage: /home/fekerr/src/irislime/build/sycl_relwithdebinfo/bin/test-backend-ops [mode] [-o <op,..>] [-b <backend>] [-p <params regex>] [--output <console|sql|csv>] [--list-ops] [--show-coverage] [--test-file <path>] [-j <n>]",
./logs/tests/smoke_help_20260710_071328.json:118303:        "/home/fekerr/src/irislime/llama.cpp/ggml/src/ggml-cpu/ggml-cpu.c:3312: GGML_ASSERT(cplan->n_threads > 0) failed",
./logs/tests/smoke_help_20260710_071328.json:118304:        "/home/fekerr/src/irislime/build/sycl_relwithdebinfo/bin/libggml-base.so.0(+0x16c78) [0x7706106b8c78]",
./logs/tests/smoke_help_20260710_071328.json:118305:        "/home/fekerr/src/irislime/build/sycl_relwithdebinfo/bin/libggml-base.so.0(ggml_print_backtrace+0x231) [0x7706106b8c51]",
./logs/tests/smoke_help_20260710_071328.json:118306:        "/home/fekerr/src/irislime/build/sycl_relwithdebinfo/bin/libggml-base.so.0(ggml_abort+0x109) [0x7706106b7d29]",
./logs/tests/smoke_help_20260710_071328.json:118307:        "/home/fekerr/src/irislime/build/sycl_relwithdebinfo/bin/libggml-cpu.so.0(ggml_graph_compute+0x2b9) [0x77060fc3f099]",
./logs/tests/smoke_help_20260710_071328.json:118308:        "/home/fekerr/src/irislime/build/sycl_relwithdebinfo/bin/test-barrier() [0x4068fc]",
./logs/tests/smoke_help_20260710_071328.json:118311:        "/home/fekerr/src/irislime/build/sycl_relwithdebinfo/bin/test-barrier() [0x4065b5]"
./logs/tests/smoke_help_20260710_071328.json:118338:        "/home/fekerr/src/irislime/build/sycl_relwithdebinfo/bin/libggml-base.so.0(+0x16c78) [0x7947bb946c78]",
./logs/tests/smoke_help_20260710_071328.json:118339:        "/home/fekerr/src/irislime/build/sycl_relwithdebinfo/bin/libggml-base.so.0(ggml_print_backtrace+0x231) [0x7947bb946c51]",
./logs/tests/smoke_help_20260710_071328.json:118340:        "/home/fekerr/src/irislime/build/sycl_relwithdebinfo/bin/libggml-base.so.0(+0x2d9f6) [0x7947bb95d9f6]",
./logs/tests/smoke_help_20260710_071328.json:118344:        "/home/fekerr/src/irislime/build/sycl_relwithdebinfo/bin/test-chat() [0x48f81e]",
./logs/tests/smoke_help_20260710_071328.json:118345:        "/home/fekerr/src/irislime/build/sycl_relwithdebinfo/bin/test-chat() [0x48984b]",
./logs/tests/smoke_help_20260710_071328.json:118346:        "/home/fekerr/src/irislime/build/sycl_relwithdebinfo/bin/test-chat() [0x48bf85]",
./logs/tests/smoke_help_20260710_071328.json:118347:        "/home/fekerr/src/irislime/build/sycl_relwithdebinfo/bin/test-chat() [0x42f5d1]",
./logs/tests/smoke_help_20260710_071328.json:118350:        "/home/fekerr/src/irislime/build/sycl_relwithdebinfo/bin/test-chat() [0x429cf5]",
./logs/tests/smoke_help_20260710_071328.json:118433:        "Usage: /home/fekerr/src/irislime/build/sycl_relwithdebinfo/bin/test-gbnf-validator <grammar_filename> <input_filename>"
./logs/tests/smoke_help_20260710_071328.json:118443:        "/home/fekerr/src/irislime/build/sycl_relwithdebinfo/bin/libggml-base.so.0(+0x16c78) [0x78747b746c78]",
./logs/tests/smoke_help_20260710_071328.json:118444:        "/home/fekerr/src/irislime/build/sycl_relwithdebinfo/bin/libggml-base.so.0(ggml_print_backtrace+0x231) [0x78747b746c51]",
./logs/tests/smoke_help_20260710_071328.json:118445:        "/home/fekerr/src/irislime/build/sycl_relwithdebinfo/bin/libggml-base.so.0(+0x2d9f6) [0x78747b75d9f6]",
./logs/tests/smoke_help_20260710_071328.json:118450:        "/home/fekerr/src/irislime/build/sycl_relwithdebinfo/bin/test-gguf() [0x408078]",
./logs/tests/smoke_help_20260710_071328.json:118453:        "/home/fekerr/src/irislime/build/sycl_relwithdebinfo/bin/test-gguf() [0x4079f5]",
./logs/tests/smoke_help_20260710_071328.json:118466:        "gguf_fetch: loaded from cache: /home/fekerr/.cache/llama.cpp/gguf-headers//ggml-org_Qwen3-0.6B-GGUF--Qwen3-0.6B-Q8_0.gguf.partial",
./logs/tests/smoke_help_20260710_071328.json:118478:        "gguf_fetch: loaded from cache: /home/fekerr/.cache/llama.cpp/gguf-headers//ggml-org_Qwen3-0.6B-GGUF--Qwen3-0.6B-Q8_0.gguf.partial",
./logs/tests/smoke_help_20260710_071328.json:118479:        "gguf_fetch: loaded from cache: /home/fekerr/.cache/llama.cpp/gguf-headers//ggml-org_GLM-4.6V-GGUF--GLM-4.6V-Q8_0-00001-of-00003.gguf.partial",
./logs/tests/smoke_help_20260710_071328.json:118481:        "gguf_fetch: loaded from cache: /home/fekerr/.cache/llama.cpp/gguf-headers//ggml-org_GLM-4.6V-GGUF--GLM-4.6V-Q8_0-00002-of-00003.gguf.partial",
./logs/tests/smoke_help_20260710_071328.json:118482:        "gguf_fetch: loaded from cache: /home/fekerr/.cache/llama.cpp/gguf-headers//ggml-org_GLM-4.6V-GGUF--GLM-4.6V-Q8_0-00003-of-00003.gguf.partial",
./logs/tests/smoke_help_20260710_071328.json:118494:        "gguf_fetch: loaded from cache: /home/fekerr/.cache/llama.cpp/gguf-headers//ggml-org_Step-3.5-Flash-GGUF--Step-3.5-Flash-Q4_K.gguf.partial",
./logs/tests/smoke_help_20260710_071328.json:119795:        "python: can't open file '/home/fekerr/src/irislime/build/sycl_relwithdebinfo/bin/./examples/json_schema_to_grammar.py': [Errno 2] No such file or directory",
./logs/tests/smoke_help_20260710_071328.json:126335:        "  /home/fekerr/src/irislime/build/sycl_relwithdebinfo/bin/test-quant-type-selection --generate"
./logs/tests/smoke_help_20260710_071328.json:126357:        "usage: /home/fekerr/src/irislime/build/sycl_relwithdebinfo/bin/test-quantize-perf [options]",
./logs/tests/smoke_help_20260710_071328.json:126380:        "usage: /home/fekerr/src/irislime/build/sycl_relwithdebinfo/bin/test-quantize-stats [options]",
./logs/tests/smoke_help_20260710_071328.json:126929:        "/home/fekerr/src/irislime/llama.cpp/tests/test-sampling.cpp:67 (test_temp)",
./logs/tests/smoke_help_20260710_071328.json:126935:        "/home/fekerr/src/irislime/llama.cpp/tests/test-sampling.cpp:70 (test_temp)",
./logs/tests/smoke_help_20260710_071328.json:126941:        "/home/fekerr/src/irislime/llama.cpp/tests/test-sampling.cpp:67 (test_temp)",
./logs/tests/smoke_help_20260710_071328.json:126947:        "/home/fekerr/src/irislime/llama.cpp/tests/test-sampling.cpp:70 (test_temp)",
./logs/tests/smoke_help_20260710_071328.json:126953:        "/home/fekerr/src/irislime/llama.cpp/tests/test-sampling.cpp:78 (test_temp_ext)",
./logs/tests/smoke_help_20260710_071328.json:126959:        "/home/fekerr/src/irislime/llama.cpp/tests/test-sampling.cpp:81 (test_temp_ext)",
./logs/tests/smoke_help_20260710_071328.json:126965:        "/home/fekerr/src/irislime/llama.cpp/tests/test-sampling.cpp:78 (test_temp_ext)",
./logs/tests/smoke_help_20260710_071328.json:126971:        "/home/fekerr/src/irislime/llama.cpp/tests/test-sampling.cpp:81 (test_temp_ext)",
./logs/tests/smoke_help_20260710_071328.json:126977:        "/home/fekerr/src/irislime/llama.cpp/tests/test-sampling.cpp:89 (test_top_k)",
./logs/tests/smoke_help_20260710_071328.json:126983:        "/home/fekerr/src/irislime/llama.cpp/tests/test-sampling.cpp:92 (test_top_k)",
./logs/tests/smoke_help_20260710_071328.json:126986:        "/home/fekerr/src/irislime/llama.cpp/tests/test-sampling.cpp:89 (test_top_k)",
./logs/tests/smoke_help_20260710_071328.json:126992:        "/home/fekerr/src/irislime/llama.cpp/tests/test-sampling.cpp:92 (test_top_k)",
./logs/tests/smoke_help_20260710_071328.json:126997:        "/home/fekerr/src/irislime/llama.cpp/tests/test-sampling.cpp:89 (test_top_k)",
./logs/tests/smoke_help_20260710_071328.json:127003:        "/home/fekerr/src/irislime/llama.cpp/tests/test-sampling.cpp:92 (test_top_k)",
./logs/tests/smoke_help_20260710_071328.json:127009:        "/home/fekerr/src/irislime/llama.cpp/tests/test-sampling.cpp:89 (test_top_k)",
./logs/tests/smoke_help_20260710_071328.json:127015:        "/home/fekerr/src/irislime/llama.cpp/tests/test-sampling.cpp:92 (test_top_k)",
./logs/tests/smoke_help_20260710_071328.json:127021:        "/home/fekerr/src/irislime/llama.cpp/tests/test-sampling.cpp:100 (test_top_p)",
./logs/tests/smoke_help_20260710_071328.json:127027:        "/home/fekerr/src/irislime/llama.cpp/tests/test-sampling.cpp:103 (test_top_p)",
./logs/tests/smoke_help_20260710_071328.json:127030:        "/home/fekerr/src/irislime/llama.cpp/tests/test-sampling.cpp:100 (test_top_p)",
./logs/tests/smoke_help_20260710_071328.json:127036:        "/home/fekerr/src/irislime/llama.cpp/tests/test-sampling.cpp:103 (test_top_p)",
./logs/tests/smoke_help_20260710_071328.json:127040:        "/home/fekerr/src/irislime/llama.cpp/tests/test-sampling.cpp:100 (test_top_p)",
./logs/tests/smoke_help_20260710_071328.json:127046:        "/home/fekerr/src/irislime/llama.cpp/tests/test-sampling.cpp:103 (test_top_p)",
./logs/tests/smoke_help_20260710_071328.json:127051:        "/home/fekerr/src/irislime/llama.cpp/tests/test-sampling.cpp:100 (test_top_p)",
./logs/tests/smoke_help_20260710_071328.json:127057:        "/home/fekerr/src/irislime/llama.cpp/tests/test-sampling.cpp:103 (test_top_p)",
./logs/tests/smoke_help_20260710_071328.json:127063:        "/home/fekerr/src/irislime/llama.cpp/tests/test-sampling.cpp:111 (test_min_p)",
./logs/tests/smoke_help_20260710_071328.json:127069:        "/home/fekerr/src/irislime/llama.cpp/tests/test-sampling.cpp:114 (test_min_p)",
./logs/tests/smoke_help_20260710_071328.json:127075:        "/home/fekerr/src/irislime/llama.cpp/tests/test-sampling.cpp:111 (test_min_p)",
./logs/tests/smoke_help_20260710_071328.json:127081:        "/home/fekerr/src/irislime/llama.cpp/tests/test-sampling.cpp:114 (test_min_p)",
./logs/tests/smoke_help_20260710_071328.json:127087:        "/home/fekerr/src/irislime/llama.cpp/tests/test-sampling.cpp:111 (test_min_p)",
./logs/tests/smoke_help_20260710_071328.json:127093:        "/home/fekerr/src/irislime/llama.cpp/tests/test-sampling.cpp:114 (test_min_p)",
./logs/tests/smoke_help_20260710_071328.json:127098:        "/home/fekerr/src/irislime/llama.cpp/tests/test-sampling.cpp:111 (test_min_p)",
./logs/tests/smoke_help_20260710_071328.json:127104:        "/home/fekerr/src/irislime/llama.cpp/tests/test-sampling.cpp:114 (test_min_p)",
./logs/tests/smoke_help_20260710_071328.json:127109:        "/home/fekerr/src/irislime/llama.cpp/tests/test-sampling.cpp:111 (test_min_p)",
./logs/tests/smoke_help_20260710_071328.json:127115:        "/home/fekerr/src/irislime/llama.cpp/tests/test-sampling.cpp:114 (test_min_p)",
./logs/tests/smoke_help_20260710_071328.json:127119:        "/home/fekerr/src/irislime/llama.cpp/tests/test-sampling.cpp:111 (test_min_p)",
./logs/tests/smoke_help_20260710_071328.json:127125:        "/home/fekerr/src/irislime/llama.cpp/tests/test-sampling.cpp:114 (test_min_p)",
./logs/tests/smoke_help_20260710_071328.json:127129:        "/home/fekerr/src/irislime/llama.cpp/tests/test-sampling.cpp:111 (test_min_p)",
./logs/tests/smoke_help_20260710_071328.json:127135:        "/home/fekerr/src/irislime/llama.cpp/tests/test-sampling.cpp:114 (test_min_p)",
./logs/tests/smoke_help_20260710_071328.json:127138:        "/home/fekerr/src/irislime/llama.cpp/tests/test-sampling.cpp:111 (test_min_p)",
./logs/tests/smoke_help_20260710_071328.json:127144:        "/home/fekerr/src/irislime/llama.cpp/tests/test-sampling.cpp:114 (test_min_p)",
./logs/tests/smoke_help_20260710_071328.json:127147:        "/home/fekerr/src/irislime/llama.cpp/tests/test-sampling.cpp:111 (test_min_p)",
./logs/tests/smoke_help_20260710_071328.json:127153:        "/home/fekerr/src/irislime/llama.cpp/tests/test-sampling.cpp:114 (test_min_p)",
./logs/tests/smoke_help_20260710_071328.json:127157:        "/home/fekerr/src/irislime/llama.cpp/tests/test-sampling.cpp:122 (test_xtc)",
./logs/tests/smoke_help_20260710_071328.json:127163:        "/home/fekerr/src/irislime/llama.cpp/tests/test-sampling.cpp:124 (test_xtc)",
./logs/tests/smoke_help_20260710_071328.json:127166:        "/home/fekerr/src/irislime/llama.cpp/tests/test-sampling.cpp:122 (test_xtc)",
./logs/tests/smoke_help_20260710_071328.json:127172:        "/home/fekerr/src/irislime/llama.cpp/tests/test-sampling.cpp:124 (test_xtc)",
./logs/tests/smoke_help_20260710_071328.json:127176:        "/home/fekerr/src/irislime/llama.cpp/tests/test-sampling.cpp:122 (test_xtc)",
./logs/tests/smoke_help_20260710_071328.json:127182:        "/home/fekerr/src/irislime/llama.cpp/tests/test-sampling.cpp:124 (test_xtc)",
./logs/tests/smoke_help_20260710_071328.json:127188:        "/home/fekerr/src/irislime/llama.cpp/tests/test-sampling.cpp:122 (test_xtc)",
./logs/tests/smoke_help_20260710_071328.json:127194:        "/home/fekerr/src/irislime/llama.cpp/tests/test-sampling.cpp:124 (test_xtc)",
./logs/tests/smoke_help_20260710_071328.json:127200:        "/home/fekerr/src/irislime/llama.cpp/tests/test-sampling.cpp:132 (test_typical)",
./logs/tests/smoke_help_20260710_071328.json:127206:        "/home/fekerr/src/irislime/llama.cppempty DRY sequence breakers list in llama_sampler_init_dry_testing",
./logs/tests/smoke_help_20260710_071328.json:127212:        "/home/fekerr/src/irislime/llama.cpp/tests/test-sampling.cpp:132 (test_typical)",
./logs/tests/smoke_help_20260710_071328.json:127218:        "/home/fekerr/src/irislime/llama.cpp/tests/test-sampling.cpp:134 (test_typical)",
./logs/tests/smoke_help_20260710_071328.json:127223:        "/home/fekerr/src/irislime/llama.cpp/tests/test-sampling.cpp:153 (test_penalties)",
./logs/tests/smoke_help_20260710_071328.json:127230:        "/home/fekerr/src/irislime/llama.cpp/tests/test-sampling.cpp:156 (test_penalties)",
./logs/tests/smoke_help_20260710_071328.json:127237:        "/home/fekerr/src/irislime/llama.cpp/tests/test-sampling.cpp:153 (test_penalties)",
./logs/tests/smoke_help_20260710_071328.json:127244:        "/home/fekerr/src/irislime/llama.cpp/tests/test-sampling.cpp:156 (test_penalties)",
./logs/tests/smoke_help_20260710_071328.json:127251:        "/home/fekerr/src/irislime/llama.cpp/tests/test-sampling.cpp:153 (test_penalties)",
./logs/tests/smoke_help_20260710_071328.json:127258:        "/home/fekerr/src/irislime/llama.cpp/tests/test-sampling.cpp:156 (test_penalties)",
./logs/tests/smoke_help_20260710_071328.json:127265:        "/home/fekerr/src/irislime/llama.cpp/tests/test-sampling.cpp:153 (test_penalties)",
./logs/tests/smoke_help_20260710_071328.json:127272:        "/home/fekerr/src/irislime/llama.cpp/tests/test-sampling.cpp:156 (test_penalties)",
./logs/tests/smoke_help_20260710_071328.json:127279:        "/home/fekerr/src/irislime/llama.cpp/tests/test-sampling.cpp:153 (test_penalties)",
./logs/tests/smoke_help_20260710_071328.json:127286:        "/home/fekerr/src/irislime/llama.cpp/tests/test-sampling.cpp:156 (test_penalties)",
./logs/tests/smoke_help_20260710_071328.json:127293:        "/home/fekerr/src/irislime/llama.cpp/tests/test-sampling.cpp:153 (test_penalties)",
./logs/tests/smoke_help_20260710_071328.json:127300:        "/home/fekerr/src/irislime/llama.cpp/tests/test-sampling.cpp:156 (test_penalties)",
./logs/tests/smoke_help_20260710_071328.json:127307:        "/home/fekerr/src/irislime/llama.cpp/tests/test-sampling.cpp:177 (test_dry)",
./logs/tests/smoke_help_20260710_071328.json:127313:        "/home/fekerr/src/irislime/llama.cpp/tests/test-sampling.cpp:180 (test_dry)",
./logs/tests/smoke_help_20260710_071328.json:127319:        "/home/fekerr/src/irislime/llama.cpp/tests/test-sampling.cpp:177 (test_dry)",
./logs/tests/smoke_help_20260710_071328.json:127325:        "/home/fekerr/src/irislime/llama.cpp/tests/test-sampling.cpp:180 (test_dry)",
./logs/tests/smoke_help_20260710_071328.json:127331:        "/home/fekerr/src/irislime/llama.cpp/tests/test-sampling.cpp:177 (test_dry)",
./logs/tests/smoke_help_20260710_071328.json:127338:        "/home/fekerr/src/irislime/llama.cpp/tests/test-sampling.cpp:180 (test_dry)",
./logs/tests/smoke_help_20260710_071328.json:127345:        "/home/fekerr/src/irislime/llama.cpp/tests/test-sampling.cpp:177 (test_dry)",
./logs/tests/smoke_help_20260710_071328.json:127353:        "/home/fekerr/src/irislime/llama.cpp/tests/test-sampling.cpp:180 (test_dry)",
./logs/tests/smoke_help_20260710_071328.json:127360:        "/home/fekerr/src/irislime/llama.cpp/tests/test-sampling.cpp:177 (test_dry)",
./logs/tests/smoke_help_20260710_071328.json:127367:        "/home/fekerr/src/irislime/llama.cpp/tests/test-sampling.cpp:180 (test_dry)",
./logs/tests/smoke_help_20260710_071328.json:127374:        "/home/fekerr/src/irislime/llama.cpp/tests/test-sampling.cpp:187 (test_top_n_sigma)",
./logs/tests/smoke_help_20260710_071328.json:127380:        "/home/fekerr/src/irislime/llama.cpp/tests/test-sampling.cpp:190 (test_top_n_sigma)",
./logs/tests/smoke_help_20260710_071328.json:127386:        "/home/fekerr/src/irislime/llama.cpp/tests/test-sampling.cpp:187 (test_top_n_sigma)",
./logs/tests/smoke_help_20260710_071328.json:127392:        "/home/fekerr/src/irislime/llama.cpp/tests/test-sampling.cpp:190 (test_top_n_sigma)",
./logs/tests/smoke_help_20260710_071328.json:127398:        "/home/fekerr/src/irislime/llama.cpp/tests/test-sampling.cpp:187 (test_top_n_sigma)",
./logs/tests/smoke_help_20260710_071328.json:127404:        "/home/fekerr/src/irislime/llama.cpp/tests/test-sampling.cpp:190 (test_top_n_sigma)",
./logs/tests/smoke_help_20260710_071328.json:129147:        "    /home/fekerr/src/irislime/build/vulkan_debug/bin/llama-batched -m model.gguf -p \"Hello my name is\" -n 32 -np 4",
./logs/tests/smoke_help_20260710_071328.json:129469:        "    /home/fekerr/src/irislime/build/vulkan_debug/bin/llama-batched-bench -m model.gguf -c 2048 -b 2048 -ub 512 -npp 128,256,512 -ntg 128,256 -npl 1,2,4,8,16,32 [-pps]",
./logs/tests/smoke_help_20260710_071328.json:129481:        "usage: /home/fekerr/src/irislime/build/vulkan_debug/bin/llama-bench [options]",
./logs/tests/smoke_help_20260710_071328.json:130472:        "  text generation:     /home/fekerr/src/irislime/build/vulkan_debug/bin/llama-completion -m your_model.gguf -p \"I believe the meaning of life is\" -n 128 -no-cnv",
./logs/tests/smoke_help_20260710_071328.json:130474:        "  chat (conversation): /home/fekerr/src/irislime/build/vulkan_debug/bin/llama-completion -m your_model.gguf -sys \"You are a helpful assistant\"",
./logs/tests/smoke_help_20260710_071328.json:130485:        "usage: /home/fekerr/src/irislime/build/vulkan_debug/bin/llama-convert-llama2c-to-ggml [options]",
./logs/tests/smoke_help_20260710_071328.json:130811:        "    CPU only:   /home/fekerr/src/irislime/build/vulkan_debug/bin/llama-cvector-generator -m ./llama-3.Q4_K_M.gguf",
./logs/tests/smoke_help_20260710_071328.json:130813:        "    with GPU:   /home/fekerr/src/irislime/build/vulkan_debug/bin/llama-cvector-generator -m ./llama-3.Q4_K_M.gguf -ngl 99",
./logs/tests/smoke_help_20260710_071328.json:130815:        "    advanced:   /home/fekerr/src/irislime/build/vulkan_debug/bin/llama-cvector-generator -m ./llama-3.Q4_K_M.gguf -ngl 99 --pca-iter 2000 --pca-batch 100",
./logs/tests/smoke_help_20260710_071328.json:130817:        "    using mean: /home/fekerr/src/irislime/build/vulkan_debug/bin/llama-cvector-generator -m ./llama-3.Q4_K_M.gguf --method mean",
./logs/tests/smoke_help_20260710_071328.json:131142:        "  /home/fekerr/src/irislime/build/vulkan_debug/bin/llama-debug -m model.gguf -p \"Hello my name is\" --verbose",
./logs/tests/smoke_help_20260710_071328.json:131148:        "  /home/fekerr/src/irislime/build/vulkan_debug/bin/llama-debug -m model.gguf -p \"Hello my name is\" --save-logits",
./logs/tests/smoke_help_20260710_071328.json:132416:        "  /home/fekerr/src/irislime/build/vulkan_debug/bin/llama-export-lora -m base-model.gguf --lora lora-file.gguf -o merged-model-f16.gguf",
./logs/tests/smoke_help_20260710_071328.json:133080:        "usage: /home/fekerr/src/irislime/build/vulkan_debug/bin/llama-gguf data.gguf r|w [n]",
./logs/tests/smoke_help_20260710_071328.json:133105:        "usage: /home/fekerr/src/irislime/build/vulkan_debug/bin/llama-gguf-split [options] GGUF_IN GGUF_OUT",
./logs/tests/smoke_help_20260710_071328.json:133423:        "    /home/fekerr/src/irislime/build/vulkan_debug/bin/llama-idle -m model.gguf [-ngl n_gpu_layers]",
./logs/tests/smoke_help_20260710_071328.json:133748:        "    /home/fekerr/src/irislime/build/vulkan_debug/bin/llama-imatrix \\",
./logs/tests/smoke_help_20260710_071328.json:134735:        "Usage: /home/fekerr/src/irislime/build/vulkan_debug/bin/llama-lookup-merge [--help] lookup_part_1.bin lookup_part_2.bin ... lookup_merged.bin"
./logs/tests/smoke_help_20260710_071328.json:135426:        "Usage: /home/fekerr/src/irislime/build/vulkan_debug/bin/llama-mtmd-cli [options] -m <model> --mmproj <mmproj> --image <image> --audio <audio> -p <prompt>",
./logs/tests/smoke_help_20260710_071328.json:135782:        "Usage: /home/fekerr/src/irislime/build/vulkan_debug/bin/llama-mtmd-debug -m <model> --mmproj <mmproj> -p <mode> -n <size> --image <image> --audio <audio>",
./logs/tests/smoke_help_20260710_071328.json:136432:        "    /home/fekerr/src/irislime/build/vulkan_debug/bin/llama-passkey -m model.gguf --junk 250 --pos 90 --keep 32 --grp-attn-n 2 [--seed 1234]",
./logs/tests/smoke_help_20260710_071328.json:136786:        "usage: /home/fekerr/src/irislime/build/vulkan_debug/bin/llama-quantize [--help] [--allow-requantize] [--leave-output-tensor] [--pure] [--imatrix] [--include-weights]",
./logs/tests/smoke_help_20260710_071328.json:137514:        "    /home/fekerr/src/irislime/build/vulkan_debug/bin/llama-retrieval --model ./models/bge-base-en-v1.5-f16.gguf --top-k 3 --context-file README.md --context-file License --chunk-size 100 --chunk-separator .",
./logs/tests/smoke_help_20260710_071328.json:138176:        "    /home/fekerr/src/irislime/build/vulkan_debug/bin/llama-simple -m model.gguf [-n n_predict] [-ngl n_gpu_layers] [prompt]",
./logs/tests/smoke_help_20260710_071328.json:138190:        "    /home/fekerr/src/irislime/build/vulkan_debug/bin/llama-simple-chat -m model.gguf [-c context_size] [-ngl n_gpu_layers]",
./logs/tests/smoke_help_20260710_071328.json:139022:        "Usage: /home/fekerr/src/irislime/build/vulkan_debug/bin/llama-template-analysis [options]",
./logs/tests/smoke_help_20260710_071328.json:139030:        "  /home/fekerr/src/irislime/build/vulkan_debug/bin/llama-template-analysis --all",
./logs/tests/smoke_help_20260710_071328.json:139031:        "  /home/fekerr/src/irislime/build/vulkan_debug/bin/llama-template-analysis --template deepseek",
./logs/tests/smoke_help_20260710_071328.json:139032:        "  /home/fekerr/src/irislime/build/vulkan_debug/bin/llama-template-analysis --template-file my-template.jinja"
./logs/tests/smoke_help_20260710_071328.json:139042:        "usage: /home/fekerr/src/irislime/build/vulkan_debug/bin/llama-tokenize [options]",
./logs/tests/smoke_help_20260710_071328.json:139377:        "    /home/fekerr/src/irislime/build/vulkan_debug/bin/llama-tts -m model.gguf -p \"Hello!\"",
./logs/tests/smoke_help_20260710_071328.json:139508:        "Usage: /home/fekerr/src/irislime/build/vulkan_debug/bin/test-backend-ops [mode] [-o <op,..>] [-b <backend>] [-p <params regex>] [--output <console|sql|csv>] [--list-ops] [--show-coverage] [--test-file <path>] [-j <n>]",
./logs/tests/smoke_help_20260710_071328.json:139545:        "/home/fekerr/src/irislime/llama.cpp/ggml/src/ggml-cpu/ggml-cpu.c:3312: GGML_ASSERT(cplan->n_threads > 0) failed",
./logs/tests/smoke_help_20260710_071328.json:139546:        "/home/fekerr/src/irislime/build/vulkan_debug/bin/libggml-base.so.0(+0x1a606) [0x7e55a56a1606]",
./logs/tests/smoke_help_20260710_071328.json:139547:        "/home/fekerr/src/irislime/build/vulkan_debug/bin/libggml-base.so.0(ggml_print_backtrace+0x20d) [0x7e55a56a1cbd]",
./logs/tests/smoke_help_20260710_071328.json:139548:        "/home/fekerr/src/irislime/build/vulkan_debug/bin/libggml-base.so.0(ggml_abort+0x166) [0x7e55a56a1ea6]",
./logs/tests/smoke_help_20260710_071328.json:139549:        "/home/fekerr/src/irislime/build/vulkan_debug/bin/libggml-cpu.so.0(ggml_graph_compute+0x272) [0x7e55a573f382]",
./logs/tests/smoke_help_20260710_071328.json:139550:        "/home/fekerr/src/irislime/build/vulkan_debug/bin/test-barrier(+0x2899) [0x5c93f2f9a899]",
./logs/tests/smoke_help_20260710_071328.json:139551:        "/home/fekerr/src/irislime/build/vulkan_debug/bin/test-barrier(+0x2553) [0x5c93f2f9a553]",
./logs/tests/smoke_help_20260710_071328.json:139554:        "/home/fekerr/src/irislime/build/vulkan_debug/bin/test-barrier(+0x25d5) [0x5c93f2f9a5d5]"
./logs/tests/smoke_help_20260710_071328.json:139581:        "/home/fekerr/src/irislime/build/vulkan_debug/bin/libggml-base.so.0(+0x1a606) [0x78ede1e95606]",
./logs/tests/smoke_help_20260710_071328.json:139582:        "/home/fekerr/src/irislime/build/vulkan_debug/bin/libggml-base.so.0(ggml_print_backtrace+0x20d) [0x78ede1e95cbd]",
./logs/tests/smoke_help_20260710_071328.json:139583:        "/home/fekerr/src/irislime/build/vulkan_debug/bin/libggml-base.so.0(+0x2a60f) [0x78ede1ea560f]",
./logs/tests/smoke_help_20260710_071328.json:139587:        "/home/fekerr/src/irislime/build/vulkan_debug/bin/test-chat(+0x1f2f5) [0x56d5f05232f5]",
./logs/tests/smoke_help_20260710_071328.json:139588:        "/home/fekerr/src/irislime/build/vulkan_debug/bin/test-chat(+0x3eef7) [0x56d5f0542ef7]",
./logs/tests/smoke_help_20260710_071328.json:139589:        "/home/fekerr/src/irislime/build/vulkan_debug/bin/test-chat(+0x43557) [0x56d5f0547557]",
./logs/tests/smoke_help_20260710_071328.json:139590:        "/home/fekerr/src/irislime/build/vulkan_debug/bin/test-chat(+0x3ad83) [0x56d5f053ed83]",
./logs/tests/smoke_help_20260710_071328.json:139593:        "/home/fekerr/src/irislime/build/vulkan_debug/bin/test-chat(+0x3b6f5) [0x56d5f053f6f5]",
./logs/tests/smoke_help_20260710_071328.json:139676:        "Usage: /home/fekerr/src/irislime/build/vulkan_debug/bin/test-gbnf-validator <grammar_filename> <input_filename>"
./logs/tests/smoke_help_20260710_071328.json:139686:        "/home/fekerr/src/irislime/build/vulkan_debug/bin/libggml-base.so.0(+0x1a606) [0x76377d74b606]",
./logs/tests/smoke_help_20260710_071328.json:139687:        "/home/fekerr/src/irislime/build/vulkan_debug/bin/libggml-base.so.0(ggml_print_backtrace+0x20d) [0x76377d74bcbd]",
./logs/tests/smoke_help_20260710_071328.json:139688:        "/home/fekerr/src/irislime/build/vulkan_debug/bin/libggml-base.so.0(+0x2a60f) [0x76377d75b60f]",
./logs/tests/smoke_help_20260710_071328.json:139693:        "/home/fekerr/src/irislime/build/vulkan_debug/bin/test-gguf(+0x434c) [0x5a9d0357534c]",
./logs/tests/smoke_help_20260710_071328.json:139696:        "/home/fekerr/src/irislime/build/vulkan_debug/bin/test-gguf(+0x7d65) [0x5a9d03578d65]",
./logs/tests/smoke_help_20260710_071328.json:139709:        "gguf_fetch: loaded from cache: /home/fekerr/.cache/llama.cpp/gguf-headers//ggml-org_Qwen3-0.6B-GGUF--Qwen3-0.6B-Q8_0.gguf.partial",
./logs/tests/smoke_help_20260710_071328.json:139721:        "gguf_fetch: loaded from cache: /home/fekerr/.cache/llama.cpp/gguf-headers//ggml-org_Qwen3-0.6B-GGUF--Qwen3-0.6B-Q8_0.gguf.partial",
./logs/tests/smoke_help_20260710_071328.json:139722:        "gguf_fetch: loaded from cache: /home/fekerr/.cache/llama.cpp/gguf-headers//ggml-org_GLM-4.6V-GGUF--GLM-4.6V-Q8_0-00001-of-00003.gguf.partial",
./logs/tests/smoke_help_20260710_071328.json:139724:        "gguf_fetch: loaded from cache: /home/fekerr/.cache/llama.cpp/gguf-headers//ggml-org_GLM-4.6V-GGUF--GLM-4.6V-Q8_0-00002-of-00003.gguf.partial",
./logs/tests/smoke_help_20260710_071328.json:139725:        "gguf_fetch: loaded from cache: /home/fekerr/.cache/llama.cpp/gguf-headers//ggml-org_GLM-4.6V-GGUF--GLM-4.6V-Q8_0-00003-of-00003.gguf.partial",
./logs/tests/smoke_help_20260710_071328.json:139737:        "gguf_fetch: loaded from cache: /home/fekerr/.cache/llama.cpp/gguf-headers//ggml-org_Step-3.5-Flash-GGUF--Step-3.5-Flash-Q4_K.gguf.partial",
./logs/tests/smoke_help_20260710_071328.json:141038:        "python: can't open file '/home/fekerr/src/irislime/build/vulkan_debug/bin/./examples/json_schema_to_grammar.py': [Errno 2] No such file or directory",
./logs/tests/smoke_help_20260710_071328.json:141048:        "test-json-schema-to-grammar: /home/fekerr/src/irislime/llama.cpp/tests/test-json-schema-to-grammar.cpp:62: void TestCase::verify_status(TestCaseStatus) const: Assertion `false' failed."
./logs/tests/smoke_help_20260710_071328.json:147619:        "  /home/fekerr/src/irislime/build/vulkan_debug/bin/test-quant-type-selection --generate"
./logs/tests/smoke_help_20260710_071328.json:147641:        "usage: /home/fekerr/src/irislime/build/vulkan_debug/bin/test-quantize-perf [options]",
./logs/tests/smoke_help_20260710_071328.json:147664:        "usage: /home/fekerr/src/irislime/build/vulkan_debug/bin/test-quantize-stats [options]",
./logs/tests/smoke_help_20260710_071328.json:148212:        "/home/fekerr/src/irislime/llama.cpp/tests/test-sampling.cpp:67 (test_temp)",
./logs/tests/smoke_help_20260710_071328.json:148218:        "/home/fekerr/src/irislime/llama.cpp/tests/test-sampling.cpp:70 (test_temp)",
./logs/tests/smoke_help_20260710_071328.json:148224:        "/home/fekerr/src/irislime/llama.cpp/tests/test-sampling.cpp:67 (test_temp)",
./logs/tests/smoke_help_20260710_071328.json:148230:        "/home/fekerr/src/irislime/llama.cpp/tests/test-sampling.cpp:70 (test_temp)",
./logs/tests/smoke_help_20260710_071328.json:148236:        "/home/fekerr/src/irislime/llama.cpp/tests/test-sampling.cpp:78 (test_temp_ext)",
./logs/tests/smoke_help_20260710_071328.json:148242:        "/home/fekerr/src/irislime/llama.cpp/tests/test-sampling.cpp:81 (test_temp_ext)",
./logs/tests/smoke_help_20260710_071328.json:148248:        "/home/fekerr/src/irislime/llama.cpp/tests/test-sampling.cpp:78 (test_temp_ext)",
./logs/tests/smoke_help_20260710_071328.json:148254:        "/home/fekerr/src/irislime/llama.cpp/tests/test-sampling.cpp:81 (test_temp_ext)",
./logs/tests/smoke_help_20260710_071328.json:148260:        "/home/fekerr/src/irislime/llama.cpp/tests/test-sampling.cpp:89 (test_top_k)",
./logs/tests/smoke_help_20260710_071328.json:148266:        "/home/fekerr/src/irislime/llama.cpp/tests/test-sampling.cpp:92 (test_top_k)",
./logs/tests/smoke_help_20260710_071328.json:148269:        "/home/fekerr/src/irislime/llama.cpp/tests/test-sampling.cpp:89 (test_top_k)",
./logs/tests/smoke_help_20260710_071328.json:148275:        "/home/fekerr/src/irislime/llama.cpp/tests/test-sampling.cpp:92 (test_top_k)",
./logs/tests/smoke_help_20260710_071328.json:148280:        "/home/fekerr/src/irislime/llama.cpp/tests/test-sampling.cpp:89 (test_top_k)",
./logs/tests/smoke_help_20260710_071328.json:148286:        "/home/fekerr/src/irislime/llama.cpp/tests/test-sampling.cpp:92 (test_top_k)",
./logs/tests/smoke_help_20260710_071328.json:148292:        "/home/fekerr/src/irislime/llama.cpp/tests/test-sampling.cpp:89 (test_top_k)",
./logs/tests/smoke_help_20260710_071328.json:148298:        "/home/fekerr/src/irislime/llama.cpp/tests/test-sampling.cpp:92 (test_top_k)",
./logs/tests/smoke_help_20260710_071328.json:148304:        "/home/fekerr/src/irislime/llama.cpp/tests/test-sampling.cpp:100 (test_top_p)",
./logs/tests/smoke_help_20260710_071328.json:148310:        "/home/fekerr/src/irislime/llama.cpp/tests/test-sampling.cpp:103 (test_top_p)",
./logs/tests/smoke_help_20260710_071328.json:148313:        "/home/fekerr/src/irislime/llama.cpp/tests/test-sampling.cpp:100 (test_top_p)",
./logs/tests/smoke_help_20260710_071328.json:148319:        "/home/fekerr/src/irislime/llama.cpp/tests/test-sampling.cpp:103 (test_top_p)",
./logs/tests/smoke_help_20260710_071328.json:148323:        "/home/fekerr/src/irislime/llama.cpp/tests/test-sampling.cpp:100 (test_top_p)",
./logs/tests/smoke_help_20260710_071328.json:148329:        "/home/fekerr/src/irislime/llama.cpp/tests/test-sampling.cpp:103 (test_top_p)",
./logs/tests/smoke_help_20260710_071328.json:148334:        "/home/fekerr/src/irislime/llama.cpp/tests/test-sampling.cpp:100 (test_top_p)",
./logs/tests/smoke_help_20260710_071328.json:148340:        "/home/fekerr/src/irislime/llama.cpp/tests/test-sampling.cpp:103 (test_top_p)",
./logs/tests/smoke_help_20260710_071328.json:148346:        "/home/fekerr/src/irislime/llama.cpp/tests/test-sampling.cpp:111 (test_min_p)",
./logs/tests/smoke_help_20260710_071328.json:148352:        "/home/fekerr/src/irislime/llama.cpp/tests/test-sampling.cpp:114 (test_min_p)",
./logs/tests/smoke_help_20260710_071328.json:148358:        "/home/fekerr/src/irislime/llama.cpp/tests/test-sampling.cpp:111 (test_min_p)",
./logs/tests/smoke_help_20260710_071328.json:148364:        "/home/fekerr/src/irislime/llama.cpp/tests/test-sampling.cpp:114 (test_min_p)",
./logs/tests/smoke_help_20260710_071328.json:148370:        "/home/fekerr/src/irislime/llama.cpp/tests/test-sampling.cpp:111 (test_min_p)",
./logs/tests/smoke_help_20260710_071328.json:148376:        "/home/fekerr/src/irislime/llama.cpp/tests/test-sampling.cpp:114 (test_min_p)",
./logs/tests/smoke_help_20260710_071328.json:148381:        "/home/fekerr/src/irislime/llama.cpp/tests/test-sampling.cpp:111 (test_min_p)",
./logs/tests/smoke_help_20260710_071328.json:148387:        "/home/fekerr/src/irislime/llama.cpp/tests/test-sampling.cpp:114 (test_min_p)",
./logs/tests/smoke_help_20260710_071328.json:148392:        "/home/fekerr/src/irislime/llama.cpp/tests/test-sampling.cpp:111 (test_min_p)",
./logs/tests/smoke_help_20260710_071328.json:148398:        "/home/fekerr/src/irislime/llama.cpp/tests/test-sampling.cpp:114 (test_min_p)",
./logs/tests/smoke_help_20260710_071328.json:148402:        "/home/fekerr/src/irislime/llama.cpp/tests/test-sampling.cpp:111 (test_min_p)",
./logs/tests/smoke_help_20260710_071328.json:148408:        "/home/fekerr/src/irislime/llama.cpp/tests/test-sampling.cpp:114 (test_min_p)",
./logs/tests/smoke_help_20260710_071328.json:148412:        "/home/fekerr/src/irislime/llama.cpp/tests/test-sampling.cpp:111 (test_min_p)",
./logs/tests/smoke_help_20260710_071328.json:148418:        "/home/fekerr/src/irislime/llama.cpp/tests/test-sampling.cpp:114 (test_min_p)",
./logs/tests/smoke_help_20260710_071328.json:148421:        "/home/fekerr/src/irislime/llama.cpp/tests/test-sampling.cpp:111 (test_min_p)",
./logs/tests/smoke_help_20260710_071328.json:148427:        "/home/fekerr/src/irislime/llama.cpp/tests/test-sampling.cpp:114 (test_min_p)",
./logs/tests/smoke_help_20260710_071328.json:148430:        "/home/fekerr/src/irislime/llama.cpp/tests/test-sampling.cpp:111 (test_min_p)",
./logs/tests/smoke_help_20260710_071328.json:148436:        "/home/fekerr/src/irislime/llama.cpp/tests/test-sampling.cpp:114 (test_min_p)",
./logs/tests/smoke_help_20260710_071328.json:148440:        "/home/fekerr/src/irislime/llama.cpp/tests/test-sampling.cpp:122 (test_xtc)",
./logs/tests/smoke_help_20260710_071328.json:148446:        "/home/fekerr/src/irislime/llama.cpp/tests/test-sampling.cpp:124 (test_xtc)",
./logs/tests/smoke_help_20260710_071328.json:148449:        "/home/fekerr/src/irislime/llama.cpp/tests/test-sampling.cpp:122 (test_xtc)",
./logs/tests/smoke_help_20260710_071328.json:148455:        "/home/fekerr/src/irislime/llama.cpp/tests/test-sampling.cpp:124 (test_xtc)",
./logs/tests/smoke_help_20260710_071328.json:148459:        "/home/fekerr/src/irislime/llama.cpp/tests/test-sampling.cpp:122 (test_xtc)",
./logs/tests/smoke_help_20260710_071328.json:148465:        "/home/fekerr/src/irislime/llama.cpp/tests/test-sampling.cpp:124 (test_xtc)",
./logs/tests/smoke_help_20260710_071328.json:148471:        "/home/fekerr/src/irislime/llama.cpp/tests/test-sampling.cpp:122 (test_xtc)",
./logs/tests/smoke_help_20260710_071328.json:148477:        "/home/fekerr/src/irislime/llama.cpp/tests/test-sampling.cpp:124 (test_xtc)",
./logs/tests/smoke_help_20260710_071328.json:148483:        "/home/fekerr/src/irislime/llama.cpp/tests/test-sampling.cpp:132 (test_typical)",
./logs/tests/smoke_help_20260710_071328.json:148489:        "/home/fekerr/src/irislime/llama.cppempty DRY sequence breakers list in llama_sampler_init_dry_testing",
./logs/tests/smoke_help_20260710_071328.json:148495:        "/home/fekerr/src/irislime/llama.cpp/tests/test-sampling.cpp:132 (test_typical)",
./logs/tests/smoke_help_20260710_071328.json:148501:        "/home/fekerr/src/irislime/llama.cpp/tests/test-sampling.cpp:134 (test_typical)",
./logs/tests/smoke_help_20260710_071328.json:148506:        "/home/fekerr/src/irislime/llama.cpp/tests/test-sampling.cpp:153 (test_penalties)",
./logs/tests/smoke_help_20260710_071328.json:148513:        "/home/fekerr/src/irislime/llama.cpp/tests/test-sampling.cpp:156 (test_penalties)",
./logs/tests/smoke_help_20260710_071328.json:148520:        "/home/fekerr/src/irislime/llama.cpp/tests/test-sampling.cpp:153 (test_penalties)",
./logs/tests/smoke_help_20260710_071328.json:148527:        "/home/fekerr/src/irislime/llama.cpp/tests/test-sampling.cpp:156 (test_penalties)",
./logs/tests/smoke_help_20260710_071328.json:148534:        "/home/fekerr/src/irislime/llama.cpp/tests/test-sampling.cpp:153 (test_penalties)",
./logs/tests/smoke_help_20260710_071328.json:148541:        "/home/fekerr/src/irislime/llama.cpp/tests/test-sampling.cpp:156 (test_penalties)",
./logs/tests/smoke_help_20260710_071328.json:148548:        "/home/fekerr/src/irislime/llama.cpp/tests/test-sampling.cpp:153 (test_penalties)",
./logs/tests/smoke_help_20260710_071328.json:148555:        "/home/fekerr/src/irislime/llama.cpp/tests/test-sampling.cpp:156 (test_penalties)",
./logs/tests/smoke_help_20260710_071328.json:148562:        "/home/fekerr/src/irislime/llama.cpp/tests/test-sampling.cpp:153 (test_penalties)",
./logs/tests/smoke_help_20260710_071328.json:148569:        "/home/fekerr/src/irislime/llama.cpp/tests/test-sampling.cpp:156 (test_penalties)",
./logs/tests/smoke_help_20260710_071328.json:148576:        "/home/fekerr/src/irislime/llama.cpp/tests/test-sampling.cpp:153 (test_penalties)",
./logs/tests/smoke_help_20260710_071328.json:148583:        "/home/fekerr/src/irislime/llama.cpp/tests/test-sampling.cpp:156 (test_penalties)",
./logs/tests/smoke_help_20260710_071328.json:148590:        "/home/fekerr/src/irislime/llama.cpp/tests/test-sampling.cpp:177 (test_dry)",
./logs/tests/smoke_help_20260710_071328.json:148596:        "/home/fekerr/src/irislime/llama.cpp/tests/test-sampling.cpp:180 (test_dry)",
./logs/tests/smoke_help_20260710_071328.json:148602:        "/home/fekerr/src/irislime/llama.cpp/tests/test-sampling.cpp:177 (test_dry)",
./logs/tests/smoke_help_20260710_071328.json:148608:        "/home/fekerr/src/irislime/llama.cpp/tests/test-sampling.cpp:180 (test_dry)",
./logs/tests/smoke_help_20260710_071328.json:148614:        "/home/fekerr/src/irislime/llama.cpp/tests/test-sampling.cpp:177 (test_dry)",
./logs/tests/smoke_help_20260710_071328.json:148621:        "/home/fekerr/src/irislime/llama.cpp/tests/test-sampling.cpp:180 (test_dry)",
./logs/tests/smoke_help_20260710_071328.json:148628:        "/home/fekerr/src/irislime/llama.cpp/tests/test-sampling.cpp:177 (test_dry)",
./logs/tests/smoke_help_20260710_071328.json:148636:        "/home/fekerr/src/irislime/llama.cpp/tests/test-sampling.cpp:180 (test_dry)",
./logs/tests/smoke_help_20260710_071328.json:148643:        "/home/fekerr/src/irislime/llama.cpp/tests/test-sampling.cpp:177 (test_dry)",
./logs/tests/smoke_help_20260710_071328.json:148650:        "/home/fekerr/src/irislime/llama.cpp/tests/test-sampling.cpp:180 (test_dry)",
./logs/tests/smoke_help_20260710_071328.json:148657:        "/home/fekerr/src/irislime/llama.cpp/tests/test-sampling.cpp:187 (test_top_n_sigma)",
./logs/tests/smoke_help_20260710_071328.json:148663:        "/home/fekerr/src/irislime/llama.cpp/tests/test-sampling.cpp:190 (test_top_n_sigma)",
./logs/tests/smoke_help_20260710_071328.json:148669:        "/home/fekerr/src/irislime/llama.cpp/tests/test-sampling.cpp:187 (test_top_n_sigma)",
./logs/tests/smoke_help_20260710_071328.json:148675:        "/home/fekerr/src/irislime/llama.cpp/tests/test-sampling.cpp:190 (test_top_n_sigma)",
./logs/tests/smoke_help_20260710_071328.json:148681:        "/home/fekerr/src/irislime/llama.cpp/tests/test-sampling.cpp:187 (test_top_n_sigma)",
./logs/tests/smoke_help_20260710_071328.json:148687:        "/home/fekerr/src/irislime/llama.cpp/tests/test-sampling.cpp:190 (test_top_n_sigma)",
./logs/tests/test_run_20260711_203018.json:186:        "/home/fekerr/src/irislime/build/vulkan_debug/bin/libggml-base.so.0(+0x1a606) [0x74aa1a0c4606]",
./logs/tests/test_run_20260711_203018.json:187:        "/home/fekerr/src/irislime/build/vulkan_debug/bin/libggml-base.so.0(ggml_print_backtrace+0x20d) [0x74aa1a0c4cbd]",
./logs/tests/test_run_20260711_203018.json:188:        "/home/fekerr/src/irislime/build/vulkan_debug/bin/libggml-base.so.0(+0x2a60f) [0x74aa1a0d460f]",
./logs/tests/test_run_20260711_203018.json:192:        "/home/fekerr/src/irislime/build/vulkan_debug/bin/test-chat(+0x1f2f5) [0x5f1cef0342f5]",
./logs/tests/test_run_20260711_203018.json:193:        "/home/fekerr/src/irislime/build/vulkan_debug/bin/test-chat(+0x3eef7) [0x5f1cef053ef7]",
./logs/tests/test_run_20260711_203018.json:194:        "/home/fekerr/src/irislime/build/vulkan_debug/bin/test-chat(+0x43557) [0x5f1cef058557]",
./logs/tests/test_run_20260711_203018.json:195:        "/home/fekerr/src/irislime/build/vulkan_debug/bin/test-chat(+0x3ad83) [0x5f1cef04fd83]",
./logs/tests/test_run_20260711_203018.json:198:        "/home/fekerr/src/irislime/build/vulkan_debug/bin/test-chat(+0x3b6f5) [0x5f1cef0506f5]",
./logs/tests/test_run_20260711_203018.json:1292:        "Usage: /home/fekerr/src/irislime/build/vulkan_debug/bin/test-gbnf-validator <grammar_filename> <input_filename>"
./logs/tests/test_run_20260711_203018.json:3431:        "python: can't open file '/home/fekerr/src/irislime/build/vulkan_debug/bin/./examples/json_schema_to_grammar.py': [Errno 2] No such file or directory",
./logs/tests/test_run_20260711_203018.json:3441:        "test-json-schema-to-grammar: /home/fekerr/src/irislime/llama.cpp/tests/test-json-schema-to-grammar.cpp:62: void TestCase::verify_status(TestCaseStatus) const: Assertion `false' failed."
./logs/tests/test_run_20260711_203018.json:11411:        "/home/fekerr/src/irislime/llama.cpp/tests/test-sampling.cpp:67 (test_temp)",
./logs/tests/test_run_20260711_203018.json:11417:        "/home/fekerr/src/irislime/llama.cpp/tests/test-sampling.cpp:70 (test_temp)",
./logs/tests/test_run_20260711_203018.json:11423:        "/home/fekerr/src/irislime/llama.cpp/tests/test-sampling.cpp:67 (test_temp)",
./logs/tests/test_run_20260711_203018.json:11429:        "/home/fekerr/src/irislime/llama.cpp/tests/test-sampling.cpp:70 (test_temp)",
./logs/tests/test_run_20260711_203018.json:11435:        "/home/fekerr/src/irislime/llama.cpp/tests/test-sampling.cpp:78 (test_temp_ext)",
./logs/tests/test_run_20260711_203018.json:11441:        "/home/fekerr/src/irislime/llama.cpp/tests/test-sampling.cpp:81 (test_temp_ext)",
./logs/tests/test_run_20260711_203018.json:11447:        "/home/fekerr/src/irislime/llama.cpp/tests/test-sampling.cpp:78 (test_temp_ext)",
./logs/tests/test_run_20260711_203018.json:11453:        "/home/fekerr/src/irislime/llama.cpp/tests/test-sampling.cpp:81 (test_temp_ext)",
./logs/tests/test_run_20260711_203018.json:11459:        "/home/fekerr/src/irislime/llama.cpp/tests/test-sampling.cpp:89 (test_top_k)",
./logs/tests/test_run_20260711_203018.json:11465:        "/home/fekerr/src/irislime/llama.cpp/tests/test-sampling.cpp:92 (test_top_k)",
./logs/tests/test_run_20260711_203018.json:11468:        "/home/fekerr/src/irislime/llama.cpp/tests/test-sampling.cpp:89 (test_top_k)",
./logs/tests/test_run_20260711_203018.json:11474:        "/home/fekerr/src/irislime/llama.cpp/tests/test-sampling.cpp:92 (test_top_k)",
./logs/tests/test_run_20260711_203018.json:11479:        "/home/fekerr/src/irislime/llama.cpp/tests/test-sampling.cpp:89 (test_top_k)",
./logs/tests/test_run_20260711_203018.json:11485:        "/home/fekerr/src/irislime/llama.cpp/tests/test-sampling.cpp:92 (test_top_k)",
./logs/tests/test_run_20260711_203018.json:11491:        "/home/fekerr/src/irislime/llama.cpp/tests/test-sampling.cpp:89 (test_top_k)",
./logs/tests/test_run_20260711_203018.json:11497:        "/home/fekerr/src/irislime/llama.cpp/tests/test-sampling.cpp:92 (test_top_k)",
./logs/tests/test_run_20260711_203018.json:11503:        "/home/fekerr/src/irislime/llama.cpp/tests/test-sampling.cpp:100 (test_top_p)",
./logs/tests/test_run_20260711_203018.json:11509:        "/home/fekerr/src/irislime/llama.cpp/tests/test-sampling.cpp:103 (test_top_p)",
./logs/tests/test_run_20260711_203018.json:11512:        "/home/fekerr/src/irislime/llama.cpp/tests/test-sampling.cpp:100 (test_top_p)",
./logs/tests/test_run_20260711_203018.json:11518:        "/home/fekerr/src/irislime/llama.cpp/tests/test-sampling.cpp:103 (test_top_p)",
./logs/tests/test_run_20260711_203018.json:11522:        "/home/fekerr/src/irislime/llama.cpp/tests/test-sampling.cpp:100 (test_top_p)",
./logs/tests/test_run_20260711_203018.json:11528:        "/home/fekerr/src/irislime/llama.cpp/tests/test-sampling.cpp:103 (test_top_p)",
./logs/tests/test_run_20260711_203018.json:11533:        "/home/fekerr/src/irislime/llama.cpp/tests/test-sampling.cpp:100 (test_top_p)",
./logs/tests/test_run_20260711_203018.json:11539:        "/home/fekerr/src/irislime/llama.cpp/tests/test-sampling.cpp:103 (test_top_p)",
./logs/tests/test_run_20260711_203018.json:11545:        "/home/fekerr/src/irislime/llama.cpp/tests/test-sampling.cpp:111 (test_min_p)",
./logs/tests/test_run_20260711_203018.json:11551:        "/home/fekerr/src/irislime/llama.cpp/tests/test-sampling.cpp:114 (test_min_p)",
./logs/tests/test_run_20260711_203018.json:11557:        "/home/fekerr/src/irislime/llama.cpp/tests/test-sampling.cpp:111 (test_min_p)",
./logs/tests/test_run_20260711_203018.json:11563:        "/home/fekerr/src/irislime/llama.cpp/tests/test-sampling.cpp:114 (test_min_p)",
./logs/tests/test_run_20260711_203018.json:11569:        "/home/fekerr/src/irislime/llama.cpp/tests/test-sampling.cpp:111 (test_min_p)",
./logs/tests/test_run_20260711_203018.json:11575:        "/home/fekerr/src/irislime/llama.cpp/tests/test-sampling.cpp:114 (test_min_p)",
./logs/tests/test_run_20260711_203018.json:11580:        "/home/fekerr/src/irislime/llama.cpp/tests/test-sampling.cpp:111 (test_min_p)",
./logs/tests/test_run_20260711_203018.json:11586:        "/home/fekerr/src/irislime/llama.cpp/tests/test-sampling.cpp:114 (test_min_p)",
./logs/tests/test_run_20260711_203018.json:11591:        "/home/fekerr/src/irislime/llama.cpp/tests/test-sampling.cpp:111 (test_min_p)",
./logs/tests/test_run_20260711_203018.json:11597:        "/home/fekerr/src/irislime/llama.cpp/tests/test-sampling.cpp:114 (test_min_p)",
./logs/tests/test_run_20260711_203018.json:11601:        "/home/fekerr/src/irislime/llama.cpp/tests/test-sampling.cpp:111 (test_min_p)",
./logs/tests/test_run_20260711_203018.json:11607:        "/home/fekerr/src/irislime/llama.cpp/tests/test-sampling.cpp:114 (test_min_p)",
./logs/tests/test_run_20260711_203018.json:11611:        "/home/fekerr/src/irislime/llama.cpp/tests/test-sampling.cpp:111 (test_min_p)",
./logs/tests/test_run_20260711_203018.json:11617:        "/home/fekerr/src/irislime/llama.cpp/tests/test-sampling.cpp:114 (test_min_p)",
./logs/tests/test_run_20260711_203018.json:11620:        "/home/fekerr/src/irislime/llama.cpp/tests/test-sampling.cpp:111 (test_min_p)",
./logs/tests/test_run_20260711_203018.json:11626:        "/home/fekerr/src/irislime/llama.cpp/tests/test-sampling.cpp:114 (test_min_p)",
./logs/tests/test_run_20260711_203018.json:11629:        "/home/fekerr/src/irislime/llama.cpp/tests/test-sampling.cpp:111 (test_min_p)",
./logs/tests/test_run_20260711_203018.json:11635:        "/home/fekerr/src/irislime/llama.cpp/tests/test-sampling.cpp:114 (test_min_p)",
./logs/tests/test_run_20260711_203018.json:11639:        "/home/fekerr/src/irislime/llama.cpp/tests/test-sampling.cpp:122 (test_xtc)",
./logs/tests/test_run_20260711_203018.json:11645:        "/home/fekerr/src/irislime/llama.cpp/tests/test-sampling.cpp:124 (test_xtc)",
./logs/tests/test_run_20260711_203018.json:11648:        "/home/fekerr/src/irislime/llama.cpp/tests/test-sampling.cpp:122 (test_xtc)",
./logs/tests/test_run_20260711_203018.json:11654:        "/home/fekerr/src/irislime/llama.cpp/tests/test-sampling.cpp:124 (test_xtc)",
./logs/tests/test_run_20260711_203018.json:11658:        "/home/fekerr/src/irislime/llama.cpp/tests/test-sampling.cpp:122 (test_xtc)",
./logs/tests/test_run_20260711_203018.json:11664:        "/home/fekerr/src/irislime/llama.cpp/tests/test-sampling.cpp:124 (test_xtc)",
./logs/tests/test_run_20260711_203018.json:11670:        "/home/fekerr/src/irislime/llama.cpp/tests/test-sampling.cpp:122 (test_xtc)",
./logs/tests/test_run_20260711_203018.json:11676:        "/home/fekerr/src/irislime/llama.cpp/tests/test-sampling.cpp:124 (test_xtc)",
./logs/tests/test_run_20260711_203018.json:11682:        "/home/fekerr/src/irislime/llama.cpp/tests/test-sampling.cpp:132 (test_typical)",
./logs/tests/test_run_20260711_203018.json:11688:        "/home/fekerr/src/irislime/llama.cppempty DRY sequence breakers list in llama_sampler_init_dry_testing",
./logs/tests/test_run_20260711_203018.json:11694:        "/home/fekerr/src/irislime/llama.cpp/tests/test-sampling.cpp:132 (test_typical)",
./logs/tests/test_run_20260711_203018.json:11700:        "/home/fekerr/src/irislime/llama.cpp/tests/test-sampling.cpp:134 (test_typical)",
./logs/tests/test_run_20260711_203018.json:11705:        "/home/fekerr/src/irislime/llama.cpp/tests/test-sampling.cpp:153 (test_penalties)",
./logs/tests/test_run_20260711_203018.json:11712:        "/home/fekerr/src/irislime/llama.cpp/tests/test-sampling.cpp:156 (test_penalties)",
./logs/tests/test_run_20260711_203018.json:11719:        "/home/fekerr/src/irislime/llama.cpp/tests/test-sampling.cpp:153 (test_penalties)",
./logs/tests/test_run_20260711_203018.json:11726:        "/home/fekerr/src/irislime/llama.cpp/tests/test-sampling.cpp:156 (test_penalties)",
./logs/tests/test_run_20260711_203018.json:11733:        "/home/fekerr/src/irislime/llama.cpp/tests/test-sampling.cpp:153 (test_penalties)",
./logs/tests/test_run_20260711_203018.json:11740:        "/home/fekerr/src/irislime/llama.cpp/tests/test-sampling.cpp:156 (test_penalties)",
./logs/tests/test_run_20260711_203018.json:11747:        "/home/fekerr/src/irislime/llama.cpp/tests/test-sampling.cpp:153 (test_penalties)",
./logs/tests/test_run_20260711_203018.json:11754:        "/home/fekerr/src/irislime/llama.cpp/tests/test-sampling.cpp:156 (test_penalties)",
./logs/tests/test_run_20260711_203018.json:11761:        "/home/fekerr/src/irislime/llama.cpp/tests/test-sampling.cpp:153 (test_penalties)",
./logs/tests/test_run_20260711_203018.json:11768:        "/home/fekerr/src/irislime/llama.cpp/tests/test-sampling.cpp:156 (test_penalties)",
./logs/tests/test_run_20260711_203018.json:11775:        "/home/fekerr/src/irislime/llama.cpp/tests/test-sampling.cpp:153 (test_penalties)",
./logs/tests/test_run_20260711_203018.json:11782:        "/home/fekerr/src/irislime/llama.cpp/tests/test-sampling.cpp:156 (test_penalties)",
./logs/tests/test_run_20260711_203018.json:11789:        "/home/fekerr/src/irislime/llama.cpp/tests/test-sampling.cpp:177 (test_dry)",
./logs/tests/test_run_20260711_203018.json:11795:        "/home/fekerr/src/irislime/llama.cpp/tests/test-sampling.cpp:180 (test_dry)",
./logs/tests/test_run_20260711_203018.json:11801:        "/home/fekerr/src/irislime/llama.cpp/tests/test-sampling.cpp:177 (test_dry)",
./logs/tests/test_run_20260711_203018.json:11807:        "/home/fekerr/src/irislime/llama.cpp/tests/test-sampling.cpp:180 (test_dry)",
./logs/tests/test_run_20260711_203018.json:11813:        "/home/fekerr/src/irislime/llama.cpp/tests/test-sampling.cpp:177 (test_dry)",
./logs/tests/test_run_20260711_203018.json:11820:        "/home/fekerr/src/irislime/llama.cpp/tests/test-sampling.cpp:180 (test_dry)",
./logs/tests/test_run_20260711_203018.json:11827:        "/home/fekerr/src/irislime/llama.cpp/tests/test-sampling.cpp:177 (test_dry)",
./logs/tests/test_run_20260711_203018.json:11835:        "/home/fekerr/src/irislime/llama.cpp/tests/test-sampling.cpp:180 (test_dry)",
./logs/tests/test_run_20260711_203018.json:11842:        "/home/fekerr/src/irislime/llama.cpp/tests/test-sampling.cpp:177 (test_dry)",
./logs/tests/test_run_20260711_203018.json:11849:        "/home/fekerr/src/irislime/llama.cpp/tests/test-sampling.cpp:180 (test_dry)",
./logs/tests/test_run_20260711_203018.json:11856:        "/home/fekerr/src/irislime/llama.cpp/tests/test-sampling.cpp:187 (test_top_n_sigma)",
./logs/tests/test_run_20260711_203018.json:11862:        "/home/fekerr/src/irislime/llama.cpp/tests/test-sampling.cpp:190 (test_top_n_sigma)",
./logs/tests/test_run_20260711_203018.json:11868:        "/home/fekerr/src/irislime/llama.cpp/tests/test-sampling.cpp:187 (test_top_n_sigma)",
./logs/tests/test_run_20260711_203018.json:11874:        "/home/fekerr/src/irislime/llama.cpp/tests/test-sampling.cpp:190 (test_top_n_sigma)",
./logs/tests/test_run_20260711_203018.json:11880:        "/home/fekerr/src/irislime/llama.cpp/tests/test-sampling.cpp:187 (test_top_n_sigma)",
./logs/tests/test_run_20260711_203018.json:11886:        "/home/fekerr/src/irislime/llama.cpp/tests/test-sampling.cpp:190 (test_top_n_sigma)",
./logs/tests/test_run_20260711_203018.json:11964:        "Usage: /home/fekerr/src/irislime/build/vulkan_debug/bin/test-tokenizer-0 vocab-file [text-file]"
./logs/tests/test_run_20260711_203018.json:11974:        "Usage: /home/fekerr/src/irislime/build/vulkan_debug/bin/test-tokenizer-1-bpe <vocab-file> [--ignore-merges]"
./logs/tests/test_run_20260711_203018.json:11984:        "Usage: /home/fekerr/src/irislime/build/vulkan_debug/bin/test-tokenizer-1-spm <vocab-file>"
./logs/tests/test_run_20260710_061121.json:182:        "/home/fekerr/src/irislime/build/vulkan_debug/bin/libggml-base.so.0(+0x1a606) [0x722f32868606]",
./logs/tests/test_run_20260710_061121.json:183:        "/home/fekerr/src/irislime/build/vulkan_debug/bin/libggml-base.so.0(ggml_print_backtrace+0x20d) [0x722f32868cbd]",
./logs/tests/test_run_20260710_061121.json:184:        "/home/fekerr/src/irislime/build/vulkan_debug/bin/libggml-base.so.0(+0x2a60f) [0x722f3287860f]",
./logs/tests/test_run_20260710_061121.json:188:        "/home/fekerr/src/irislime/build/vulkan_debug/bin/test-chat(+0x1f2f5) [0x5be1b1fb92f5]",
./logs/tests/test_run_20260710_061121.json:189:        "/home/fekerr/src/irislime/build/vulkan_debug/bin/test-chat(+0x3eef7) [0x5be1b1fd8ef7]",
./logs/tests/test_run_20260710_061121.json:190:        "/home/fekerr/src/irislime/build/vulkan_debug/bin/test-chat(+0x43557) [0x5be1b1fdd557]",
./logs/tests/test_run_20260710_061121.json:191:        "/home/fekerr/src/irislime/build/vulkan_debug/bin/test-chat(+0x3ad83) [0x5be1b1fd4d83]",
./logs/tests/test_run_20260710_061121.json:194:        "/home/fekerr/src/irislime/build/vulkan_debug/bin/test-chat(+0x3b6f5) [0x5be1b1fd56f5]",
./logs/tests/test_run_20260710_061121.json:1283:        "Usage: /home/fekerr/src/irislime/build/vulkan_debug/bin/test-gbnf-validator <grammar_filename> <input_filename>"
./logs/tests/test_run_20260710_061121.json:1503:        "gguf_fetch: loaded from cache: /home/fekerr/.cache/llama.cpp/gguf-headers//ggml-org_Qwen3-0.6B-GGUF--Qwen3-0.6B-Q8_0.gguf.partial",
./logs/tests/test_run_20260710_061121.json:1515:        "gguf_fetch: loaded from cache: /home/fekerr/.cache/llama.cpp/gguf-headers//ggml-org_Qwen3-0.6B-GGUF--Qwen3-0.6B-Q8_0.gguf.partial",
./logs/tests/test_run_20260710_061121.json:1516:        "gguf_fetch: loaded from cache: /home/fekerr/.cache/llama.cpp/gguf-headers//ggml-org_GLM-4.6V-GGUF--GLM-4.6V-Q8_0-00001-of-00003.gguf.partial",
./logs/tests/test_run_20260710_061121.json:1518:        "gguf_fetch: loaded from cache: /home/fekerr/.cache/llama.cpp/gguf-headers//ggml-org_GLM-4.6V-GGUF--GLM-4.6V-Q8_0-00002-of-00003.gguf.partial",
./logs/tests/test_run_20260710_061121.json:1519:        "gguf_fetch: loaded from cache: /home/fekerr/.cache/llama.cpp/gguf-headers//ggml-org_GLM-4.6V-GGUF--GLM-4.6V-Q8_0-00003-of-00003.gguf.partial",
./logs/tests/test_run_20260710_061121.json:1531:        "gguf_fetch: loaded from cache: /home/fekerr/.cache/llama.cpp/gguf-headers//ggml-org_Step-3.5-Flash-GGUF--Step-3.5-Flash-Q4_K.gguf.partial",
./logs/tests/test_run_20260710_061121.json:3454:        "python: can't open file '/home/fekerr/src/irislime/build/vulkan_debug/bin/./examples/json_schema_to_grammar.py': [Errno 2] No such file or directory",
./logs/tests/test_run_20260710_061121.json:3464:        "test-json-schema-to-grammar: /home/fekerr/src/irislime/llama.cpp/tests/test-json-schema-to-grammar.cpp:62: void TestCase::verify_status(TestCaseStatus) const: Assertion `false' failed."
./logs/tests/test_run_20260710_061121.json:11490:        "/home/fekerr/src/irislime/llama.cpp/tests/test-sampling.cpp:67 (test_temp)",
./logs/tests/test_run_20260710_061121.json:11496:        "/home/fekerr/src/irislime/llama.cpp/tests/test-sampling.cpp:70 (test_temp)",
./logs/tests/test_run_20260710_061121.json:11502:        "/home/fekerr/src/irislime/llama.cpp/tests/test-sampling.cpp:67 (test_temp)",
./logs/tests/test_run_20260710_061121.json:11508:        "/home/fekerr/src/irislime/llama.cpp/tests/test-sampling.cpp:70 (test_temp)",
./logs/tests/test_run_20260710_061121.json:11514:        "/home/fekerr/src/irislime/llama.cpp/tests/test-sampling.cpp:78 (test_temp_ext)",
./logs/tests/test_run_20260710_061121.json:11520:        "/home/fekerr/src/irislime/llama.cpp/tests/test-sampling.cpp:81 (test_temp_ext)",
./logs/tests/test_run_20260710_061121.json:11526:        "/home/fekerr/src/irislime/llama.cpp/tests/test-sampling.cpp:78 (test_temp_ext)",
./logs/tests/test_run_20260710_061121.json:11532:        "/home/fekerr/src/irislime/llama.cpp/tests/test-sampling.cpp:81 (test_temp_ext)",
./logs/tests/test_run_20260710_061121.json:11538:        "/home/fekerr/src/irislime/llama.cpp/tests/test-sampling.cpp:89 (test_top_k)",
./logs/tests/test_run_20260710_061121.json:11544:        "/home/fekerr/src/irislime/llama.cpp/tests/test-sampling.cpp:92 (test_top_k)",
./logs/tests/test_run_20260710_061121.json:11547:        "/home/fekerr/src/irislime/llama.cpp/tests/test-sampling.cpp:89 (test_top_k)",
./logs/tests/test_run_20260710_061121.json:11553:        "/home/fekerr/src/irislime/llama.cpp/tests/test-sampling.cpp:92 (test_top_k)",
./logs/tests/test_run_20260710_061121.json:11558:        "/home/fekerr/src/irislime/llama.cpp/tests/test-sampling.cpp:89 (test_top_k)",
./logs/tests/test_run_20260710_061121.json:11564:        "/home/fekerr/src/irislime/llama.cpp/tests/test-sampling.cpp:92 (test_top_k)",
./logs/tests/test_run_20260710_061121.json:11570:        "/home/fekerr/src/irislime/llama.cpp/tests/test-sampling.cpp:89 (test_top_k)",
./logs/tests/test_run_20260710_061121.json:11576:        "/home/fekerr/src/irislime/llama.cpp/tests/test-sampling.cpp:92 (test_top_k)",
./logs/tests/test_run_20260710_061121.json:11582:        "/home/fekerr/src/irislime/llama.cpp/tests/test-sampling.cpp:100 (test_top_p)",
./logs/tests/test_run_20260710_061121.json:11588:        "/home/fekerr/src/irislime/llama.cpp/tests/test-sampling.cpp:103 (test_top_p)",
./logs/tests/test_run_20260710_061121.json:11591:        "/home/fekerr/src/irislime/llama.cpp/tests/test-sampling.cpp:100 (test_top_p)",
./logs/tests/test_run_20260710_061121.json:11597:        "/home/fekerr/src/irislime/llama.cpp/tests/test-sampling.cpp:103 (test_top_p)",
./logs/tests/test_run_20260710_061121.json:11601:        "/home/fekerr/src/irislime/llama.cpp/tests/test-sampling.cpp:100 (test_top_p)",
./logs/tests/test_run_20260710_061121.json:11607:        "/home/fekerr/src/irislime/llama.cpp/tests/test-sampling.cpp:103 (test_top_p)",
./logs/tests/test_run_20260710_061121.json:11612:        "/home/fekerr/src/irislime/llama.cpp/tests/test-sampling.cpp:100 (test_top_p)",
./logs/tests/test_run_20260710_061121.json:11618:        "/home/fekerr/src/irislime/llama.cpp/tests/test-sampling.cpp:103 (test_top_p)",
./logs/tests/test_run_20260710_061121.json:11624:        "/home/fekerr/src/irislime/llama.cpp/tests/test-sampling.cpp:111 (test_min_p)",
./logs/tests/test_run_20260710_061121.json:11630:        "/home/fekerr/src/irislime/llama.cpp/tests/test-sampling.cpp:114 (test_min_p)",
./logs/tests/test_run_20260710_061121.json:11636:        "/home/fekerr/src/irislime/llama.cpp/tests/test-sampling.cpp:111 (test_min_p)",
./logs/tests/test_run_20260710_061121.json:11642:        "/home/fekerr/src/irislime/llama.cpp/tests/test-sampling.cpp:114 (test_min_p)",
./logs/tests/test_run_20260710_061121.json:11648:        "/home/fekerr/src/irislime/llama.cpp/tests/test-sampling.cpp:111 (test_min_p)",
./logs/tests/test_run_20260710_061121.json:11654:        "/home/fekerr/src/irislime/llama.cpp/tests/test-sampling.cpp:114 (test_min_p)",
./logs/tests/test_run_20260710_061121.json:11659:        "/home/fekerr/src/irislime/llama.cpp/tests/test-sampling.cpp:111 (test_min_p)",
./logs/tests/test_run_20260710_061121.json:11665:        "/home/fekerr/src/irislime/llama.cpp/tests/test-sampling.cpp:114 (test_min_p)",
./logs/tests/test_run_20260710_061121.json:11670:        "/home/fekerr/src/irislime/llama.cpp/tests/test-sampling.cpp:111 (test_min_p)",
./logs/tests/test_run_20260710_061121.json:11676:        "/home/fekerr/src/irislime/llama.cpp/tests/test-sampling.cpp:114 (test_min_p)",
./logs/tests/test_run_20260710_061121.json:11680:        "/home/fekerr/src/irislime/llama.cpp/tests/test-sampling.cpp:111 (test_min_p)",
./logs/tests/test_run_20260710_061121.json:11686:        "/home/fekerr/src/irislime/llama.cpp/tests/test-sampling.cpp:114 (test_min_p)",
./logs/tests/test_run_20260710_061121.json:11690:        "/home/fekerr/src/irislime/llama.cpp/tests/test-sampling.cpp:111 (test_min_p)",
./logs/tests/test_run_20260710_061121.json:11696:        "/home/fekerr/src/irislime/llama.cpp/tests/test-sampling.cpp:114 (test_min_p)",
./logs/tests/test_run_20260710_061121.json:11699:        "/home/fekerr/src/irislime/llama.cpp/tests/test-sampling.cpp:111 (test_min_p)",
./logs/tests/test_run_20260710_061121.json:11705:        "/home/fekerr/src/irislime/llama.cpp/tests/test-sampling.cpp:114 (test_min_p)",
./logs/tests/test_run_20260710_061121.json:11708:        "/home/fekerr/src/irislime/llama.cpp/tests/test-sampling.cpp:111 (test_min_p)",
./logs/tests/test_run_20260710_061121.json:11714:        "/home/fekerr/src/irislime/llama.cpp/tests/test-sampling.cpp:114 (test_min_p)",
./logs/tests/test_run_20260710_061121.json:11718:        "/home/fekerr/src/irislime/llama.cpp/tests/test-sampling.cpp:122 (test_xtc)",
./logs/tests/test_run_20260710_061121.json:11724:        "/home/fekerr/src/irislime/llama.cpp/tests/test-sampling.cpp:124 (test_xtc)",
./logs/tests/test_run_20260710_061121.json:11727:        "/home/fekerr/src/irislime/llama.cpp/tests/test-sampling.cpp:122 (test_xtc)",
./logs/tests/test_run_20260710_061121.json:11733:        "/home/fekerr/src/irislime/llama.cpp/tests/test-sampling.cpp:124 (test_xtc)",
./logs/tests/test_run_20260710_061121.json:11737:        "/home/fekerr/src/irislime/llama.cpp/tests/test-sampling.cpp:122 (test_xtc)",
./logs/tests/test_run_20260710_061121.json:11743:        "/home/fekerr/src/irislime/llama.cpp/tests/test-sampling.cpp:124 (test_xtc)",
./logs/tests/test_run_20260710_061121.json:11749:        "/home/fekerr/src/irislime/llama.cpp/tests/test-sampling.cpp:122 (test_xtc)",
./logs/tests/test_run_20260710_061121.json:11755:        "/home/fekerr/src/irislime/llama.cpp/tests/test-sampling.cpp:124 (test_xtc)",
./logs/tests/test_run_20260710_061121.json:11761:        "/home/fekerr/src/irislime/llama.cpp/tests/test-sampling.cpp:132 (test_typical)",
./logs/tests/test_run_20260710_061121.json:11767:        "/home/fekerr/src/irislime/llama.cppempty DRY sequence breakers list in llama_sampler_init_dry_testing",
./logs/tests/test_run_20260710_061121.json:11773:        "/home/fekerr/src/irislime/llama.cpp/tests/test-sampling.cpp:132 (test_typical)",
./logs/tests/test_run_20260710_061121.json:11779:        "/home/fekerr/src/irislime/llama.cpp/tests/test-sampling.cpp:134 (test_typical)",
./logs/tests/test_run_20260710_061121.json:11784:        "/home/fekerr/src/irislime/llama.cpp/tests/test-sampling.cpp:153 (test_penalties)",
./logs/tests/test_run_20260710_061121.json:11791:        "/home/fekerr/src/irislime/llama.cpp/tests/test-sampling.cpp:156 (test_penalties)",
./logs/tests/test_run_20260710_061121.json:11798:        "/home/fekerr/src/irislime/llama.cpp/tests/test-sampling.cpp:153 (test_penalties)",
./logs/tests/test_run_20260710_061121.json:11805:        "/home/fekerr/src/irislime/llama.cpp/tests/test-sampling.cpp:156 (test_penalties)",
./logs/tests/test_run_20260710_061121.json:11812:        "/home/fekerr/src/irislime/llama.cpp/tests/test-sampling.cpp:153 (test_penalties)",
./logs/tests/test_run_20260710_061121.json:11819:        "/home/fekerr/src/irislime/llama.cpp/tests/test-sampling.cpp:156 (test_penalties)",
./logs/tests/test_run_20260710_061121.json:11826:        "/home/fekerr/src/irislime/llama.cpp/tests/test-sampling.cpp:153 (test_penalties)",
./logs/tests/test_run_20260710_061121.json:11833:        "/home/fekerr/src/irislime/llama.cpp/tests/test-sampling.cpp:156 (test_penalties)",
./logs/tests/test_run_20260710_061121.json:11840:        "/home/fekerr/src/irislime/llama.cpp/tests/test-sampling.cpp:153 (test_penalties)",
./logs/tests/test_run_20260710_061121.json:11847:        "/home/fekerr/src/irislime/llama.cpp/tests/test-sampling.cpp:156 (test_penalties)",
./logs/tests/test_run_20260710_061121.json:11854:        "/home/fekerr/src/irislime/llama.cpp/tests/test-sampling.cpp:153 (test_penalties)",
./logs/tests/test_run_20260710_061121.json:11861:        "/home/fekerr/src/irislime/llama.cpp/tests/test-sampling.cpp:156 (test_penalties)",
./logs/tests/test_run_20260710_061121.json:11868:        "/home/fekerr/src/irislime/llama.cpp/tests/test-sampling.cpp:177 (test_dry)",
./logs/tests/test_run_20260710_061121.json:11874:        "/home/fekerr/src/irislime/llama.cpp/tests/test-sampling.cpp:180 (test_dry)",
./logs/tests/test_run_20260710_061121.json:11880:        "/home/fekerr/src/irislime/llama.cpp/tests/test-sampling.cpp:177 (test_dry)",
./logs/tests/test_run_20260710_061121.json:11886:        "/home/fekerr/src/irislime/llama.cpp/tests/test-sampling.cpp:180 (test_dry)",
./logs/tests/test_run_20260710_061121.json:11892:        "/home/fekerr/src/irislime/llama.cpp/tests/test-sampling.cpp:177 (test_dry)",
./logs/tests/test_run_20260710_061121.json:11899:        "/home/fekerr/src/irislime/llama.cpp/tests/test-sampling.cpp:180 (test_dry)",
./logs/tests/test_run_20260710_061121.json:11906:        "/home/fekerr/src/irislime/llama.cpp/tests/test-sampling.cpp:177 (test_dry)",
./logs/tests/test_run_20260710_061121.json:11914:        "/home/fekerr/src/irislime/llama.cpp/tests/test-sampling.cpp:180 (test_dry)",
./logs/tests/test_run_20260710_061121.json:11921:        "/home/fekerr/src/irislime/llama.cpp/tests/test-sampling.cpp:177 (test_dry)",
./logs/tests/test_run_20260710_061121.json:11928:        "/home/fekerr/src/irislime/llama.cpp/tests/test-sampling.cpp:180 (test_dry)",
./logs/tests/test_run_20260710_061121.json:11935:        "/home/fekerr/src/irislime/llama.cpp/tests/test-sampling.cpp:187 (test_top_n_sigma)",
./logs/tests/test_run_20260710_061121.json:11941:        "/home/fekerr/src/irislime/llama.cpp/tests/test-sampling.cpp:190 (test_top_n_sigma)",
./logs/tests/test_run_20260710_061121.json:11947:        "/home/fekerr/src/irislime/llama.cpp/tests/test-sampling.cpp:187 (test_top_n_sigma)",
./logs/tests/test_run_20260710_061121.json:11953:        "/home/fekerr/src/irislime/llama.cpp/tests/test-sampling.cpp:190 (test_top_n_sigma)",
./logs/tests/test_run_20260710_061121.json:11959:        "/home/fekerr/src/irislime/llama.cpp/tests/test-sampling.cpp:187 (test_top_n_sigma)",
./logs/tests/test_run_20260710_061121.json:11965:        "/home/fekerr/src/irislime/llama.cpp/tests/test-sampling.cpp:190 (test_top_n_sigma)",
./logs/tests/test_run_20260710_061121.json:12039:        "Usage: /home/fekerr/src/irislime/build/vulkan_debug/bin/test-tokenizer-0 vocab-file [text-file]"
./logs/tests/test_run_20260710_061121.json:12048:        "Usage: /home/fekerr/src/irislime/build/vulkan_debug/bin/test-tokenizer-1-bpe <vocab-file> [--ignore-merges]"
./logs/tests/test_run_20260710_061121.json:12057:        "Usage: /home/fekerr/src/irislime/build/vulkan_debug/bin/test-tokenizer-1-spm <vocab-file>"
./logs/tests/test_run_20260710_065449.json:192:        "/home/fekerr/src/irislime/build/vulkan_debug/bin/libggml-base.so.0(+0x1a606) [0x7a6c12268606]",
./logs/tests/test_run_20260710_065449.json:193:        "/home/fekerr/src/irislime/build/vulkan_debug/bin/libggml-base.so.0(ggml_print_backtrace+0x20d) [0x7a6c12268cbd]",
./logs/tests/test_run_20260710_065449.json:194:        "/home/fekerr/src/irislime/build/vulkan_debug/bin/libggml-base.so.0(+0x2a60f) [0x7a6c1227860f]",
./logs/tests/test_run_20260710_065449.json:198:        "/home/fekerr/src/irislime/build/vulkan_debug/bin/test-chat(+0x1f2f5) [0x5d5a6db182f5]",
./logs/tests/test_run_20260710_065449.json:199:        "/home/fekerr/src/irislime/build/vulkan_debug/bin/test-chat(+0x3eef7) [0x5d5a6db37ef7]",
./logs/tests/test_run_20260710_065449.json:200:        "/home/fekerr/src/irislime/build/vulkan_debug/bin/test-chat(+0x43557) [0x5d5a6db3c557]",
./logs/tests/test_run_20260710_065449.json:201:        "/home/fekerr/src/irislime/build/vulkan_debug/bin/test-chat(+0x3ad83) [0x5d5a6db33d83]",
./logs/tests/test_run_20260710_065449.json:204:        "/home/fekerr/src/irislime/build/vulkan_debug/bin/test-chat(+0x3b6f5) [0x5d5a6db346f5]",
./logs/tests/test_run_20260710_065449.json:1298:        "Usage: /home/fekerr/src/irislime/build/vulkan_debug/bin/test-gbnf-validator <grammar_filename> <input_filename>"
./logs/tests/test_run_20260710_065449.json:1520:        "gguf_fetch: loaded from cache: /home/fekerr/.cache/llama.cpp/gguf-headers//ggml-org_Qwen3-0.6B-GGUF--Qwen3-0.6B-Q8_0.gguf.partial",
./logs/tests/test_run_20260710_065449.json:1532:        "gguf_fetch: loaded from cache: /home/fekerr/.cache/llama.cpp/gguf-headers//ggml-org_Qwen3-0.6B-GGUF--Qwen3-0.6B-Q8_0.gguf.partial",
./logs/tests/test_run_20260710_065449.json:1533:        "gguf_fetch: loaded from cache: /home/fekerr/.cache/llama.cpp/gguf-headers//ggml-org_GLM-4.6V-GGUF--GLM-4.6V-Q8_0-00001-of-00003.gguf.partial",
./logs/tests/test_run_20260710_065449.json:1535:        "gguf_fetch: loaded from cache: /home/fekerr/.cache/llama.cpp/gguf-headers//ggml-org_GLM-4.6V-GGUF--GLM-4.6V-Q8_0-00002-of-00003.gguf.partial",
./logs/tests/test_run_20260710_065449.json:1536:        "gguf_fetch: loaded from cache: /home/fekerr/.cache/llama.cpp/gguf-headers//ggml-org_GLM-4.6V-GGUF--GLM-4.6V-Q8_0-00003-of-00003.gguf.partial",
./logs/tests/test_run_20260710_065449.json:1548:        "gguf_fetch: loaded from cache: /home/fekerr/.cache/llama.cpp/gguf-headers//ggml-org_Step-3.5-Flash-GGUF--Step-3.5-Flash-Q4_K.gguf.partial",
./logs/tests/test_run_20260710_065449.json:3475:        "python: can't open file '/home/fekerr/src/irislime/build/vulkan_debug/bin/./examples/json_schema_to_grammar.py': [Errno 2] No such file or directory",
./logs/tests/test_run_20260710_065449.json:3485:        "test-json-schema-to-grammar: /home/fekerr/src/irislime/llama.cpp/tests/test-json-schema-to-grammar.cpp:62: void TestCase::verify_status(TestCaseStatus) const: Assertion `false' failed."
./logs/tests/test_run_20260710_065449.json:10603:        "  /home/fekerr/src/irislime/build/vulkan_debug/bin/test-quant-type-selection --generate"
./logs/tests/test_run_20260710_065449.json:11593:        "/home/fekerr/src/irislime/llama.cpp/tests/test-sampling.cpp:67 (test_temp)",
./logs/tests/test_run_20260710_065449.json:11599:        "/home/fekerr/src/irislime/llama.cpp/tests/test-sampling.cpp:70 (test_temp)",
./logs/tests/test_run_20260710_065449.json:11605:        "/home/fekerr/src/irislime/llama.cpp/tests/test-sampling.cpp:67 (test_temp)",
./logs/tests/test_run_20260710_065449.json:11611:        "/home/fekerr/src/irislime/llama.cpp/tests/test-sampling.cpp:70 (test_temp)",
./logs/tests/test_run_20260710_065449.json:11617:        "/home/fekerr/src/irislime/llama.cpp/tests/test-sampling.cpp:78 (test_temp_ext)",
./logs/tests/test_run_20260710_065449.json:11623:        "/home/fekerr/src/irislime/llama.cpp/tests/test-sampling.cpp:81 (test_temp_ext)",
./logs/tests/test_run_20260710_065449.json:11629:        "/home/fekerr/src/irislime/llama.cpp/tests/test-sampling.cpp:78 (test_temp_ext)",
./logs/tests/test_run_20260710_065449.json:11635:        "/home/fekerr/src/irislime/llama.cpp/tests/test-sampling.cpp:81 (test_temp_ext)",
./logs/tests/test_run_20260710_065449.json:11641:        "/home/fekerr/src/irislime/llama.cpp/tests/test-sampling.cpp:89 (test_top_k)",
./logs/tests/test_run_20260710_065449.json:11647:        "/home/fekerr/src/irislime/llama.cpp/tests/test-sampling.cpp:92 (test_top_k)",
./logs/tests/test_run_20260710_065449.json:11650:        "/home/fekerr/src/irislime/llama.cpp/tests/test-sampling.cpp:89 (test_top_k)",
./logs/tests/test_run_20260710_065449.json:11656:        "/home/fekerr/src/irislime/llama.cpp/tests/test-sampling.cpp:92 (test_top_k)",
./logs/tests/test_run_20260710_065449.json:11661:        "/home/fekerr/src/irislime/llama.cpp/tests/test-sampling.cpp:89 (test_top_k)",
./logs/tests/test_run_20260710_065449.json:11667:        "/home/fekerr/src/irislime/llama.cpp/tests/test-sampling.cpp:92 (test_top_k)",
./logs/tests/test_run_20260710_065449.json:11673:        "/home/fekerr/src/irislime/llama.cpp/tests/test-sampling.cpp:89 (test_top_k)",
./logs/tests/test_run_20260710_065449.json:11679:        "/home/fekerr/src/irislime/llama.cpp/tests/test-sampling.cpp:92 (test_top_k)",
./logs/tests/test_run_20260710_065449.json:11685:        "/home/fekerr/src/irislime/llama.cpp/tests/test-sampling.cpp:100 (test_top_p)",
./logs/tests/test_run_20260710_065449.json:11691:        "/home/fekerr/src/irislime/llama.cpp/tests/test-sampling.cpp:103 (test_top_p)",
./logs/tests/test_run_20260710_065449.json:11694:        "/home/fekerr/src/irislime/llama.cpp/tests/test-sampling.cpp:100 (test_top_p)",
./logs/tests/test_run_20260710_065449.json:11700:        "/home/fekerr/src/irislime/llama.cpp/tests/test-sampling.cpp:103 (test_top_p)",
./logs/tests/test_run_20260710_065449.json:11704:        "/home/fekerr/src/irislime/llama.cpp/tests/test-sampling.cpp:100 (test_top_p)",
./logs/tests/test_run_20260710_065449.json:11710:        "/home/fekerr/src/irislime/llama.cpp/tests/test-sampling.cpp:103 (test_top_p)",
./logs/tests/test_run_20260710_065449.json:11715:        "/home/fekerr/src/irislime/llama.cpp/tests/test-sampling.cpp:100 (test_top_p)",
./logs/tests/test_run_20260710_065449.json:11721:        "/home/fekerr/src/irislime/llama.cpp/tests/test-sampling.cpp:103 (test_top_p)",
./logs/tests/test_run_20260710_065449.json:11727:        "/home/fekerr/src/irislime/llama.cpp/tests/test-sampling.cpp:111 (test_min_p)",
./logs/tests/test_run_20260710_065449.json:11733:        "/home/fekerr/src/irislime/llama.cpp/tests/test-sampling.cpp:114 (test_min_p)",
./logs/tests/test_run_20260710_065449.json:11739:        "/home/fekerr/src/irislime/llama.cpp/tests/test-sampling.cpp:111 (test_min_p)",
./logs/tests/test_run_20260710_065449.json:11745:        "/home/fekerr/src/irislime/llama.cpp/tests/test-sampling.cpp:114 (test_min_p)",
./logs/tests/test_run_20260710_065449.json:11751:        "/home/fekerr/src/irislime/llama.cpp/tests/test-sampling.cpp:111 (test_min_p)",
./logs/tests/test_run_20260710_065449.json:11757:        "/home/fekerr/src/irislime/llama.cpp/tests/test-sampling.cpp:114 (test_min_p)",
./logs/tests/test_run_20260710_065449.json:11762:        "/home/fekerr/src/irislime/llama.cpp/tests/test-sampling.cpp:111 (test_min_p)",
./logs/tests/test_run_20260710_065449.json:11768:        "/home/fekerr/src/irislime/llama.cpp/tests/test-sampling.cpp:114 (test_min_p)",
./logs/tests/test_run_20260710_065449.json:11773:        "/home/fekerr/src/irislime/llama.cpp/tests/test-sampling.cpp:111 (test_min_p)",
./logs/tests/test_run_20260710_065449.json:11779:        "/home/fekerr/src/irislime/llama.cpp/tests/test-sampling.cpp:114 (test_min_p)",
./logs/tests/test_run_20260710_065449.json:11783:        "/home/fekerr/src/irislime/llama.cpp/tests/test-sampling.cpp:111 (test_min_p)",
./logs/tests/test_run_20260710_065449.json:11789:        "/home/fekerr/src/irislime/llama.cpp/tests/test-sampling.cpp:114 (test_min_p)",
./logs/tests/test_run_20260710_065449.json:11793:        "/home/fekerr/src/irislime/llama.cpp/tests/test-sampling.cpp:111 (test_min_p)",
./logs/tests/test_run_20260710_065449.json:11799:        "/home/fekerr/src/irislime/llama.cpp/tests/test-sampling.cpp:114 (test_min_p)",
./logs/tests/test_run_20260710_065449.json:11802:        "/home/fekerr/src/irislime/llama.cpp/tests/test-sampling.cpp:111 (test_min_p)",
./logs/tests/test_run_20260710_065449.json:11808:        "/home/fekerr/src/irislime/llama.cpp/tests/test-sampling.cpp:114 (test_min_p)",
./logs/tests/test_run_20260710_065449.json:11811:        "/home/fekerr/src/irislime/llama.cpp/tests/test-sampling.cpp:111 (test_min_p)",
./logs/tests/test_run_20260710_065449.json:11817:        "/home/fekerr/src/irislime/llama.cpp/tests/test-sampling.cpp:114 (test_min_p)",
./logs/tests/test_run_20260710_065449.json:11821:        "/home/fekerr/src/irislime/llama.cpp/tests/test-sampling.cpp:122 (test_xtc)",
./logs/tests/test_run_20260710_065449.json:11827:        "/home/fekerr/src/irislime/llama.cpp/tests/test-sampling.cpp:124 (test_xtc)",
./logs/tests/test_run_20260710_065449.json:11830:        "/home/fekerr/src/irislime/llama.cpp/tests/test-sampling.cpp:122 (test_xtc)",
./logs/tests/test_run_20260710_065449.json:11836:        "/home/fekerr/src/irislime/llama.cpp/tests/test-sampling.cpp:124 (test_xtc)",
./logs/tests/test_run_20260710_065449.json:11840:        "/home/fekerr/src/irislime/llama.cpp/tests/test-sampling.cpp:122 (test_xtc)",
./logs/tests/test_run_20260710_065449.json:11846:        "/home/fekerr/src/irislime/llama.cpp/tests/test-sampling.cpp:124 (test_xtc)",
./logs/tests/test_run_20260710_065449.json:11852:        "/home/fekerr/src/irislime/llama.cpp/tests/test-sampling.cpp:122 (test_xtc)",
./logs/tests/test_run_20260710_065449.json:11858:        "/home/fekerr/src/irislime/llama.cpp/tests/test-sampling.cpp:124 (test_xtc)",
./logs/tests/test_run_20260710_065449.json:11864:        "/home/fekerr/src/irislime/llama.cpp/tests/test-sampling.cpp:132 (test_typical)",
./logs/tests/test_run_20260710_065449.json:11870:        "/home/fekerr/src/irislime/llama.cppempty DRY sequence breakers list in llama_sampler_init_dry_testing",
./logs/tests/test_run_20260710_065449.json:11876:        "/home/fekerr/src/irislime/llama.cpp/tests/test-sampling.cpp:132 (test_typical)",
./logs/tests/test_run_20260710_065449.json:11882:        "/home/fekerr/src/irislime/llama.cpp/tests/test-sampling.cpp:134 (test_typical)",
./logs/tests/test_run_20260710_065449.json:11887:        "/home/fekerr/src/irislime/llama.cpp/tests/test-sampling.cpp:153 (test_penalties)",
./logs/tests/test_run_20260710_065449.json:11894:        "/home/fekerr/src/irislime/llama.cpp/tests/test-sampling.cpp:156 (test_penalties)",
./logs/tests/test_run_20260710_065449.json:11901:        "/home/fekerr/src/irislime/llama.cpp/tests/test-sampling.cpp:153 (test_penalties)",
./logs/tests/test_run_20260710_065449.json:11908:        "/home/fekerr/src/irislime/llama.cpp/tests/test-sampling.cpp:156 (test_penalties)",
./logs/tests/test_run_20260710_065449.json:11915:        "/home/fekerr/src/irislime/llama.cpp/tests/test-sampling.cpp:153 (test_penalties)",
./logs/tests/test_run_20260710_065449.json:11922:        "/home/fekerr/src/irislime/llama.cpp/tests/test-sampling.cpp:156 (test_penalties)",
./logs/tests/test_run_20260710_065449.json:11929:        "/home/fekerr/src/irislime/llama.cpp/tests/test-sampling.cpp:153 (test_penalties)",
./logs/tests/test_run_20260710_065449.json:11936:        "/home/fekerr/src/irislime/llama.cpp/tests/test-sampling.cpp:156 (test_penalties)",
./logs/tests/test_run_20260710_065449.json:11943:        "/home/fekerr/src/irislime/llama.cpp/tests/test-sampling.cpp:153 (test_penalties)",
./logs/tests/test_run_20260710_065449.json:11950:        "/home/fekerr/src/irislime/llama.cpp/tests/test-sampling.cpp:156 (test_penalties)",
./logs/tests/test_run_20260710_065449.json:11957:        "/home/fekerr/src/irislime/llama.cpp/tests/test-sampling.cpp:153 (test_penalties)",
./logs/tests/test_run_20260710_065449.json:11964:        "/home/fekerr/src/irislime/llama.cpp/tests/test-sampling.cpp:156 (test_penalties)",
./logs/tests/test_run_20260710_065449.json:11971:        "/home/fekerr/src/irislime/llama.cpp/tests/test-sampling.cpp:177 (test_dry)",
./logs/tests/test_run_20260710_065449.json:11977:        "/home/fekerr/src/irislime/llama.cpp/tests/test-sampling.cpp:180 (test_dry)",
./logs/tests/test_run_20260710_065449.json:11983:        "/home/fekerr/src/irislime/llama.cpp/tests/test-sampling.cpp:177 (test_dry)",
./logs/tests/test_run_20260710_065449.json:11989:        "/home/fekerr/src/irislime/llama.cpp/tests/test-sampling.cpp:180 (test_dry)",
./logs/tests/test_run_20260710_065449.json:11995:        "/home/fekerr/src/irislime/llama.cpp/tests/test-sampling.cpp:177 (test_dry)",
./logs/tests/test_run_20260710_065449.json:12002:        "/home/fekerr/src/irislime/llama.cpp/tests/test-sampling.cpp:180 (test_dry)",
./logs/tests/test_run_20260710_065449.json:12009:        "/home/fekerr/src/irislime/llama.cpp/tests/test-sampling.cpp:177 (test_dry)",
./logs/tests/test_run_20260710_065449.json:12017:        "/home/fekerr/src/irislime/llama.cpp/tests/test-sampling.cpp:180 (test_dry)",
./logs/tests/test_run_20260710_065449.json:12024:        "/home/fekerr/src/irislime/llama.cpp/tests/test-sampling.cpp:177 (test_dry)",
./logs/tests/test_run_20260710_065449.json:12031:        "/home/fekerr/src/irislime/llama.cpp/tests/test-sampling.cpp:180 (test_dry)",
./logs/tests/test_run_20260710_065449.json:12038:        "/home/fekerr/src/irislime/llama.cpp/tests/test-sampling.cpp:187 (test_top_n_sigma)",
./logs/tests/test_run_20260710_065449.json:12044:        "/home/fekerr/src/irislime/llama.cpp/tests/test-sampling.cpp:190 (test_top_n_sigma)",
./logs/tests/test_run_20260710_065449.json:12050:        "/home/fekerr/src/irislime/llama.cpp/tests/test-sampling.cpp:187 (test_top_n_sigma)",
./logs/tests/test_run_20260710_065449.json:12056:        "/home/fekerr/src/irislime/llama.cpp/tests/test-sampling.cpp:190 (test_top_n_sigma)",
./logs/tests/test_run_20260710_065449.json:12062:        "/home/fekerr/src/irislime/llama.cpp/tests/test-sampling.cpp:187 (test_top_n_sigma)",
./logs/tests/test_run_20260710_065449.json:12068:        "/home/fekerr/src/irislime/llama.cpp/tests/test-sampling.cpp:190 (test_top_n_sigma)",
./logs/tests/test_run_20260710_065449.json:12146:        "Usage: /home/fekerr/src/irislime/build/vulkan_debug/bin/test-tokenizer-0 vocab-file [text-file]"
./logs/tests/test_run_20260710_065449.json:12156:        "Usage: /home/fekerr/src/irislime/build/vulkan_debug/bin/test-tokenizer-1-bpe <vocab-file> [--ignore-merges]"
./logs/tests/test_run_20260710_065449.json:12166:        "Usage: /home/fekerr/src/irislime/build/vulkan_debug/bin/test-tokenizer-1-spm <vocab-file>"

--- 4. Search: PROJECT_ROOT ---
./tools/openvino_healthcheck.sh:6:PROJECT_ROOT="$(cd "$(dirname "${BASH_SOURCE[0]}")/.." && pwd)"
./tools/openvino_healthcheck.sh:7:cd "$PROJECT_ROOT"
./tools/openvino_healthcheck.sh:16:LOG_DIR="$PROJECT_ROOT/logs/test"
./tools/openvino_healthcheck.sh:21:MODEL="${1:-$PROJECT_ROOT/models/tinyllama-1.1b-chat-v1.0.Q2_K.gguf}"
./tools/openvino_healthcheck.sh:26:BIN="$PROJECT_ROOT/build/openvino_release/bin/llama-cli"
./tools/run_llama_multi_capture.sh:6:PROJECT_ROOT="$(cd "$(dirname "${BASH_SOURCE[0]}")/.." && pwd)"
./tools/run_llama_multi_capture.sh:7:cd "$PROJECT_ROOT"
./tools/run_llama_multi_capture.sh:16:MODEL_PATH="${1:-$PROJECT_ROOT/models/tinyllama-1.1b-chat-v1.0.Q2_K.gguf}"
./tools/run_llama_multi_capture.sh:22:LOG_DIR="$PROJECT_ROOT/logs/test"
./tools/run_llama_multi_capture.sh:46:    local sycl_bin="$PROJECT_ROOT/build/sycl_release/bin/llama-cli"
./tools/run_llama_multi_capture.sh:65:        echo "| $name | EMPTY | N/A | ${case_log#$PROJECT_ROOT/} |" | tee -a "$SUMMARY_LOG"
./tools/run_llama_multi_capture.sh:99:    echo "| $name | $status | $rc | ${case_log#$PROJECT_ROOT/} |" | tee -a "$SUMMARY_LOG"
./tools/run_llama_multi_capture.sh:102:run_case "cpu_release_ngl0" "$PROJECT_ROOT/build/cpu_release/bin/llama-cli" --n-gpu-layers 0
./tools/run_llama_multi_capture.sh:103:run_case "cpu_debug_ngl0" "$PROJECT_ROOT/build/cpu_debug/bin/llama-cli" --n-gpu-layers 0
./tools/run_llama_multi_capture.sh:107:    run_case "sycl_release_${SYCL_DEVICE}" "$PROJECT_ROOT/build/sycl_release/bin/llama-cli" --n-gpu-layers 99 --device "$SYCL_DEVICE"
./tools/run_llama_multi_capture.sh:109:    run_case "sycl_release_auto" "$PROJECT_ROOT/build/sycl_release/bin/llama-cli" --n-gpu-layers 99
./tools/run_llama_multi_capture.sh:112:run_case "openvino_release" "$PROJECT_ROOT/build/openvino_release/bin/llama-cli" --n-gpu-layers 99
./tools/run_llama_multi_capture.sh:113:run_case "vulkan_release" "$PROJECT_ROOT/build/vulkan_release/bin/llama-cli" --n-gpu-layers 99
./tools/run_llama_multi_capture.sh:116:echo "summary_log: ${SUMMARY_LOG#$PROJECT_ROOT/}" | tee -a "$SUMMARY_LOG"
./tools/record.sh:17:PROJECT_ROOT="$(cd "$(dirname "${BASH_SOURCE[0]}")/.." && pwd)"
./tools/record.sh:18:LOG_FILE="$PROJECT_ROOT/docs/$(basename "${SCRIPT_PATH%.*}")_$(date +%Y%m%d_%H%M%S).log"
./tools/run_tiny_q2_cpu_safe.sh:6:PROJECT_ROOT="$(cd "$(dirname "${BASH_SOURCE[0]}")/.." && pwd)"
./tools/run_tiny_q2_cpu_safe.sh:7:cd "$PROJECT_ROOT"
./tools/run_tiny_q2_cpu_safe.sh:16:LOG_DIR="$PROJECT_ROOT/logs/test"
./tools/run_tiny_q2_cpu_safe.sh:21:CLI="$PROJECT_ROOT/build/cpu_release/bin/llama-cli"
./tools/run_tiny_q2_cpu_safe.sh:29:if ls "$PROJECT_ROOT"/models/tinyllama-1.1b-chat-v1.0.Q2_K.gguf >/dev/null 2>&1; then
./tools/run_tiny_q2_cpu_safe.sh:30:    MODEL="$PROJECT_ROOT/models/tinyllama-1.1b-chat-v1.0.Q2_K.gguf"
./tools/run_tiny_q2_cpu_safe.sh:32:    MODEL="$(find "$PROJECT_ROOT/models" -maxdepth 1 -type f -name '*.gguf' -printf '%s %p\n' | sort -n | head -1 | awk '{print $2}')"
./tools/run_tiny_q2_cpu_safe.sh:36:    echo "[!] No GGUF model found in $PROJECT_ROOT/models"
./tools/run_tiny_q2_cpu_safe.sh:77:echo "log_file: ${LOG_FILE#$PROJECT_ROOT/}" | tee -a "$LOG_FILE"
./tools/README.md:52:2. Utilize the project root variable: `PROJECT_ROOT="$(cd "$(dirname "${BASH_SOURCE[0]}")/.." && pwd)"`.
./tools/context_breakpoint.sh:7:PROJECT_ROOT="$( dirname "$SCRIPT_DIR" )"
./tools/context_breakpoint.sh:9:TARGET_DIR="$PROJECT_ROOT/docs/context"
./pr-36/pr-36-review.sh:9:PROJECT_ROOT="$(cd "${SCRIPT_DIR}/.." && pwd)"
./pr-36/pr-36-review.sh:12:PR_DIR="${PROJECT_ROOT}/pr-36"
./pr-36/pr-36-review.sh:33:# 4. Execute audit scans from PROJECT_ROOT
./pr-36/pr-36-review.sh:34:cd "${PROJECT_ROOT}"
./pr-36/pr-36-review.sh:40:    echo "Root Path: ${PROJECT_ROOT}"
./pr-36/pr-36-review.sh:52:    echo "--- 4. Search: PROJECT_ROOT ---"
./pr-36/pr-36-review.sh:53:    grep -rn "PROJECT_ROOT" . --exclude-dir=.git || true
./pr-36/clip.exe:19:grep -rn "PROJECT_ROOT" . --exclude-dir=.git >> ${LOGFILE}
./scratch/prototypes/run_test000.sh:5:PROJECT_ROOT="$(cd "$(dirname "${BASH_SOURCE[0]}")/.." && pwd)"
./scratch/prototypes/run_test000.sh:6:cd "$PROJECT_ROOT"
./scratch/prototypes/publish_audit.sh:5:PROJECT_ROOT="$(cd "$(dirname "${BASH_SOURCE[0]}")/.." && pwd)"
./scratch/prototypes/publish_audit.sh:6:AUDIT_LOG="$PROJECT_ROOT/scratch/remote_branches_audit.md"
./scratch/prototypes/publish_audit.sh:18:    cd "$PROJECT_ROOT"
./scratch/prototypes/run_test002.sh:5:PROJECT_ROOT="$(cd "$(dirname "${BASH_SOURCE[0]}")/.." && pwd)"
./scratch/prototypes/run_test002.sh:6:cd "$PROJECT_ROOT"
./scratch/prototypes/run_test.sh:6:PROJECT_ROOT="$(cd "$(dirname "${BASH_SOURCE[0]}")/.." && pwd)"
./scratch/prototypes/run_test.sh:7:cd "$PROJECT_ROOT"
./scratch/prototypes/gather_snapshot.sh:7:PROJECT_ROOT="$(cd "$(dirname "${BASH_SOURCE[0]}")/.." && pwd)"
./scratch/prototypes/gather_snapshot.sh:8:cd "$PROJECT_ROOT"
./scratch/prototypes/gather_snapshot.sh:11:SNAPSHOT_LOG="$PROJECT_ROOT/logs/test/pre_merge_snapshot_${TS}.md"
./scratch/prototypes/gather_snapshot.sh:39:        cd "$PROJECT_ROOT"
./scratch/prototypes/forensic_time.sh:5:PROJECT_ROOT="$(cd "$(dirname "${BASH_SOURCE[0]}")/.." && pwd)"
./scratch/prototypes/forensic_time.sh:6:BIN="$PROJECT_ROOT/build/bin/llama-cli"
./scratch/prototypes/forensic_time.sh:7:CACHE_ANCHOR="$PROJECT_ROOT/build/CMakeCache.txt"
./scratch/prototypes/forensic_time.sh:8:LEDGER="$PROJECT_ROOT/scratch/build_perf_ledger.md"
./scratch/prototypes/forensic_time.sh:17:LOG_FILE=$(ls -t "${PROJECT_ROOT}"/build_*.log 2>/dev/null | head -n 1)
./scratch/prototypes/forensic_time.sh:40:BUILD_SIZE=$(du -sh "$PROJECT_ROOT/build" | awk '{print $1}')
./scratch/prototypes/publish_workspace.sh:5:PROJECT_ROOT="$(cd "$(dirname "${BASH_SOURCE[0]}")/.." && pwd)"
./scratch/prototypes/publish_workspace.sh:6:cd "$PROJECT_ROOT"
./scratch/prototypes/run_test003.sh:5:PROJECT_ROOT="$(cd "$(dirname "${BASH_SOURCE[0]}")/.." && pwd)"
./scratch/prototypes/run_test003.sh:6:cd "$PROJECT_ROOT"
./scratch/prototypes/run_test003.sh:63:    echo "Current Working Path: $PROJECT_ROOT"
./scratch/prototypes/run_test003.sh:96:        cd "$PROJECT_ROOT"
./scratch/prototypes/run_test003.sh:123:    local RESULT_ROW="| $TIMESTAMP | $MACHINE_STATS | COMPLETED | ${CONSOLE_LOG#$PROJECT_ROOT/} |"
./.github/agents/senior-systems-validator.agent.md:44:~/src/irislime1/              ← PROJECT_ROOT
./.github/agents/senior-systems-validator.agent.md:73:# From PROJECT_ROOT — idempotency-safe
./.github/instructions/smoke-test-conventions.instructions.md:30:Resolve `MODEL_PATH` relative to `PROJECT_ROOT` (the parent of the `tools/` directory).
./.github/instructions/smoke-test-conventions.instructions.md:31:Never hardcode absolute paths. Use `os.path.join(PROJECT_ROOT, "models", MODEL_FILENAME)`.

=================================================================
End of Audit Log
=================================================================
